-- phpMyAdmin SQL Dump
-- version 4.6.6deb5
-- https://www.phpmyadmin.net/
--
-- Client :  localhost:3306
-- Généré le :  Lun 02 Avril 2018 à 20:21
-- Version du serveur :  5.7.21-0ubuntu0.17.10.1
-- Version de PHP :  7.1.15-0ubuntu0.17.10.1

SET SQL_MODE = "NO_AUTO_VALUE_ON_ZERO";
SET time_zone = "+00:00";


/*!40101 SET @OLD_CHARACTER_SET_CLIENT=@@CHARACTER_SET_CLIENT */;
/*!40101 SET @OLD_CHARACTER_SET_RESULTS=@@CHARACTER_SET_RESULTS */;
/*!40101 SET @OLD_COLLATION_CONNECTION=@@COLLATION_CONNECTION */;
/*!40101 SET NAMES utf8mb4 */;

--
-- Base de données :  `palr`
--

-- --------------------------------------------------------

--
-- Structure de la table `batiment`
--

CREATE TABLE `batiment` (
  `id` int(11) NOT NULL,
  `nomBat` varchar(255) COLLATE utf8_unicode_ci NOT NULL,
  `codeBat` varchar(255) COLLATE utf8_unicode_ci NOT NULL,
  `adresse` varchar(255) COLLATE utf8_unicode_ci DEFAULT NULL
) ENGINE=InnoDB DEFAULT CHARSET=utf8 COLLATE=utf8_unicode_ci;

--
-- Contenu de la table `batiment`
--

INSERT INTO `batiment` (`id`, `nomBat`, `codeBat`, `adresse`) VALUES
(1, 'Equipement Sûreté', 'SUR', NULL),
(2, 'Logement', '3 - Logement 7 ch. C. N', ''),
(3, 'Logement', '4 - Logement 9 ch C. N', NULL),
(4, 'Logement', '5 - Logement 17 ch C. N', NULL),
(5, 'Logement', '7 - Logement 202 Bd. D.', NULL),
(6, 'Logement', '8 - Logement 204 Bd. D.', NULL),
(7, 'Logement ', '10 - Logement 208 Bd. D.', NULL),
(8, 'Logement- marins', '11 - Logement 210 Bd. D.', NULL),
(9, 'Ex DAF', '18 - ex DAF', NULL),
(11, 'Poste Centrale de Sûreté ', '19 - PCS JEUMONT', NULL),
(12, 'Ex Capitainerie-SGS', '20 - ex Capitainerie', NULL),
(13, 'Camaret', '21 - Camaret', NULL),
(14, 'ISDI', '22 - ISDI', NULL),
(15, 'Bungalow Sûreté', '23 - Bungalow sûreté', NULL),
(16, 'Salle des Pompes PRCN', '25-26 - PRCN-Salle des Pompes', NULL),
(18, 'Tour de l\'Ecluse', '28 - Tour de l\'Ecluse', NULL),
(19, 'Maison du Perthuis', '30 - Maison du Perthuis', NULL),
(20, 'Poids Public', '36 - Poids public', NULL),
(21, 'Appontement pétrolier', '52-53 - Appontement pétrolier', NULL),
(24, 'Hangar M2', '69 - M2', NULL),
(25, 'Ex 519ème RT', '91 - ex 519 RT', NULL),
(30, 'Gare croisière Sorata', '92 - Gare Croisière', NULL),
(31, 'Base sous-marine', '93 - BSM', NULL),
(32, 'Poste P Vaugouin', '94 - Poste P Vaugoin', NULL),
(33, 'Blockhaus transformateur', '95 - Blockhaus transfo', NULL),
(34, 'Blockhaus archives', '96-Blockhaus archives', NULL),
(35, 'Sas couvert', '97- Sas Couvert', NULL),
(36, 'Maison du Port', '100 - Maison du Port', NULL),
(37, 'Ex AAGN', '40 - Ex AAGN', NULL),
(38, 'Ex IMECA', '46 - Ex IMECA', NULL);

-- --------------------------------------------------------

--
-- Structure de la table `batiment_service_palr`
--

CREATE TABLE `batiment_service_palr` (
  `batiment_id` int(11) NOT NULL,
  `service_palr_id` int(11) NOT NULL
) ENGINE=InnoDB DEFAULT CHARSET=utf8 COLLATE=utf8_unicode_ci;

--
-- Contenu de la table `batiment_service_palr`
--

INSERT INTO `batiment_service_palr` (`batiment_id`, `service_palr_id`) VALUES
(1, 15),
(2, 1),
(3, 1),
(4, 1),
(5, 1),
(6, 1),
(7, 1),
(8, 1),
(9, 1),
(11, 1),
(11, 15),
(12, 1),
(13, 1),
(13, 17),
(13, 18),
(13, 19),
(14, 1),
(16, 1),
(16, 17),
(16, 18),
(16, 19),
(18, 1),
(18, 17),
(19, 1),
(19, 17),
(20, 1),
(21, 1),
(21, 17),
(21, 19),
(25, 1),
(30, 1),
(30, 15),
(31, 1),
(32, 1),
(32, 15),
(33, 1),
(34, 1),
(34, 8),
(34, 9),
(34, 11),
(34, 14),
(35, 1),
(36, 1),
(36, 2),
(36, 3),
(36, 4),
(36, 5),
(36, 6),
(36, 7),
(36, 8),
(36, 9),
(36, 10),
(36, 11),
(36, 12),
(36, 13),
(36, 14),
(36, 15),
(36, 16);

-- --------------------------------------------------------

--
-- Structure de la table `equipement`
--

CREATE TABLE `equipement` (
  `id` int(11) NOT NULL,
  `batiment_id` int(11) DEFAULT NULL,
  `outil_fermeture_id` int(11) DEFAULT NULL,
  `nomEquipement` varchar(255) COLLATE utf8_unicode_ci NOT NULL,
  `localisation_id` int(11) DEFAULT NULL
) ENGINE=InnoDB DEFAULT CHARSET=utf8 COLLATE=utf8_unicode_ci;

--
-- Contenu de la table `equipement`
--

INSERT INTO `equipement` (`id`, `batiment_id`, `outil_fermeture_id`, `nomEquipement`, `localisation_id`) VALUES
(1, 36, 377, 'AE001A', 1),
(2, 36, 378, 'AE001B', 1),
(3, 36, 379, 'AE002A', 1),
(4, 36, 380, 'AE002B', 1),
(5, 36, 381, 'AE003', 5),
(6, 36, 384, 'AE004', 6),
(7, 36, 4, 'AE005', 7),
(8, 36, 386, 'EDF', 8),
(9, 36, 382, 'AI0A', 9),
(10, 36, 394, 'AI0B', 10),
(11, 36, 405, 'ASC0A', 11),
(12, 36, 406, 'ASC0B', 12),
(13, 36, 5, 'SSI', 13),
(14, 36, 6, '001', 14),
(15, 36, 383, 'AI01', 15),
(16, 36, 395, 'AI02', 16),
(17, 36, 616, 'AI03', 17),
(18, 36, 396, 'AI0B', 10),
(19, 36, 7, '002', 19),
(20, 36, 7, '002A', 19),
(21, 36, 9, '003', 21),
(22, 36, 286, 'PLA003A', 22),
(23, 36, 287, 'PLA003B', 23),
(24, 36, 10, '004', 24),
(25, 36, 11, '005', 25),
(26, 36, 12, '006', 26),
(27, 36, 12, '007', 27),
(28, 36, 583, '007A', 28),
(29, 36, 584, '007B', 29),
(30, 36, 585, '007C', 30),
(31, 36, 12, '008', 31),
(32, 36, 586, '008A', 28),
(33, 36, 587, '008B', 29),
(34, 36, 15, '009', 34),
(35, 36, 16, '010', 35),
(36, 36, 17, '011', 36),
(37, 36, 18, '012', 37),
(38, 36, 19, '013', 38),
(39, 36, 20, '014', 39),
(40, 36, 21, '015', 19),
(41, 36, 22, '016', 41),
(42, 36, 23, '017', 42),
(43, 36, 24, '018', 43),
(44, 36, 588, '018A', 44),
(45, 36, 24, '019', 45),
(46, 36, 589, '019A', 46),
(47, 36, 26, '020', 47),
(48, 36, 590, '020A', 48),
(49, 36, 26, '021', 49),
(50, 36, 591, '021', 50),
(51, 36, 28, '022', 51),
(52, 36, 515, '023', 52),
(53, 36, 29, '024', 53),
(54, 36, 29, '025', 54),
(55, 36, 31, '026', 55),
(56, 36, 29, 'TGBT001', 56),
(57, 36, 4, 'AE027', 57),
(58, 36, 34, '027C', 58),
(59, 36, 35, '027B', 59),
(60, 36, 36, '027A', 60),
(61, 36, 37, '027D', 61),
(62, 36, 38, 'AE028', 62),
(63, 36, 40, 'AE029', 63),
(64, 36, 40, 'AE030', 64),
(65, 36, 397, 'AI1A', 9),
(66, 36, 398, 'AI1B', 10),
(67, 36, 407, 'ASC1B', 67),
(68, 36, 289, 'AE101', 68),
(69, 36, 41, 'AE102', 69),
(70, 36, 387, 'AE103', 70),
(71, 36, 388, 'AE104', 71),
(72, 36, 389, 'TGBT101', 72),
(73, 36, 42, '101', 73),
(74, 36, 43, '102', 74),
(75, 36, 44, '103', 75),
(76, 36, 45, '104', 76),
(77, 36, 46, '105', 34),
(78, 36, 47, '106', 78),
(79, 36, 48, '107', 79),
(80, 36, 49, '108', 80),
(81, 36, 50, '109', 81),
(82, 36, 51, '110', 82),
(83, 36, 52, '111', 83),
(84, 36, 53, '112', 84),
(85, 36, 54, '113', 85),
(86, 36, 55, '114', 86),
(87, 36, 56, '115', 87),
(88, 36, 56, 'PLA115', 88),
(89, 36, 57, '116', 89),
(90, 36, 58, '117', 90),
(91, 36, 59, '118', 91),
(92, 36, 60, '119', 92),
(93, 36, 61, '120', 93),
(94, 36, 62, '121', 94),
(95, 36, 62, '121A', 95),
(96, 36, 64, '122', 80),
(97, 36, 65, '123', 79),
(98, 36, 66, '124', 98),
(99, 36, 67, '125', 99),
(100, 36, 68, '126', 19),
(101, 36, 68, '126A', 19),
(102, 36, 70, '127', 47),
(103, 36, 592, '127A', 48),
(104, 36, 70, '128', 49),
(105, 36, 593, '128A', 50),
(106, 36, 72, '129', 106),
(107, 36, 73, '129A', 106),
(108, 36, 180, 'AE130', 108),
(109, 36, 226, 'AE131', 109),
(110, 36, 51, 'PLA132', 110),
(111, 36, 51, 'PLA133', 110),
(112, 36, 292, 'PLA134', 110),
(113, 36, 293, 'PLA135', 110),
(114, 36, 294, 'AE201', 114),
(115, 36, 231, 'AE202', 70),
(116, 36, 617, 'AE203', 116),
(117, 36, 295, 'AE204', 117),
(118, 36, 296, 'AE205', 118),
(119, 36, 618, 'AE206', 119),
(120, 36, 232, 'AE207', 120),
(121, 36, 297, 'AE208', 121),
(122, 36, 594, 'AI2A', 9),
(123, 36, 595, 'AI2B', 10),
(124, 36, 408, 'ASC2A', 124),
(125, 36, 409, 'ASC2B', 125),
(126, 36, 390, 'TGBT201', 72),
(127, 36, 74, '201', 127),
(128, 36, 74, 'PLA201', 128),
(129, 36, 75, '202', 129),
(130, 36, 76, '203', 38),
(131, 36, 77, '204', 131),
(132, 36, 78, '205', 132),
(133, 36, 79, '206', 133),
(134, 36, 80, '207', 134),
(135, 36, 81, '208', 135),
(136, 36, 81, '208A', 136),
(137, 36, 83, '209', 137),
(138, 36, 84, '210', 138),
(139, 36, 85, '211', 139),
(140, 36, 86, '212', 140),
(141, 36, 87, '213', 141),
(142, 36, 88, '214', 51),
(143, 36, 89, '215', 47),
(144, 36, 596, '215A', 48),
(145, 36, 89, '216', 49),
(146, 36, 597, '216A', 50),
(147, 36, 35, '217', 106),
(148, 36, 73, '217A', 106),
(149, 36, 299, 'PLA218', 150),
(150, 36, 299, 'PLA219', 150),
(151, 36, 220, 'PLA220', 150),
(152, 36, 220, 'PLA221', 150),
(153, 36, 93, 'AE301', 153),
(154, 36, 391, 'AE302', 70),
(155, 36, 392, 'AE303', 71),
(156, 36, 399, 'AE304', 156),
(157, 36, 400, 'AI3A', 9),
(158, 36, 401, 'AI3B', 10),
(159, 36, 410, 'ASC3B', 159),
(160, 36, 393, 'TGBT301', 72),
(161, 36, 94, '301', 161),
(162, 36, 95, '302', 162),
(163, 36, 96, '303', 163),
(164, 36, 97, '304', 164),
(165, 36, 98, '305', 165),
(166, 36, 24, '306', 166),
(167, 36, 100, '307', 167),
(168, 36, 101, '308', 168),
(169, 36, 102, '309', 38),
(170, 36, 103, '310', 19),
(171, 36, 104, '311', 171),
(172, 36, 104, 'AE311', 172),
(173, 36, 106, '312', 173),
(174, 36, 106, 'AE312', 172),
(175, 36, 385, '313', 175),
(176, 36, 107, 'AE313', 172),
(177, 36, 108, '314', 177),
(178, 36, 402, '314A', 178),
(179, 36, 108, 'AE314', 179),
(180, 36, 108, 'AE314A', 120),
(181, 36, 110, '315', 181),
(182, 36, 110, '315A', 182),
(183, 36, 112, '316', 183),
(184, 36, 112, '316A', 184),
(185, 36, 114, '316B', 185),
(186, 36, 114, '316C', 186),
(187, 36, 116, '316D', 187),
(188, 36, 117, '316E', 188),
(189, 36, 117, '316F', 189),
(190, 36, 119, '316G', 190),
(191, 36, 2, '317', 191),
(192, 36, 2, '317A', 192),
(193, 36, 2, '317B', 193),
(194, 36, 376, '318', 194),
(195, 36, 120, '319', 195),
(196, 36, 121, '320', 196),
(197, 36, 122, '321', 197),
(198, 36, 598, '321A', 198),
(199, 36, 123, '322', 47),
(200, 36, 600, '322A', 48),
(201, 36, 123, '323', 49),
(202, 36, 601, '323A', 50),
(203, 36, 125, '324', 106),
(204, 36, 73, '324A', 106),
(205, 36, 127, 'LS DAF', 205),
(206, 36, 128, 'LS RH', 206),
(207, 36, 129, 'LS SAP', 207),
(208, 36, 130, 'LAS COMPTA', 208),
(209, 36, 131, 'LS AC', 209),
(210, 36, 132, 'LAS INFO', 210),
(211, 36, 133, 'LS CTRL GEST', 211),
(212, 36, 134, 'LS DG', 212),
(213, 36, 135, 'LS SI', 213),
(214, 36, 220, 'LS COM', 214),
(215, 36, 11, 'LS MDD', 215),
(216, 36, 76, 'LS MSDA', 216),
(217, 36, 139, 'LS DOL', 217),
(218, 36, 140, 'LS DRC', 218),
(219, 36, 141, 'LS SUR', 219),
(220, 36, 142, 'LS CAP', 220),
(221, 36, 143, 'S024', 221),
(222, 36, 621, 'S045', 222),
(223, 1, 542, '19 - Portail exceptionnel Repentie', 224),
(224, 1, 143, '20 - Portail M2', 225),
(225, 1, 543, '20 - Portail M2', 225),
(226, 1, 623, '22 - Portail SNCF', 227),
(227, 1, 544, '22 - Portail SNCF', 227),
(228, 1, 624, '25 - Portail Fief des Chênes', 229),
(229, 1, 545, '25 - Portail Fief des Chênes', 229),
(230, 1, 625, '35 - Portail Montcalm', 231),
(231, 1, 546, '35 - Portail Montcalm', 231),
(232, 1, 411, 'S006', 233),
(233, 1, 144, 'S022', 234),
(234, 1, 412, 'S022', 234),
(235, 1, 547, '50 - Portail SNCF Môle', 236),
(236, 1, 626, '51 - Portail Parking Emile DELMAS', 237),
(237, 1, 547, '51 - Portail Parking Emile DELMAS', 237),
(238, 1, 626, '51 - Portillon Emile DELMAS (SUR095?)', 240),
(239, 1, 547, '51 - Portillon Emile DELMAS', 240),
(240, 1, 145, 'S002', 241),
(241, 1, 413, 'S002', 241),
(242, 1, 628, 'Portail Robert Val', 243),
(243, 1, 630, 'Portail RFP Ile au soleil', 244),
(244, 1, 630, 'Portillon RFP accès talus sur VF', 245),
(245, 1, 631, 'Portillon enclos PublicitaireN237', 246),
(246, 1, 630, 'Portillon RFP Vaugoin', 247),
(247, 1, 630, 'Portillon RFP rue des 4 forges', 248),
(248, 1, 630, 'Portilon RFP avenue Guiton', 249),
(249, 1, 554, 'Cadenas Spare 1', 250),
(250, 1, 555, 'Cadenas Spare 2', 251),
(251, 1, 556, 'Cadenas Spare 3', 252),
(252, 1, 557, 'Cadenas Spare 4', 253),
(253, 1, 558, 'Cadenas Spare 5', 254),
(254, 1, 559, 'Cadenas Spare 6', 255),
(255, 1, 560, 'Cadenas Spare 7', 256),
(256, 1, 561, 'Cadenas Spare 8', 257),
(257, 1, 562, 'Cadenas Spare 9', 258),
(258, 2, 146, '003-001', 259),
(259, 3, 147, '004-001', 260),
(260, 4, 147, '005-001', 261),
(261, 4, NULL, '005-002', 262),
(262, 5, 147, '007-001', 263),
(263, 5, 150, '007-002', 264),
(264, 6, 147, '008-001', 265),
(265, 6, 151, '008-002', 266),
(266, 6, 151, '008-003', 267),
(267, 7, 147, '010-001', 268),
(268, 7, 152, '010-002', 269),
(269, 8, 153, '011-001', 270),
(270, 8, 153, '011-002', 271),
(271, 8, 153, '011-003', 272),
(272, 9, 305, 'F002', 273),
(273, 11, 321, '019-001', 274),
(274, 11, 321, '019-002', 275),
(275, 11, 321, '019-003', 276),
(276, 11, 563, '019-004', 277),
(277, 11, 73, '019-005', 278),
(278, 11, 564, '019-006', 279),
(279, 11, 565, '019-007', 280),
(280, 11, 161, '019-008', 281),
(281, 11, 321, '019-009', 282),
(282, 11, 566, '019-010', 283),
(283, 11, 567, '019-011', 284),
(284, 11, NULL, '019-012', 285),
(285, 11, 600, '019-013', 286),
(286, 11, 601, '019-014', 287),
(287, 11, 602, '019-015', 288),
(288, 11, 603, '019-016', 289),
(289, 11, 568, '019-017', 290),
(290, 11, NULL, '019-018', 291),
(291, 11, 155, '019-019', 292),
(292, 11, 73, '019-020', 293),
(293, 11, 73, '019-021', 294),
(294, 11, 73, '019-022', 295),
(295, 11, 159, '019-023', 296),
(296, 11, 159, '019-024', 297),
(297, 11, 569, '019-025', 298),
(298, 11, 161, '019-026', 299),
(299, 11, 162, '019-027', 300),
(300, 11, 162, '019-028', 301),
(301, 11, 164, '019-101', 302),
(302, 11, 570, '019-102', 303),
(303, 11, 571, '019-103', 304),
(304, 11, 572, '019-104', 305),
(305, 12, 165, '020-001', 306),
(306, 12, 165, '020-002', 307),
(307, 12, 165, '020-003', 308),
(308, 12, 165, '020-004', 309),
(309, 12, 165, '020-005', 310),
(310, 12, 170, '020-006', 311),
(311, 12, 440, '020-007', 312),
(312, 12, 170, '020-008', 313),
(313, 12, 165, '020-009', 314),
(314, 12, 165, '020-010', 315),
(315, 12, 165, '020-011', 316),
(316, 12, 165, '020-012', 317),
(317, 12, 165, '020-013', 318),
(318, 13, NULL, 'E0P1', 319),
(319, 13, 183, 'E001', 320),
(320, 13, 183, 'E002', 321),
(321, 13, 178, 'E003', 322),
(322, 13, 179, 'E004', 323),
(323, 13, 179, 'E005', 324),
(324, 13, NULL, 'E006', 323),
(325, 13, 179, 'E007', 326),
(326, 13, 179, 'E008', 324),
(327, 13, 179, 'E009', 328),
(328, 13, 573, 'E010', 329),
(329, 13, 239, 'E011', 321),
(330, 13, 179, 'E012', 324),
(331, 13, 180, 'E013', 332),
(332, 13, 180, 'E014', 332),
(333, 13, 182, 'E015', 334),
(334, 13, 182, 'E016', 334),
(335, 13, 183, 'E017', 336),
(336, 13, 241, 'E018', 337),
(337, 13, 182, 'E019', 338),
(338, 13, 182, 'E020', 334),
(339, 13, 574, 'E021', 340),
(340, 13, 185, 'E022', 341),
(341, 13, 185, 'E023', 341),
(342, 13, 186, 'E024', 343),
(343, 13, 187, 'E025', 344),
(344, 13, 188, 'E026', 345),
(345, 13, 189, 'E027', 346),
(346, 13, 190, 'E028', 347),
(347, 13, 190, 'E028 bis', 348),
(348, 13, 191, 'E029', 349),
(349, 13, 192, 'E030', 350),
(350, 13, 193, 'E031', 351),
(351, 13, 235, 'E101', 352),
(352, 13, 244, 'E102', 353),
(353, 13, 245, 'E103', 354),
(354, 13, 246, 'E104', 355),
(355, 13, 247, 'E105', 356),
(356, 13, 248, 'E106', 357),
(357, 13, 249, 'E107', 358),
(358, 13, 250, 'E108', 359),
(359, 13, 251, 'E109', 360),
(360, 13, 251, 'E110', 360),
(361, 13, 253, 'E111', 362),
(362, 13, 254, 'E112', 363),
(363, 13, 575, 'E113', 364),
(364, 13, 194, 'E201', 365),
(365, 13, 194, 'E202', 365),
(366, 13, 196, 'Titi Point', 367),
(367, 13, 415, 'Bathus', 368),
(368, 13, 416, 'Ville en bois', NULL),
(369, 13, 355, 'Vestiaire drague', 370),
(370, 13, 197, 'Cap d\'Aunis', 371),
(371, 13, 197, 'Cap d\'Aunis', 372),
(372, 13, 197, 'Cap d\'Aunis', 373),
(373, 13, 197, 'Cap d\'Aunis', 374),
(374, 13, 197, 'Cap d\'Aunis', 375),
(375, 13, 197, 'Cap d\'Aunis', 376),
(376, 13, 420, 'Poste HT/BT', 377),
(377, 13, 420, 'Poste HT/BT', 378),
(378, 13, 420, 'Poste HT/BT', 379),
(379, 13, 420, 'Poste HT/BT', 380),
(380, 13, 420, 'Poste HT/BT', 381),
(381, 13, NULL, 'Poste HT/BT', 382),
(382, 13, 420, 'Poste HT/BT', 383),
(383, 13, NULL, 'Poste HT/BT', 384),
(384, 13, 423, 'Eclairage public', 385),
(385, 13, 423, 'Eclairage public', 386),
(386, 13, 423, 'Eclairage public', 387),
(387, 13, 423, 'Eclairage public', 388),
(388, 13, 423, 'Eclairage public', 389),
(389, 13, 423, 'Eclairage public', 390),
(390, 13, 423, 'Eclairage public', 391),
(391, 13, 423, 'Eclairage public', 392),
(392, 13, 423, 'Eclairage public', 393),
(393, 13, 432, 'Mat de signaux', 394),
(394, 13, 433, 'SPARE', 395),
(395, 13, 433, 'SPARE', 396),
(396, 13, 433, 'SPARE', 397),
(397, 13, 433, 'SPARE', 398),
(398, 13, 433, 'SPARE', 399),
(399, 13, 438, 'Passage à niveau', 400),
(400, 13, 438, 'Passage à niveau', 401),
(401, 13, 438, 'Passage à niveau', 402),
(402, 13, 438, 'Passage à niveau', 403),
(403, 13, 438, 'Passage à niveau', 404),
(404, 13, 438, 'Passage à niveau', 405),
(405, 13, 438, 'Passage à niveau', 406),
(406, 13, 438, 'Passage à niveau', 407),
(407, 13, 438, 'Passage à niveau', 408),
(408, 13, 438, 'Passage à niveau', 409),
(409, 13, 438, 'Passage à niveau', 410),
(410, 13, 438, 'Passage à niveau', 411),
(411, 13, 438, 'Passage à niveau', 412),
(412, 13, 438, 'Passage à niveau', 413),
(413, 13, 438, 'Passage à niveau', 414),
(414, 13, 438, 'Passage à niveau', 415),
(415, 13, 438, 'Passage à niveau', 416),
(416, 13, 438, 'Passage à niveau', 417),
(417, 13, 438, 'Passage à niveau', 418),
(418, 13, 438, 'Passage à niveau', 419),
(419, 13, 438, 'Passage à niveau', 420),
(420, 13, 438, 'Passage à niveau', 421),
(421, 13, 438, 'Passage à niveau', 422),
(422, 13, 438, 'Passage à niveau', 423),
(423, 13, 438, 'Passage à niveau', 424),
(424, 13, 438, 'Passage à niveau', 425),
(425, 13, 438, 'Passage à niveau', 426),
(426, 13, 438, 'Passage à niveau', 427),
(427, 13, 438, 'Passage à niveau', 428),
(428, 13, 438, 'Passage à niveau', 429),
(429, 13, 438, 'Passage à niveau', 430),
(430, 13, 438, 'Passage à niveau', 431),
(431, 13, 438, 'Passage à niveau', 432),
(432, 14, 306, '022-001', 433),
(433, 14, 306, '022-002', 434),
(434, 14, 255, '022-003', 435),
(435, 14, NULL, '022-004', 436),
(436, 14, 255, '022-005', 437),
(437, 14, NULL, '022-006', 438),
(438, 14, NULL, '022-007', 436),
(439, 14, 110, '022-008', 440),
(440, 14, 258, '022-009', 441),
(441, 14, 255, '022-010', 442),
(442, 14, 255, '022-011', 443),
(443, 14, 306, '022-012', 444),
(444, 15, 576, '023-001', 445),
(445, 16, 309, '026-001', 446),
(446, 16, 325, '026-002', 447),
(447, 16, 325, '026-003', 447),
(448, 16, 577, '026-004', 449),
(449, 16, 471, '026-005', 450),
(450, 16, NULL, '026-006', 451),
(451, 16, 578, '026-007', 452),
(452, 16, 338, '026-008', 453),
(453, 16, 420, '026-009', 454),
(454, 16, 471, '026-010', 455),
(455, 16, 261, '026-011', 456),
(456, 16, 325, '026-012', 457),
(457, 16, 325, '026-013', 458),
(458, 16, 325, '026-014', 459),
(459, 16, 606, '026-015', 460),
(460, 16, 607, '026-016', 461),
(461, 16, 325, '026-017', 462),
(462, 16, 608, '026-018', 463),
(463, 16, 609, '026-019', 464),
(464, 16, 610, '026-020', 465),
(465, 16, 309, '026-021', 466),
(466, 16, 267, '026-022', 467),
(467, 16, 420, '026-023', 468),
(468, 16, 611, '026-024', 469),
(469, 16, NULL, '026-025', 470),
(470, 16, 309, '026-026', 471),
(471, 16, 579, '026-027', 472),
(472, 16, 491, '026-0P1', 473),
(473, 16, 491, '026-028', 474),
(474, 16, 491, '026-0P2', 475),
(475, 16, 202, '026-0P3', 476),
(476, 16, 473, '026-029', 477),
(477, 16, 473, '026-030', 478),
(478, 16, 473, '026-031', 479),
(479, 16, 473, '026-032', 480),
(480, 16, 473, '026-033', 481),
(481, 16, 473, '026-034', 482),
(482, 16, 473, '026-035', 483),
(483, 16, 473, '026-036', 484),
(484, 16, 473, '026-037', 485),
(485, 16, 481, '026-038', 486),
(486, 16, 481, '026-039', 487),
(487, 16, 481, '026-040', 488),
(488, 16, 481, '026-041', 489),
(489, 16, 481, '026-042', 490),
(490, 16, 481, '026-043', 491),
(491, 16, 481, '026-044', 492),
(492, 16, 481, '026-045', 493),
(493, 16, 481, '026-046', 494),
(494, 16, 481, '026-047', 495),
(495, 16, 491, '026-048', 496),
(496, 16, 491, '026-049', 497),
(497, 16, 491, '026-050', 498),
(498, 16, 491, '026-051', 499),
(499, 16, 491, '026-052', 500),
(500, 16, 491, '026-053', 501),
(501, 16, 491, '026-054', 502),
(502, 16, 491, '026-055', 503),
(503, 16, 491, '026-056', 504),
(504, 16, 491, '026-057', 505),
(505, 16, 491, '026-058', 506),
(506, 16, 491, '026-059', 507),
(507, 16, 491, '026-060', 508),
(508, 16, 491, '026-061', 509),
(509, 16, 491, '026-062', 510),
(510, 16, 491, '026-063', 511),
(511, 16, 491, '026-064', 512),
(512, 16, 491, '026-065', 513),
(513, 16, 509, '026-066', 514),
(514, 16, 510, '026-067', 515),
(515, 16, 511, '026-068', 516),
(516, 16, 512, '026-069', 517),
(517, 16, 513, '026-070', 518),
(518, 16, 514, '026-071', 519),
(519, 16, 514, '026-072', 520),
(520, 16, 514, '026-073', 521),
(521, 16, 514, '026-074', 522),
(522, 16, 514, '026-075', 523),
(523, 16, 519, '026-076', 524),
(524, 16, 519, '026-077', 525),
(525, 16, 519, '026-078', 526),
(526, 16, 522, '026-079', 527),
(527, 16, 522, '026-080', 528),
(528, 16, 522, '026-081', 529),
(529, 16, 310, '026-082', 530),
(530, 16, 310, '026-083', 531),
(531, 16, 310, '026-084', 532),
(532, 16, 310, '026-085', 533),
(533, 16, 310, '026-086', 534),
(534, 16, 310, '026-087', 535),
(535, 18, 440, '028-001', 536),
(536, 18, NULL, '028-002', 537),
(537, 18, 204, '028-003', 538),
(538, 18, 165, '028-004', 539),
(539, 18, 612, '028-005', 540),
(540, 18, NULL, '028-101', 541),
(541, 18, 165, '028-102', 542),
(542, 18, 613, '028-103', 543),
(543, 18, 330, '028-006', 544),
(544, 18, 330, '028-007', 545),
(545, 18, 330, '028-008', 546),
(546, 18, 330, '028-009', 547),
(547, 18, 330, '028-010', 548),
(548, 18, 330, '028-011', 549),
(549, 19, 530, '030-001', 550),
(550, 19, 530, '030-002', 551),
(551, 19, 530, '030-003', 552),
(552, 19, 530, '030-004', 553),
(553, 19, 269, '030-101', 554),
(554, 19, 530, '030-102', 555),
(555, 19, 530, '030-103', 556),
(556, 19, 420, '030-005', 557),
(557, 20, 229, '036-001', 558),
(558, 21, 272, '053-001', 559),
(559, 21, 272, '053-002', 560),
(560, 21, 580, '053-003', 561),
(561, 21, 272, '053-004', 562),
(562, 21, 272, '053-005', 563),
(563, 21, 619, '053-006', 564),
(564, 21, 312, '053-007', 565),
(565, 21, 312, '053-008', 566),
(566, 21, 272, '053-009', 567),
(567, 21, 272, '053-010', 567),
(568, 21, 312, '053-011', 569),
(569, 21, 533, '053-012', 570),
(570, 21, 534, '053-013', 571),
(571, 21, 615, '053-014', 572),
(572, 24, 581, '069-001', 573),
(573, 25, 207, '091-0P1', 574),
(574, 25, 208, '091-001', 575),
(575, 25, 208, '091-002', 576),
(576, 25, 208, '091-003', 577),
(577, 25, 208, '091-004', 578),
(578, 25, 208, '091-005', 579),
(579, 25, 208, '091-006', 580),
(580, 25, 208, '091-007', 581),
(581, 25, 208, '091-008', 582),
(582, 25, 208, '091-009', 583),
(583, 25, 208, '091-010', 584),
(584, 25, 208, '091-011', 585),
(585, 25, 211, '091-012', 586),
(586, 25, 211, '091-013', 587),
(587, 25, 208, '091-014', 588),
(588, 25, 208, '091-015', 589),
(589, 25, 208, '091-016', 590),
(590, 25, 211, '091-017', 591),
(591, 25, 208, '091-018', 592),
(592, 25, 208, '091-019', 593),
(593, 30, 349, '092-001', 594),
(594, 30, 349, '092-002', 595),
(595, 30, 349, '092-003', 596),
(596, 30, 349, '092-004', 597),
(597, 30, 349, '092-005', 598),
(598, 30, 349, '092-006', 599),
(599, 30, 349, '092-007', 600),
(600, 30, 349, '092-008', 601),
(601, 30, 349, '092-009', 602),
(602, 30, 349, '092-010', 603),
(603, 30, 349, '092-011', 604),
(604, 30, 349, '092-012', 605),
(605, 30, 275, '092-013', 606),
(606, 30, 276, '092-014', 607),
(607, 30, 276, '092-015', 608),
(608, 30, 275, '092-016', 609),
(609, 30, 349, '092-017', 610),
(610, 30, 280, '092-018', 611),
(611, 30, 280, '092-019', 612),
(612, 30, 280, '092-020', 613),
(613, 30, 283, '092-021', 614),
(614, 30, 349, '092-022', 615),
(615, 30, 349, '092-023', 616),
(616, 30, 349, '092-024', 617),
(617, 30, 349, '092-025', 618),
(618, 30, 349, '092-026', 619),
(619, 30, 349, '092-027', 620),
(620, 30, 349, '092-028', 621),
(621, 30, 349, '092-029', 622),
(622, 31, 536, '093-001', 623),
(623, 31, 374, '093-002', 624),
(624, 31, 374, '093-003', 625),
(625, 31, 536, '093-004', 626),
(626, 32, 582, '094-001', 627),
(627, 32, 620, '094-002', 628),
(628, 32, 343, '094-003', 629),
(629, 32, 623, '094-004', 630),
(630, 33, 537, '095-001', 631),
(631, 34, 218, 'BLO-0', 632),
(632, 34, 219, 'BLO-1', 633),
(633, 34, 220, 'BLO-5', 634),
(634, 34, 221, 'BLO-4', 635),
(635, 34, 222, 'BLO-2', 636),
(636, 34, 223, 'BLO-3', 637),
(637, 34, 224, 'BLO-6', 635),
(638, 34, 221, 'BLO-7', 635),
(639, 35, 538, '097-001', 640),
(640, 35, 538, '097-002', 641),
(641, 35, 538, '097-003', 642),
(642, 35, 538, '097-004', 643),
(643, 36, 604, 'Meuble cellule de crise', 223),
(644, 1, 630, 'Portail Vaugoin rue Richmond', 644),
(645, 1, 225, 'Portail rue nicolas APERT', 645),
(646, 1, 628, 'Portail Port de Pêche 1', 646),
(647, 1, 354, 'Portail Port de Pêche 2', 647),
(648, 8, 153, 'Portillon Jardin', 648),
(649, 9, 125, 'F001', 649),
(650, 13, 515, 'Bassin d\'orage', 650),
(651, 16, 441, '026-088', 651),
(652, 16, 441, '026-089', 652),
(653, 16, 441, '026-090', 653),
(654, 16, 441, '026-091', 654),
(655, 16, 441, '026-092', 655),
(656, 37, 530, '040-001', 656),
(657, 37, 530, '040-002', 657),
(658, 37, 530, '040-003', 658),
(659, 38, 356, '046-001', 659),
(660, 38, 356, '046-004', 660),
(661, 38, 356, '046-005', 661),
(662, 38, 356, '046-002', 662),
(663, 38, 356, '046-003', 663),
(664, 25, 208, '091-020', 664),
(665, 30, 349, '092-030', 622),
(666, 30, 349, '092-031', 622),
(667, 31, 535, '093-005', 665);

-- --------------------------------------------------------

--
-- Structure de la table `fos_user`
--

CREATE TABLE `fos_user` (
  `id` int(11) NOT NULL,
  `username` varchar(180) COLLATE utf8_unicode_ci NOT NULL,
  `username_canonical` varchar(180) COLLATE utf8_unicode_ci NOT NULL,
  `email` varchar(180) COLLATE utf8_unicode_ci NOT NULL,
  `email_canonical` varchar(180) COLLATE utf8_unicode_ci NOT NULL,
  `enabled` tinyint(1) NOT NULL,
  `salt` varchar(255) COLLATE utf8_unicode_ci DEFAULT NULL,
  `password` varchar(255) COLLATE utf8_unicode_ci NOT NULL,
  `last_login` datetime DEFAULT NULL,
  `confirmation_token` varchar(180) COLLATE utf8_unicode_ci DEFAULT NULL,
  `password_requested_at` datetime DEFAULT NULL,
  `roles` longtext COLLATE utf8_unicode_ci NOT NULL COMMENT '(DC2Type:array)'
) ENGINE=InnoDB DEFAULT CHARSET=utf8 COLLATE=utf8_unicode_ci;

--
-- Contenu de la table `fos_user`
--

INSERT INTO `fos_user` (`id`, `username`, `username_canonical`, `email`, `email_canonical`, `enabled`, `salt`, `password`, `last_login`, `confirmation_token`, `password_requested_at`, `roles`) VALUES
(1, 'adminuser', 'adminuser', 'admin@admin.fr', 'admin@admin.fr', 1, NULL, '$2y$13$bcEGHEUo3TyssH2GW4FFi.LG2CtD34izrbiVcUH5k24G6bGDcoF9a', '2018-04-02 18:47:17', NULL, NULL, 'a:1:{i:0;s:16:\"ROLE_SUPER_ADMIN\";}');

-- --------------------------------------------------------

--
-- Structure de la table `localisation`
--

CREATE TABLE `localisation` (
  `id` int(11) NOT NULL,
  `nomLocalisation` varchar(255) COLLATE utf8_unicode_ci NOT NULL,
  `batiment_id` int(11) DEFAULT NULL
) ENGINE=InnoDB DEFAULT CHARSET=utf8 COLLATE=utf8_unicode_ci;

--
-- Contenu de la table `localisation`
--

INSERT INTO `localisation` (`id`, `nomLocalisation`, `batiment_id`) VALUES
(1, 'Accès parvis / Hall d\'accueil', 36),
(5, 'Accès quai / MDP', 36),
(6, 'Accès quai / Stockage', 36),
(7, 'Accès MDP / PALR', 36),
(8, 'Tarif + coupure PV', 36),
(9, 'Palier A (escalier Nord)', 36),
(10, 'Palier B (escalier Sud)', 36),
(11, 'Accès extérieur ascenseur public', 36),
(12, 'Accès ascenseur personnel', 36),
(13, 'Placard SSI', 36),
(14, 'Local rangement', 36),
(15, 'Accès hall / Circuation Est', 36),
(16, 'Circulation Est', 36),
(17, 'Accès hall / Circuation Ouest', 36),
(19, 'Salle de réunion', 36),
(21, 'DUP', 36),
(22, 'DUP Placard CGT', 36),
(23, 'DUP Placard CFDT', 36),
(24, 'Reprographie', 36),
(25, 'Infirmerie', 36),
(26, 'Sas commun vestiares', 36),
(27, 'Vestaire homme', 36),
(28, 'WC hand.', 36),
(29, 'Douche', 36),
(30, 'Douche hand.', 36),
(31, 'Vestiare femmes', 36),
(34, 'Bureau - Contrôleur de travaux', 36),
(35, 'Bureau - Suivi marché + L.S.', 36),
(36, 'Bureau - Dessinateurs', 36),
(37, 'Bureau - Adjointe ingénierie', 36),
(38, 'Bureau - L.S.', 36),
(39, 'Bureau - Chef de service ingénierie', 36),
(41, 'Bureau - Chargée d\'étude', 36),
(42, 'Bureau - Chargé de mission système et réglementation', 36),
(43, 'Sanitaire public hommes', 36),
(44, 'WC hand. public hommes', 36),
(45, 'Sanitaire public femmes', 36),
(46, 'WC hand. public femmes', 36),
(47, 'Sanitaire hommes', 36),
(48, 'WC hand. homme', 36),
(49, 'Sanitaire femmes', 36),
(50, 'WC hand. Femmes', 36),
(51, 'Local ménage', 36),
(52, 'Local onduleur PV', 36),
(53, 'Local onduleur', 36),
(54, 'Local serveur', 36),
(55, 'Blanchisserie', 36),
(56, 'Local TGBT', 36),
(57, 'Archives / Economat', 36),
(58, 'Economat', 36),
(59, 'Stock informatique', 36),
(60, 'Archives vivantes', 36),
(61, 'Archives générales', 36),
(62, 'Local poubelles', 36),
(63, 'Chaufferie', 36),
(64, 'Silos', 36),
(67, 'Porte ascenceur personnel', 36),
(68, 'Accès extérieur Sud -Est', 36),
(69, 'Accès extérieur Sud-Ouest', 36),
(70, 'Accès coursive Est', 36),
(71, 'Accès coursive Ouest', 36),
(72, 'TGBT', 36),
(73, 'Bureau - Chef de service SAP', 36),
(74, 'Bureau - Gestionnaire service généraux', 36),
(75, 'Bureau - Responsable technique et Travaux', 36),
(76, 'Bureau - Gestionnaire marché publics', 36),
(78, 'Bureau - Responsable contrôe interne', 36),
(79, 'Bureau - Comptable', 36),
(80, 'Bureau - Comptables', 36),
(81, 'Bureau - Chef de service comptabilité gestion-finances', 36),
(82, 'Bureau - Gestionnaire de paie', 36),
(83, 'Bureau - Gestionnaire juridique', 36),
(84, 'Bureau - Gestionnaire ressources humaines', 36),
(85, 'Bureau - Adjointe ressources humaines', 36),
(86, 'Bureau - Chef de service ressources humaines', 36),
(87, 'Bureau - DAF', 36),
(88, 'Placard Bureau DAF', 36),
(89, 'Bureau - Contrôleur de gestion', 36),
(90, 'Bureau - Adjoint au contrôleur de gestion', 36),
(91, 'Bureau - Contrôle de gestion (apprenti)', 36),
(92, 'Bureau - Secrétaire', 36),
(93, 'Bureau - Agent comptable', 36),
(94, 'Bureau - Fondé de pouvoir', 36),
(95, 'Comptables / Fondé de pouvoir', 36),
(98, 'Bureau - Administrateur système et réseaux + L.S.', 36),
(99, 'Bureau - Chef de service informatique', 36),
(106, 'Local info', 36),
(108, 'Local groupe électrogène', 36),
(109, 'Local ventilation', 36),
(110, 'Placard Circulation', 36),
(114, 'Accès Est terrasse publique', 36),
(116, 'Accès terrasse salle de formation', 36),
(117, 'Accès Est terrasse personnel', 36),
(118, 'Accès Ouest terrasse personnel', 36),
(119, 'Accès Office terrasse personnel', 36),
(120, 'Accès Ouest coursive', 36),
(121, 'Accès Ouest terrasse publique', 36),
(124, 'Accès terrasse ascenseur public', 36),
(125, 'Ascenseur personnel', 36),
(127, 'Bureau - DOL', 36),
(128, 'Placard bureau DOL', 36),
(129, 'Bureau - Assistante de direction', 36),
(131, 'Espace façonnage', 36),
(132, 'Bureau - Directeur reations clients', 36),
(133, 'Bureau - Assitante commerciale', 36),
(134, 'Salle de réunion / Formation', 36),
(135, 'Office du personnel (côté Nord)', 36),
(136, 'Office du personnel (côté Sud)', 36),
(137, 'Bureau - Gestionnaire domanial', 36),
(138, 'Bureau - Responsabe MSDA', 36),
(139, 'Bureau - Chargée de mission environnement + L.S.', 36),
(140, 'Bureau - Technicien prévention H & S', 36),
(141, 'Bureau - Responsable MDD', 36),
(150, 'Placard circulation salle de réunion', 36),
(153, 'Accès Accueil DG terrasse', 36),
(156, 'Accès Salle du conseil terrasse', 36),
(159, 'Ascenseur personnel', 36),
(161, 'Bureau - Responsable communication', 36),
(162, 'Bureau - Chargée de mission', 36),
(163, 'Bureau - Président du Conseil de surveillance', 36),
(164, 'Bureau - Président du Conseil de développement', 36),
(165, 'Espace copieur', 36),
(166, 'Salle de repos', 36),
(167, 'Bureau - Adjoint sûreté', 36),
(168, 'Bureau - Conseiller sûreté', 36),
(171, 'Bureau - Commandant de Port', 36),
(172, 'Accès coursive', 36),
(173, 'Bureau - Commandant de Port adjoint', 36),
(175, 'Bureau - Officiers de placement', 36),
(177, 'Vigie', 36),
(178, 'Communication vigie officiers de port', 36),
(179, 'Accès Sud coursive', 36),
(181, 'Office', 36),
(182, 'Office / Salle du Conseil', 36),
(183, 'Salle du Conseil - Accès Nord', 36),
(184, 'Salle du Conseil - Moitié Nord', 36),
(185, 'Salle du Conseil - Accès Sud', 36),
(186, 'Salle du Conseil - Moitié Sud', 36),
(187, 'Cloison séparative salle du Conseil', 36),
(188, 'Rangement mur rideau (Est)', 36),
(189, 'Rangement mur rideau (Sud)', 36),
(190, 'Placard technique', 36),
(191, 'Bureau - Directeur Général', 36),
(192, 'Bureau - DG / A.D.', 36),
(193, 'Placard DG', 36),
(194, 'Bureau - Assitantes de direction', 36),
(195, 'Bureau - Rédacteur en chef', 36),
(196, 'Espace accueil DG', 36),
(197, 'Sanitaires DG', 36),
(198, 'WC DG', 36),
(205, 'DAF - Libre-service', 36),
(206, 'RH - Libre-service', 36),
(207, 'SAP - Libre-service', 36),
(208, 'COMPTA - Libre-service', 36),
(209, 'AC - Libre-service', 36),
(210, 'INFO - Libre-service', 36),
(211, 'CTRL GEST - Libre-service', 36),
(212, 'DG - Libre-service', 36),
(213, 'SI - Libre-service', 36),
(214, 'COM - Libre-service', 36),
(215, 'MDD - Libre-service', 36),
(216, 'MSDA - Libre-service', 36),
(217, 'DOL - Libre-service', 36),
(218, 'DRC - Libre-service', 36),
(219, 'SUR - Libre-service', 36),
(220, 'CAP - Libre-service', 36),
(221, 'Portail', 36),
(222, 'PIF - Portillon', 36),
(223, 'Meuble cellule de crise', 36),
(224, '19 - Portail exceptionnel Repentie', 1),
(225, '20 - Portail M2', 1),
(227, '22 - Portail SNCF', 1),
(229, '25 - Portail Fief des Chênes', 1),
(231, '35 - Portail Montcalm', 1),
(233, '36 - Portail Morch Est', 1),
(234, '38 - Portail Morch Ouest', 1),
(236, '50 - Portail SNCF Môle', 1),
(237, '51 - Portail Parking Emile DELMAS', 1),
(240, '51 - Portillon Emile DELMAS', 1),
(241, '55 - Portail BOUQUET DE LA GRYE', 1),
(243, 'Portail Robert Val', 1),
(244, 'Portail RFP Ile au soleil', 1),
(245, 'Portillon RFP accès talus sur VF', 1),
(246, 'Portillon enclos PublicitaireN237', 1),
(247, 'Portillon RFP Vaugoin', 1),
(248, 'Portillon RFP rue des 4 forges', 1),
(249, 'Portilon RFP avenue Guiton', 1),
(250, 'Cadenas Spare 1', 1),
(251, 'Cadenas Spare 2', 1),
(252, 'Cadenas Spare 3', 1),
(253, 'Cadenas Spare 4', 1),
(254, 'Cadenas Spare 5', 1),
(255, 'Cadenas Spare 6', 1),
(256, 'Cadenas Spare 7', 1),
(257, 'Cadenas Spare 8', 1),
(258, 'Cadenas Spare 9', 1),
(259, 'Entrée', 2),
(260, 'Entrée', 3),
(261, 'Entrée', 4),
(262, 'Séjour', 4),
(263, 'Entrée', 5),
(264, 'Cuisine', 5),
(265, 'Entrée', 6),
(266, 'Cuisine', 6),
(267, 'Extension', 6),
(268, 'Entrée', 7),
(269, 'Cuisine', 7),
(270, 'Entrée', 8),
(271, 'Cuisine', 8),
(272, 'Garage attenenant', 8),
(273, 'IS Les Trois Soleil', 9),
(274, 'Sortie hall', 11),
(275, 'Entrée hall', 11),
(276, 'Sas', 11),
(277, 'Salle d\'interpellation', 11),
(278, 'Local G.E.', 11),
(279, 'Salle de réunion / ext.', 11),
(280, 'Circulation / ext.', 11),
(281, 'Boîte au lettre hall', 11),
(282, 'Accès accueil', 11),
(283, 'Bureau facturation', 11),
(284, 'Accueil / circulation', 11),
(285, 'Placard TD', 11),
(286, 'Vestiaire Hommes', 11),
(287, 'W.C. Hommes', 11),
(288, 'Vestiaire Femmes', 11),
(289, 'W.C. Femmes', 11),
(290, 'Local serveur', 11),
(291, 'Circulation / salle de repos', 11),
(292, 'Salle de repos / extension', 11),
(293, 'Placard C.E.', 11),
(294, 'Local stockage  / TGBT', 11),
(295, 'Placard TGBT', 11),
(296, 'Adjointe chef de site / circulation', 11),
(297, 'Adjointe chef de site / salle de réunion', 11),
(298, 'Accès R+1', 11),
(299, 'Placard ménage', 11),
(300, 'Circulation / salle de réunion', 11),
(301, 'Salle de réunion / salle d\'interpellation', 11),
(302, 'Chef de site', 11),
(303, 'Chef de site / poste de vidéosurveillance', 11),
(304, 'Poste de vidéosurveillance', 11),
(305, 'Enclos technique', 11),
(306, 'Accès principal', 12),
(307, 'Accès RdC', 12),
(308, 'Rideau métallique bureau 1', 12),
(309, 'Accès ext. Bureau 1', 12),
(310, 'Accès ext. Salle de réunion', 12),
(311, 'Local P.A.C.', 12),
(312, 'Local commandes de vannes', 12),
(313, 'Placard TGBT', 12),
(314, 'Accès plateau bureau Nord', 12),
(315, 'Accès plateau de bureaux Sud', 12),
(316, 'Accès ext. Bur. 6', 12),
(317, 'Accès ext. Bur. 7', 12),
(318, 'Accès ext. Salle de veille', 12),
(319, 'Accès cour', 13),
(320, 'Accès sur cour', 13),
(321, 'P. SOULET ext.', 13),
(322, 'Magasin 1', 13),
(323, 'Vestiaires', 13),
(324, 'Circulation', 13),
(326, 'Vestiaires hand.', 13),
(328, 'Réfectoire', 13),
(329, 'TGBT', 13),
(332, 'Chaufferie', 13),
(334, 'Atelier électrique', 13),
(336, 'Accès parking', 13),
(337, 'R. GELOT', 13),
(338, 'D. BELLION', 13),
(340, 'Coffret info', 13),
(341, 'Garage drague', 13),
(343, 'Porte piétonne 1 garage', 13),
(344, 'Magasin 2', 13),
(345, 'Magasin 3', 13),
(346, 'Magasin 4', 13),
(347, 'Porte piétonne 4 chaudronnerie', 13),
(348, 'Atelier chaudronnerie', 13),
(349, 'Stockage ext. 1', 13),
(350, 'Stockage ext. 2', 13),
(351, 'Stockage ext. 3', 13),
(352, 'Sanitaires', 13),
(353, 'S. GAULT', 13),
(354, 'Th. DUMAS', 13),
(355, 'A. BOUYE', 13),
(356, 'P-Y PAPILLON', 13),
(357, 'Ph. TEXIER', 13),
(358, 'F. RAMBAUD', 13),
(359, 'L. LAURENT / D. DUBOURNET', 13),
(360, 'Salle de réunion', 13),
(362, 'F. SOUCHAY / L. CHOGNOT', 13),
(363, 'L. DROUILLON', 13),
(364, 'Accès escalier extérieur', 13),
(365, 'Archives', 13),
(367, 'Portail', 13),
(368, 'Timonerie', 13),
(370, 'Vestaire Phares et Balises', 13),
(371, 'Avant', 13),
(372, 'Arrière Babord', 13),
(373, 'Arrière Tribord', 13),
(374, 'Zone de vie', 13),
(375, 'Timonerie tribord', 13),
(376, 'Timonerie arrière', 13),
(377, 'Poste Perthuis', 13),
(378, 'Poste quai nord (H7) 1/2', 13),
(379, 'Poste quai nord (H7) 2/2', 13),
(380, 'Poste quai sud', 13),
(381, 'Poste PRCN', 13),
(382, 'Poste Apt Petrolier', 13),
(383, 'Poste CDB', 13),
(384, 'Poste CDB incendie', 13),
(385, 'EP Chef de Baie', 13),
(386, 'EP ceinture sud', 13),
(387, 'EP Appert', 13),
(388, 'EP Phares & balises', 13),
(389, 'EP ceinture nord', 13),
(390, 'EP Jeumont', 13),
(391, 'EP parking DG', 13),
(392, 'EP Fougerolles', 13),
(393, 'EP La Repentie', 13),
(394, 'Mât de signaux', 13),
(395, 'Cadenas SAMIT spare 1', 13),
(396, 'Cadenas SAMIT spare 2', 13),
(397, 'Cadenas SAMIT spare 3', 13),
(398, 'Cadenas SAMIT spare 4', 13),
(399, 'Cadenas SAMIT spare 5', 13),
(400, 'Voie des usines 1-1', 13),
(401, 'Voie des usines 1-2', 13),
(402, 'Voie des usines 1-3', 13),
(403, 'Voie des usines 1-4', 13),
(404, 'Voie des usines 2-1', 13),
(405, 'Voie des usines 2-2', 13),
(406, 'Voie des usines 2-3', 13),
(407, 'Voie des usines 2-4', 13),
(408, 'Voie des usines 3-1', 13),
(409, 'Voie des usines 3-2', 13),
(410, 'Voie des usines 3-3', 13),
(411, 'Voie des usines 3-4', 13),
(412, 'Voie des usines 4-1', 13),
(413, 'Voie des usines 4-2', 13),
(414, 'Voie des usines 4-3', 13),
(415, 'Voie des usines 4-4', 13),
(416, 'Voie des usines 5-1', 13),
(417, 'Voie des usines 5-2', 13),
(418, 'Voie des usines 5-3', 13),
(419, 'Voie des usines 5-4', 13),
(420, 'VDU Armoire alimentation PN 1-1', 13),
(421, 'VDU Armoire alimentation PN 1-2', 13),
(422, 'PN 2', 13),
(423, 'PN 11', 13),
(424, 'PN 21', 13),
(425, 'PN 24', 13),
(426, 'PN 41', 13),
(427, 'PN 42', 13),
(428, 'Cadenas SIPF spare 1', 13),
(429, 'Cadenas SIPF spare 2', 13),
(430, 'Cadenas SIPF spare 3', 13),
(431, 'Cadenas SIPF spare 4', 13),
(432, 'Cadenas SIPF spare 5', 13),
(433, 'Accès arrière', 14),
(434, 'Local extérieur', 14),
(435, 'Vestiaire handicapé', 14),
(436, 'Douche', 14),
(437, 'Vestiaire', 14),
(438, 'WC', 14),
(440, 'Local ménage', 14),
(441, 'Local Serveur / TGBT', 14),
(442, 'Réfectoire', 14),
(443, 'Circulation', 14),
(444, 'Contacteur à clé porte auto', 14),
(445, 'Entrée', 15),
(446, 'Garage', 16),
(447, 'Sanitaire public', 16),
(449, 'Accès vestiaires / ext.', 16),
(450, 'Accès PRCN', 16),
(451, 'Accès salle des Pompes', 16),
(452, 'Accès atelier 2 ext.', 16),
(453, 'Magasin', 16),
(454, 'Accès ext. poste PRCN', 16),
(455, 'Accès atelier 1 ext.', 16),
(456, 'Bureau D. CABARET', 16),
(457, 'Accès réfectoire', 16),
(458, 'Réfectoire / vestiaires', 16),
(459, 'Vestiaires / sanitaires', 16),
(460, 'Sanitaire 1', 16),
(461, 'Sanitaire 2', 16),
(462, 'Accès douches', 16),
(463, 'Douche 1', 16),
(464, 'Douche 2', 16),
(465, 'Douche 3', 16),
(466, 'Réfectoire / Atelier 1', 16),
(467, 'Local ménage', 16),
(468, 'Atelier 1 / poste PRCN', 16),
(469, '\"Atelier 1 / TGBT 2 \"\"Forme de radoub\"\"\"', 16),
(470, 'Entrée PRCN / Salle des pompes', 16),
(471, 'Atelier 1 / salle des pompes', 16),
(472, 'Local dans salle des pompes', 16),
(473, 'PRCN3 - Portail Formes', 16),
(474, 'Portillon T.P. (N018)', 16),
(475, 'PRCN4 - Portail côté SAMIT (N024)', 16),
(476, 'Portail Déchetterie', 16),
(477, 'Forme 1 - Bateau-porte Ecoutille 1', 16),
(478, 'Forme 1 - Bateau-porte Ecoutille 2', 16),
(479, 'Forme 1 - Bateau-porte Cabine', 16),
(480, 'Forme 1 - Armoire cabestan', 16),
(481, 'Forme 1 - Portillon 1', 16),
(482, 'Forme 1 - Portillon 2', 16),
(483, 'Forme 1 - Portillon 3', 16),
(484, 'Forme 1 - Portillon 4', 16),
(485, 'Forme 1 - Armoire élec 1', 16),
(486, 'Forme 1 - Armoire élec 2', 16),
(487, 'Forme 2 - Bateau-porte', 16),
(488, 'Forme 2 - Bateau-porte Armoire', 16),
(489, 'Forme 2 - Armoire cabestan', 16),
(490, 'Forme 2 - Portillon 1', 16),
(491, 'Forme 2 - Portillon 2', 16),
(492, 'Forme 2 - Portillon 3', 16),
(493, 'Forme 2 - Portillon 4', 16),
(494, 'Forme 2 - Armoire', 16),
(495, 'Forme 2 - Armoire élec', 16),
(496, 'Armoire TP 1 EAU', 16),
(497, 'Armoire TP 1 ELEC', 16),
(498, 'Armoire TP 2 EAU', 16),
(499, 'Armoire TP 2 ELEC', 16),
(500, 'Armoire TP 3 EAU', 16),
(501, 'Armoire TP 3 ELEC', 16),
(502, 'Armoire TP 4 EAU', 16),
(503, 'Armoire TP 4 ELEC', 16),
(504, 'Armoire TP 5 EAU', 16),
(505, 'Armoire TP 5 ELEC', 16),
(506, 'Armoire TP 6 EAU', 16),
(507, 'Armoire TP 6 ELEC', 16),
(508, 'Armoire TP 7 EAU', 16),
(509, 'Armoire TP 7 ELEC', 16),
(510, 'Armoire TP 8 EAU', 16),
(511, 'Armoire TP 8 ELEC', 16),
(512, 'Armoire TP 9 EAU', 16),
(513, 'Armoire TP 9 ELEC', 16),
(514, 'Passerelle 1', 16),
(515, 'Passerelle 2', 16),
(516, 'Passerelle 3', 16),
(517, 'Echelle 1', 16),
(518, 'Echelle 2', 16),
(519, 'Armoire élévateur à bateau', 16),
(520, 'Elévateur à bateau 1', 16),
(521, 'Elévateur à bateau 2', 16),
(522, 'Elévateur à bateau 3', 16),
(523, 'Elévateur à bateau 4', 16),
(524, 'BF - Armoire 1', 16),
(525, 'BF - Armoire 2', 16),
(526, 'BF - Armoire 3', 16),
(527, '519 - Armoire descente', 16),
(528, '519 - Armoire ponton est', 16),
(529, '519 - Armoire ponton ouest', 16),
(530, 'RO-RO - Armoire élec', 16),
(531, 'RO-RO - Barrière 1', 16),
(532, 'RO-RO - Barrière 2', 16),
(533, 'RO-RO - Ecoutille 1', 16),
(534, 'RO-RO - Ecoutille 2', 16),
(535, 'RO-RO - Cabine commande', 16),
(536, 'Entrée', 18),
(537, 'Entrée intérieure', 18),
(538, 'Chaufferie', 18),
(539, 'Cuisine', 18),
(540, 'WC', 18),
(541, 'Poste de commande', 18),
(542, 'Pièce de vie', 18),
(543, 'Salle de bain', 18),
(544, 'Local technique', 18),
(545, 'Module porte amont', 18),
(546, 'Module porte aval', 18),
(547, 'Module vanne amont', 18),
(548, 'Module vanne aval', 18),
(549, 'Accès toiture', 18),
(550, 'Entrée', 19),
(551, 'Garage', 19),
(552, 'Local ext.', 19),
(553, 'WC', 19),
(554, 'Salle de réunion', 19),
(555, 'Accès coursives / pallier', 19),
(556, 'Accès coursives / salle de réunion', 19),
(557, 'Poste électrique', 19),
(558, 'Entrée', 20),
(559, 'Portail passerelle béton', 21),
(560, 'Portail secours', 21),
(561, 'Portillon', 21),
(562, 'Accès local gardien', 21),
(563, 'Local gardin / appontement', 21),
(564, 'W.C.', 21),
(565, 'Local technique', 21),
(566, 'Poste PALR', 21),
(567, 'Garage', 21),
(569, 'Armoire de maintenance', 21),
(570, 'Potence 1 et 2', 21),
(571, 'Cadenas SPARE APPONTEMENT', 21),
(572, 'Armoire de commande', 21),
(573, 'Côté PALR', 24),
(574, 'Portail', 25),
(575, 'Entrée PC Sécurité', 25),
(576, 'Circulation PC Sécurité / ext.', 25),
(577, 'Circulation bât. administratif / ext.', 25),
(578, 'Entrée bât. administratif', 25),
(579, 'Circulation sanitaires / ext.', 25),
(580, 'Local poubelles', 25),
(581, 'Salle à manger cadres / ext.', 25),
(582, 'Foyer détente / ext.', 25),
(583, 'Dégagaement 3 / ext.', 25),
(584, 'Entrée vestiaires personnel', 25),
(585, 'Entrée arrivée cont.', 25),
(586, 'Sous-station', 25),
(587, 'TGBT', 25),
(588, 'Magasin de stockage', 25),
(589, 'Poste surveillance mer', 25),
(590, 'Cellule 2', 25),
(591, 'Chaufferie', 25),
(592, 'Cellule 3', 25),
(593, 'cellule 4', 25),
(594, 'Accès Nord 1', 30),
(595, 'Accès Nord 2', 30),
(596, 'Accès embarquement 1', 30),
(597, 'Accès embarquement 2', 30),
(598, 'Accès débarquement 1', 30),
(599, 'Accès débarquement 2', 30),
(600, 'Accès ext. TGBT', 30),
(601, 'Salle d\'interpellation', 30),
(602, 'Accès ext. PC Sécurité', 30),
(603, 'Accès ext. roll à bagages 1', 30),
(604, 'Accès ext. roll à bagages 2', 30),
(605, 'Accès patio', 30),
(606, 'Local ménage', 30),
(607, 'Sanitaires femmes', 30),
(608, 'Sanitaires hommes', 30),
(609, 'Local C.E.', 30),
(610, 'Accès roll à bagages', 30),
(611, 'Roll à bagages / PC sécurité', 30),
(612, 'PC Sécurité', 30),
(613, 'PC Sécurité / salle d\'interpellation', 30),
(614, 'TGBT', 30),
(615, 'Entrée salle de fouille 1', 30),
(616, 'Entrée salle de fouille 2', 30),
(617, 'Entrée salle de fouille 3', 30),
(618, 'Sortie salle de fouille 1', 30),
(619, 'Sortie salle de fouille 2', 30),
(620, 'Sortie salle de fouille 3', 30),
(621, 'Contacteur à clé VR1', 30),
(622, 'Contacteur à clé VR2', 30),
(623, 'Portail TP', 31),
(624, 'Portillon', 31),
(625, 'Echelle à crinoline', 31),
(626, 'Accès alvéoles (droite)', 31),
(627, 'Commande VR', 32),
(628, 'Accès Poste P', 32),
(629, 'Accès local technique', 32),
(630, 'Portail caméra', 32),
(631, 'Accès ext.', 33),
(632, 'Circulation', 34),
(633, 'Archives AC', 34),
(634, 'Archive COM', 34),
(635, 'Archives', 34),
(636, 'Archive RH', 34),
(637, 'Archives Paie', 34),
(640, 'Accès ext.', 35),
(641, 'Accès sas couvert côté Est', 35),
(642, 'Accès sas couvert côté Nord-Ouest', 35),
(643, 'Accès sas couvert côté Sud-Ouest', 35),
(644, 'Portail Vaugoin rue Richmond', 1),
(645, 'Portail rue nicolas APERT', 1),
(646, 'Portail Port de Pêche 1', 1),
(647, 'Portail Port de Pêche 2', 1),
(648, 'Portillon Jardin', 8),
(649, 'Local serveur r+3\r\n', 9),
(650, 'Bassin d\'orage', 13),
(651, 'PS - Armoire 1', 16),
(652, 'PS - Armoire 2', 16),
(653, 'PS - Armoire 3', 16),
(654, 'PS - Armoire 4', 16),
(655, 'PS - Armoire 5', 16),
(656, 'Entrée Bureau', 37),
(657, 'Porte piétonne dans sectionnelle garage', 37),
(658, 'Porte coulissante garage', 37),
(659, 'Entrée bureaux', 38),
(660, 'entrée ateliers bureaux (vers LECAMUS)', 38),
(661, 'entrée ateliers bureaux (vers LECAMUS)', 38),
(662, 'Accès appartement depuis extérieur', 38),
(663, 'Accès appartement depuis Poste', 38),
(664, 'Porte de service', 25),
(665, 'Accès alvéoles (gauche)', 31);

-- --------------------------------------------------------

--
-- Structure de la table `outil_fermeture`
--

CREATE TABLE `outil_fermeture` (
  `id` int(11) NOT NULL,
  `typeFermeture` varchar(255) COLLATE utf8_unicode_ci NOT NULL,
  `dimensions` varchar(255) COLLATE utf8_unicode_ci DEFAULT NULL,
  `etat` varchar(255) COLLATE utf8_unicode_ci NOT NULL
) ENGINE=InnoDB DEFAULT CHARSET=utf8 COLLATE=utf8_unicode_ci;

--
-- Contenu de la table `outil_fermeture`
--

INSERT INTO `outil_fermeture` (`id`, `typeFermeture`, `dimensions`, `etat`) VALUES
(1, 'CA', '30/30', 'Déployé'),
(2, 'CA', '30/30', 'Déployé'),
(3, 'CA', '30/30', 'Déployé'),
(4, 'Cylindre Européen', '30/30', 'Déployé'),
(5, 'Cylindre Européen', '30/30', 'Déployé'),
(6, 'Cylindre Européen', '30/30', 'Déployé'),
(7, 'Cylindre Européen', '30/30', 'Déployé'),
(8, 'Cylindre Européen', '30/30', 'Déployé'),
(9, 'Cylindre Européen', '30/30', 'Déployé'),
(10, 'Cylindre Européen', '30/30', 'Déployé'),
(11, 'Cylindre Européen', '30/30', 'Déployé'),
(12, 'Cylindre Européen', '30/30', 'Déployé'),
(13, 'Cylindre Européen', '30/30', 'Déployé'),
(14, 'Cylindre Européen', '30/30', 'Déployé'),
(15, 'Cylindre Européen', '30/30', 'Déployé'),
(16, 'Cylindre Européen', '30/30', 'Déployé'),
(17, 'Cylindre Européen', '30/30', 'Déployé'),
(18, 'Cylindre Européen', '30/30', 'Déployé'),
(19, 'Cylindre Européen', '30/30', 'Déployé'),
(20, 'Cylindre Européen', '30/30', 'Déployé'),
(21, 'Cylindre Européen', '30/30', 'Déployé'),
(22, 'Cylindre Européen', '30/30', 'Déployé'),
(23, 'Cylindre Européen', '30/30', 'Déployé'),
(24, 'Cylindre Européen', '30/30', 'Déployé'),
(25, 'Cylindre Européen', '30/30', 'Déployé'),
(26, 'Cylindre Européen', '30/30', 'Déployé'),
(27, 'Cylindre Européen', '30/30', 'Déployé'),
(28, 'Cylindre Européen', '30/30', 'Déployé'),
(29, 'Cylindre Européen', '30/30', 'Déployé'),
(30, 'Cylindre Européen', '30/30', 'Déployé'),
(31, 'Cylindre Européen', '30/30', 'Déployé'),
(32, 'Cylindre Européen', '30/30', 'Déployé'),
(33, 'Cylindre Européen', '30/30', 'Déployé'),
(34, 'Cylindre Européen', '30/30', 'Déployé'),
(35, 'Cylindre Européen', '30/30', 'Déployé'),
(36, 'Cylindre Européen', '30/30', 'Déployé'),
(37, 'Cylindre Européen', '30/30', 'Déployé'),
(38, 'Cylindre Européen', '30/30', 'Déployé'),
(39, 'Cylindre Européen', '30/30', 'Déployé'),
(40, 'Cylindre Européen', '30/30', 'Déployé'),
(41, 'Cylindre Européen', '30/30', 'Déployé'),
(42, 'Cylindre Européen', '30/30', 'Déployé'),
(43, 'Cylindre Européen', '30/30', 'Déployé'),
(44, 'Cylindre Européen', '30/30', 'Déployé'),
(45, 'Cylindre Européen', '30/30', 'Déployé'),
(46, 'Cylindre Européen', '30/30', 'Déployé'),
(47, 'Cylindre Européen', '30/30', 'Déployé'),
(48, 'Cylindre Européen', '30/30', 'Déployé'),
(49, 'Cylindre Européen', '30/30', 'Déployé'),
(50, 'Cylindre Européen', '30/30', 'Déployé'),
(51, 'Cylindre Européen', '30/30', 'Déployé'),
(52, 'Cylindre Européen', '30/30', 'Déployé'),
(53, 'Cylindre Européen', '30/30', 'Déployé'),
(54, 'Cylindre Européen', '30/30', 'Déployé'),
(55, 'Cylindre Européen', '30/30', 'Déployé'),
(56, 'Cylindre Européen', '30/30', 'Déployé'),
(57, 'Cylindre Européen', '30/30', 'Déployé'),
(58, 'Cylindre Européen', '30/30', 'Déployé'),
(59, 'Cylindre Européen', '30/30', 'Déployé'),
(60, 'Cylindre Européen', '30/30', 'Déployé'),
(61, 'Cylindre Européen', '30/30', 'Déployé'),
(62, 'Cylindre Européen', '30/30', 'Déployé'),
(63, 'Cylindre Européen', '30/30', 'Déployé'),
(64, 'Cylindre Européen', '30/30', 'Déployé'),
(65, 'Cylindre Européen', '30/30', 'Déployé'),
(66, 'Cylindre Européen', '30/30', 'Déployé'),
(67, 'Cylindre Européen', '30/30', 'Déployé'),
(68, 'Cylindre Européen', '30/30', 'Déployé'),
(69, 'Cylindre Européen', '30/30', 'Déployé'),
(70, 'Cylindre Européen', '30/30', 'Déployé'),
(71, 'Cylindre Européen', '30/30', 'Déployé'),
(72, 'Cylindre Européen', '30/30', 'Déployé'),
(73, 'Cylindre Européen', '30/30', 'Déployé'),
(74, 'Cylindre Européen', '30/30', 'Déployé'),
(75, 'Cylindre Européen', '30/30', 'Déployé'),
(76, 'Cylindre Européen', '30/30', 'Déployé'),
(77, 'Cylindre Européen', '30/30', 'Déployé'),
(78, 'Cylindre Européen', '30/30', 'Déployé'),
(79, 'Cylindre Européen', '30/30', 'Déployé'),
(80, 'Cylindre Européen', '30/30', 'Déployé'),
(81, 'Cylindre Européen', '30/30', 'Déployé'),
(82, 'Cylindre Européen', '30/30', 'Déployé'),
(83, 'Cylindre Européen', '30/30', 'Déployé'),
(84, 'Cylindre Européen', '30/30', 'Déployé'),
(85, 'Cylindre Européen', '30/30', 'Déployé'),
(86, 'Cylindre Européen', '30/30', 'Déployé'),
(87, 'Cylindre Européen', '30/30', 'Déployé'),
(88, 'Cylindre Européen', '30/30', 'Déployé'),
(89, 'Cylindre Européen', '30/30', 'Déployé'),
(90, 'Cylindre Européen', '30/30', 'Déployé'),
(91, 'Cylindre Européen', '30/30', 'Déployé'),
(92, 'Cylindre Européen', '30/30', 'Déployé'),
(93, 'Cylindre Européen', '30/30', 'Déployé'),
(94, 'Cylindre Européen', '30/30', 'Déployé'),
(95, 'Cylindre Européen', '30/30', 'Déployé'),
(96, 'Cylindre Européen', '30/30', 'Déployé'),
(97, 'Cylindre Européen', '30/30', 'Déployé'),
(98, 'Cylindre Européen', '30/30', 'Déployé'),
(99, 'Cylindre Européen', '30/30', 'Déployé'),
(100, 'Cylindre Européen', '30/30', 'Déployé'),
(101, 'Cylindre Européen', '30/30', 'Déployé'),
(102, 'Cylindre Européen', '30/30', 'Déployé'),
(103, 'Cylindre Européen', '30/30', 'Déployé'),
(104, 'Cylindre Européen', '30/30', 'Déployé'),
(105, 'Cylindre Européen', '30/30', 'Déployé'),
(106, 'Cylindre Européen', '30/30', 'Déployé'),
(107, 'Cylindre Européen', '30/30', 'Déployé'),
(108, 'Cylindre Européen', '30/30', 'Déployé'),
(109, 'Cylindre Européen', '30/30', 'Déployé'),
(110, 'Cylindre Européen', '30/30', 'Déployé'),
(111, 'Cylindre Européen', '30/30', 'Déployé'),
(112, 'Cylindre Européen', '30/30', 'Déployé'),
(113, 'Cylindre Européen', '30/30', 'Déployé'),
(114, 'Cylindre Européen', '30/30', 'Déployé'),
(115, 'Cylindre Européen', '30/30', 'Déployé'),
(116, 'Cylindre Européen', '30/30', 'Déployé'),
(117, 'Cylindre Européen', '30/30', 'Déployé'),
(118, 'Cylindre Européen', '30/30', 'Déployé'),
(119, 'Cylindre Européen', '30/30', 'Déployé'),
(120, 'Cylindre Européen', '30/30', 'Déployé'),
(121, 'Cylindre Européen', '30/30', 'Déployé'),
(122, 'Cylindre Européen', '30/30', 'Déployé'),
(123, 'Cylindre Européen', '30/30', 'Déployé'),
(124, 'Cylindre Européen', '30/30', 'Déployé'),
(125, 'Cylindre Européen', '30/30', 'Déployé'),
(126, 'Cylindre Européen', '30/30', 'Déployé'),
(127, 'Cylindre Européen', '30/30', 'Déployé'),
(128, 'Cylindre Européen', '30/30', 'Déployé'),
(129, 'Cylindre Européen', '30/30', 'Déployé'),
(130, 'Cylindre Européen', '30/30', 'Déployé'),
(131, 'Cylindre Européen', '30/30', 'Déployé'),
(132, 'Cylindre Européen', '30/30', 'Déployé'),
(133, 'Cylindre Européen', '30/30', 'Déployé'),
(134, 'Cylindre Européen', '30/30', 'Déployé'),
(135, 'Cylindre Européen', '30/30', 'Déployé'),
(136, 'Cylindre Européen', '30/30', 'Déployé'),
(137, 'Cylindre Européen', '30/30', 'Déployé'),
(138, 'Cylindre Européen', '30/30', 'Déployé'),
(139, 'Cylindre Européen', '30/30', 'Déployé'),
(140, 'Cylindre Européen', '30/30', 'Déployé'),
(141, 'Cylindre Européen', '30/30', 'Déployé'),
(142, 'Cylindre Européen', '30/30', 'Déployé'),
(143, 'Cylindre Européen', '30/30', 'Déployé'),
(144, 'Cylindre Européen', '30/30', 'Déployé'),
(145, 'Cylindre Européen', '30/30', 'Déployé'),
(146, 'Cylindre Européen', '30/30', 'Déployé'),
(147, 'Cylindre Européen', '30/30', 'Déployé'),
(148, 'Cylindre Européen', '30/30', 'Déployé'),
(149, 'Cylindre Européen', '30/30', 'Déployé'),
(150, 'Cylindre Européen', '30/30', 'Déployé'),
(151, 'Cylindre Européen', '30/30', 'Déployé'),
(152, 'Cylindre Européen', '30/30', 'Déployé'),
(153, 'Cylindre Européen', '30/30', 'Déployé'),
(154, 'Cylindre Européen', '30/30', 'Déployé'),
(155, 'Cylindre Européen', '30/30', 'Déployé'),
(156, 'Cylindre Européen', '30/30', 'Déployé'),
(157, 'Cylindre Européen', '30/30', 'Déployé'),
(158, 'Cylindre Européen', '30/30', 'Déployé'),
(159, 'Cylindre Européen', '30/30', 'Déployé'),
(160, 'Cylindre Européen', '30/30', 'Déployé'),
(161, 'Cylindre Européen', '30/30', 'Déployé'),
(162, 'Cylindre Européen', '30/30', 'Déployé'),
(163, 'Cylindre Européen', '30/30', 'Déployé'),
(164, 'Cylindre Européen', '30/30', ''),
(165, 'Cylindre Européen', '30/30', ''),
(166, 'Cylindre Européen', '30/30', ''),
(167, 'Cylindre Européen', '30/30', ''),
(168, 'Cylindre Européen', '30/30', ''),
(169, 'Cylindre Européen', '30/30', ''),
(170, 'Cylindre Européen', '30/30', ''),
(171, 'Cylindre Européen', '30/30', ''),
(172, 'Cylindre Européen', '30/30', ''),
(173, 'Cylindre Européen', '30/30', ''),
(174, 'Cylindre Européen', '30/30', ''),
(175, 'Cylindre Européen', '30/30', ''),
(176, 'Cylindre Européen', '30/30', ''),
(177, 'Cylindre Européen', '30/30', ''),
(178, 'Cylindre Européen', '30/30', ''),
(179, 'Cylindre Européen', '30/30', ''),
(180, 'Cylindre Européen', '30/30', ''),
(181, 'Cylindre Européen', '30/30', ''),
(182, 'Cylindre Européen', '30/30', ''),
(183, 'Cylindre Européen', '30/30', ''),
(184, 'Cylindre Européen', '30/30', ''),
(185, 'Cylindre Européen', '30/30', ''),
(186, 'Cylindre Européen', '30/30', ''),
(187, 'Cylindre Européen', '30/30', ''),
(188, 'Cylindre Européen', '30/30', ''),
(189, 'Cylindre Européen', '30/30', ''),
(190, 'Cylindre Européen', '30/30', ''),
(191, 'Cylindre Européen', '30/30', ''),
(192, 'Cylindre Européen', '30/30', ''),
(193, 'Cylindre Européen', '30/30', ''),
(194, 'Cylindre Européen', '30/30', ''),
(195, 'Cylindre Européen', '30/30', ''),
(196, 'Cylindre Européen', '30/30', ''),
(197, 'Cylindre Européen', '30/30', ''),
(198, 'Cylindre Européen', '30/30', ''),
(199, 'Cylindre Européen', '30/30', ''),
(200, 'Cylindre Européen', '30/30', ''),
(201, 'Cylindre Européen', '30/30', ''),
(202, 'Cylindre Européen', '30/30', ''),
(203, 'Cylindre Européen', '30/30', ''),
(204, 'Cylindre Européen', '30/30', ''),
(205, 'Cylindre Européen', '30/30', ''),
(206, 'Cylindre Européen', '30/30', ''),
(207, 'Cylindre Européen', '30/30', ''),
(208, 'Cylindre Européen', '30/30', ''),
(209, 'Cylindre Européen', '30/30', ''),
(210, 'Cylindre Européen', '30/30', ''),
(211, 'Cylindre Européen', '30/30', ''),
(212, 'Cylindre Européen', '30/30', ''),
(213, 'Cylindre Européen', '30/30', ''),
(214, 'Cylindre Européen', '30/30', ''),
(215, 'Cylindre Européen', '30/30', ''),
(216, 'Cylindre Européen', '30/30', ''),
(217, 'Cylindre Européen', '30/30', ''),
(218, 'Cylindre Européen', '30/30', ''),
(219, 'Cylindre Européen', '30/30', ''),
(220, 'Cylindre Européen', '30/30', ''),
(221, 'Cylindre Européen', '30/30', ''),
(222, 'Cylindre Européen', '30/30', ''),
(223, 'Cylindre Européen', '30/30', ''),
(224, 'Cylindre Européen', '30/30', ''),
(225, 'Cylindre Européen', '30/30', ''),
(226, 'Cylindre Européen', '30/50', 'Déployé'),
(227, 'Cylindre Européen', '30/50', 'Déployé'),
(228, 'Cylindre Européen', '30/50', ''),
(229, 'Cylindre Européen', '30/50', ''),
(230, 'Cylindre Européen', '30/50', ''),
(231, 'Cylindre Européen', '30/40', 'Déployé'),
(232, 'Cylindre Européen', '30/40', 'Déployé'),
(233, 'Cylindre Européen', '30/40', 'Déployé'),
(234, 'Cylindre Européen', '30/40', 'Déployé'),
(235, 'Cylindre Européen', '30/40', 'Déployé'),
(236, 'Cylindre Européen', '30/40', 'Déployé'),
(237, 'Cylindre Européen', '30/40', 'Déployé'),
(238, 'Cylindre Européen', '30/40', 'Déployé'),
(239, 'Cylindre Européen', '30/40', 'Déployé'),
(240, 'Cylindre Européen', '30/40', 'Déployé'),
(241, 'Cylindre Européen', '30/40', 'Déployé'),
(242, 'Cylindre Européen', '30/40', 'Déployé'),
(243, 'Cylindre Européen', '30/40', 'Déployé'),
(244, 'Cylindre Européen', '30/40', 'Déployé'),
(245, 'Cylindre Européen', '30/40', 'Déployé'),
(246, 'Cylindre Européen', '30/40', 'Déployé'),
(247, 'Cylindre Européen', '30/40', 'Déployé'),
(248, 'Cylindre Européen', '30/40', 'Déployé'),
(249, 'Cylindre Européen', '30/40', 'Déployé'),
(250, 'Cylindre Européen', '30/40', 'Déployé'),
(251, 'Cylindre Européen', '30/40', 'Déployé'),
(252, 'Cylindre Européen', '30/40', 'Déployé'),
(253, 'Cylindre Européen', '30/40', 'Déployé'),
(254, 'Cylindre Européen', '30/40', ''),
(255, 'Cylindre Européen', '30/40', ''),
(256, 'Cylindre Européen', '30/40', ''),
(257, 'Cylindre Européen', '30/40', ''),
(258, 'Cylindre Européen', '30/40', ''),
(259, 'Cylindre Européen', '30/40', ''),
(260, 'Cylindre Européen', '30/40', ''),
(261, 'Cylindre Européen', '30/40', ''),
(262, 'Cylindre Européen', '30/40', ''),
(263, 'Cylindre Européen', '30/40', ''),
(264, 'Cylindre Européen', '30/40', ''),
(265, 'Cylindre Européen', '30/40', ''),
(266, 'Cylindre Européen', '30/40', ''),
(267, 'Cylindre Européen', '30/40', ''),
(268, 'Cylindre Européen', '30/40', ''),
(269, 'Cylindre Européen', '30/40', ''),
(270, 'Cylindre Européen', '30/40', ''),
(271, 'Cylindre Européen', '30/40', ''),
(272, 'Cylindre Européen', '30/40', ''),
(273, 'Cylindre Européen', '30/40', ''),
(274, 'Cylindre Européen', '30/40', ''),
(275, 'Cylindre Européen', '30/40', ''),
(276, 'Cylindre Européen', '30/40', ''),
(277, 'Cylindre Européen', '30/40', ''),
(278, 'Cylindre Européen', '30/40', ''),
(279, 'Cylindre Européen', '30/40', ''),
(280, 'Cylindre Européen', '30/40', ''),
(281, 'Cylindre Européen', '30/40', ''),
(282, 'Cylindre Européen', '30/40', ''),
(283, 'Cylindre Européen', '30/40', ''),
(284, 'Cylindre Européen', '30/40', ''),
(285, 'Cylindre Européen', '10/45', 'Déployé'),
(286, 'Cylindre Européen', '10/30', 'Déployé'),
(287, 'Cylindre Européen', '10/30', 'Déployé'),
(288, 'Cylindre Européen', '10/30', 'Déployé'),
(289, 'Cylindre Européen/Carré', '10/30', 'Déployé'),
(290, 'Cylindre Européen', '10/30', 'Déployé'),
(291, 'Cylindre Européen', '10/30', 'Déployé'),
(292, 'Cylindre Européen', '10/30', 'Déployé'),
(293, 'Cylindre Européen', '10/30', 'Déployé'),
(294, 'Cylindre Européen', '10/30', 'Déployé'),
(295, 'Cylindre Européen', '10/30', 'Déployé'),
(296, 'Cylindre Européen', '10/30', 'Déployé'),
(297, 'Cylindre Européen', '10/30', 'Déployé'),
(298, 'Cylindre Européen', '10/30', 'Déployé'),
(299, 'Cylindre Européen', '10/30', 'Déployé'),
(300, 'Cylindre Européen', '10/30', 'Déployé'),
(301, 'Cylindre Européen', '10/30', 'Déployé'),
(302, 'Cylindre Européen', '10/30', 'Déployé'),
(303, 'Cylindre Européen', '10/30', 'Déployé'),
(304, 'Cylindre Européen', '10/30', 'Déployé'),
(305, 'Cylindre Européen', '10/30', ''),
(306, 'Cylindre Européen', '10/30', ''),
(307, 'Cylindre Européen', '10/30', ''),
(308, 'Cylindre Européen', '10/30', ''),
(309, 'Cylindre Européen', '10/30', ''),
(310, 'Cylindre Européen', '10/30', ''),
(311, 'Cylindre Européen', '10/30', ''),
(312, 'Cylindre Européen', '10/30', ''),
(313, 'Cylindre Européen', '10/30', ''),
(314, 'Cylindre Européen', '10/30', ''),
(315, 'Cylindre Européen', '10/30', ''),
(316, 'Cylindre Européen', '10/30', ''),
(317, 'Cylindre Européen', '40/50', ''),
(318, 'Cylindre Européen', '40/50', ''),
(319, 'Cylindre Européen', '40/50', ''),
(320, 'Cylindre Européen', '10/50', ''),
(321, 'Cylindre Européen', '50/50', ''),
(322, 'Cylindre Européen', '50/50', ''),
(323, 'Cylindre Européen', '50/50', ''),
(324, 'Cylindre Européen', '30/30 boutton', ''),
(325, 'Cylindre Européen', '30/30 boutton', ''),
(326, 'Cylindre Européen', '30/30 boutton', ''),
(327, 'Cylindre Européen', '35/35', 'Déployé'),
(328, 'Cylindre Européen', '35/35', ''),
(329, 'Cylindre Européen', '35/35', ''),
(330, 'Cylindre Européen', '35/35', ''),
(331, 'Cylindre Européen', '35/35', ''),
(332, 'Cylindre Européen', '30/70', ''),
(333, 'Cylindre Européen', '30/70', ''),
(334, 'Cylindre Européen', '30/70', ''),
(335, 'Cylindre Européen', '30/70', ''),
(336, 'Cylindre Européen', '30/70', ''),
(337, 'Cylindre Européen', '30/55', ''),
(338, 'Cylindre Européen', '30/60', 'Déployé'),
(339, 'Cylindre Européen', '30/80', 'Déployé'),
(340, 'Cylindre Européen', '30/80', ''),
(341, 'Cylindre Européen', '40/40', 'Déployé'),
(342, 'Cylindre Européen', '40/40', 'Déployé'),
(343, 'Cylindre Européen', '40/40', ''),
(344, 'Cylindre Européen', '40/40', ''),
(345, 'Cylindre Européen', '40/40', ''),
(346, 'Cylindre Européen', '40/40', ''),
(347, 'Cylindre Européen', '40/40', ''),
(348, 'Cylindre Européen', '40/40', ''),
(349, 'Cylindre Européen', '40/40', ''),
(350, 'Cylindre Européen', '40/40', ''),
(351, 'Cylindre Européen', '40/40', ''),
(352, 'Cylindre Européen', '40/40', ''),
(353, 'Cylindre Européen', '40/40', ''),
(354, 'Cylindre Européen', '30/30', ''),
(355, 'Cylindre Européen', '30/30', ''),
(356, 'Cylindre Européen', '30/30', ''),
(357, 'Cylindre Européen', '30/30', ''),
(358, 'Cylindre Européen', '30/30', ''),
(359, 'Cylindre Européen', '30/30', ''),
(360, 'Cylindre Européen', '40/40', ''),
(361, 'Cylindre Européen', '40/40', ''),
(362, 'Cylindre Européen', '40/40', ''),
(363, 'Cylindre Européen', '40/40', ''),
(364, 'Cylindre Européen', '40/40', ''),
(365, 'Cylindre Européen', '40/40', ''),
(366, 'Cylindre Européen', '40/40', ''),
(367, 'Cylindre Européen', '40/40', ''),
(368, 'Cylindre Européen', '40/40', ''),
(369, 'Cylindre Européen', '40/40', ''),
(370, 'Cylindre Européen', '40/40', ''),
(371, 'Cylindre Européen', '40/40', ''),
(372, 'Cylindre Européen', '40/40', ''),
(373, 'Cylindre Européen', '40/40', ''),
(374, 'Cylindre Européen', '40/40', ''),
(375, 'Cylindre Européen', '40/40', ''),
(376, 'CA', '', ''),
(377, 'Automatique', 'Sans Objet', ''),
(378, 'Automatique', 'Sans Objet', ''),
(379, 'Automatique', 'Sans Objet', ''),
(380, 'Automatique', 'Sans Objet', ''),
(381, 'CA/IS', 'Sans Objet', 'Déployé'),
(382, 'CA/IS', 'Sans Objet', 'Déployé'),
(383, 'CA/IS', 'Sans Objet', ''),
(384, 'CA', 'Sans Objet', ''),
(385, 'CA', 'Sans Objet', ''),
(386, 'Carré', 'Sans Objet', ''),
(387, 'Carré', 'Sans Objet', ''),
(388, 'Carré', 'Sans Objet', ''),
(389, 'Carré', 'Sans Objet', ''),
(390, 'Carré', 'Sans Objet', ''),
(391, 'Carré', 'Sans Objet', ''),
(392, 'Carré', 'Sans Objet', ''),
(393, 'Carré', 'Sans Objet', ''),
(394, 'Sans Objet', 'Sans Objet', ''),
(395, 'Sans Objet', 'Sans Objet', ''),
(396, 'Sans Objet', 'Sans Objet', ''),
(397, 'Sans Objet', 'Sans Objet', ''),
(398, 'Sans Objet', 'Sans Objet', ''),
(399, 'Sans Objet', 'Sans Objet', ''),
(400, 'Sans Objet', 'Sans Objet', ''),
(401, 'Sans Objet', 'Sans Objet', ''),
(402, 'Sans Objet', 'Sans Objet', ''),
(403, 'Sans Objet', 'Sans Objet', ''),
(404, 'Sans Objet', 'Sans Objet', ''),
(405, 'Triangle', 'Sans Objet', ''),
(406, 'Triangle', 'Sans Objet', ''),
(407, 'Triangle', 'Sans Objet', ''),
(408, 'Triangle', 'Sans Objet', ''),
(409, 'Triangle', 'Sans Objet', ''),
(410, 'Triangle', 'Sans Objet', ''),
(411, 'Cadenas', '', 'Déployé'),
(412, 'Cadenas', '', 'Déployé'),
(413, 'Cadenas', '', 'Déployé'),
(414, 'Cadenas', '', 'Déployé'),
(415, 'Cadenas', '', 'Déployé'),
(416, 'Cadenas', '', 'Déployé'),
(417, 'Cadenas', '', 'Déployé'),
(418, 'Cadenas', '', 'Déployé'),
(419, 'Cadenas', '', 'Déployé'),
(420, 'Cadenas', '', 'Déployé'),
(421, 'Cadenas', '', 'Déployé'),
(422, 'Cadenas', '', 'Déployé'),
(423, 'Cadenas', '', 'Déployé'),
(424, 'Cadenas', '', 'Déployé'),
(425, 'Cadenas', '', 'Déployé'),
(426, 'Cadenas', '', 'Déployé'),
(427, 'Cadenas', '', 'Déployé'),
(428, 'Cadenas', '', 'Déployé'),
(429, 'Cadenas', '', 'Déployé'),
(430, 'Cadenas', '', 'Déployé'),
(431, 'Cadenas', '', 'Déployé'),
(432, 'Cadenas', '', 'Déployé'),
(433, 'Cadenas', '', 'Déployé'),
(434, 'Cadenas', '', 'Déployé'),
(435, 'Cadenas', '', 'Déployé'),
(436, 'Cadenas', '', 'Déployé'),
(437, 'Cadenas', '', 'Déployé'),
(438, 'Cadenas', '', 'Déployé'),
(439, 'Cadenas', '', 'Déployé'),
(440, 'Cadenas', '', ''),
(441, 'Cadenas', '', ''),
(442, 'Cadenas', '', ''),
(443, 'Cadenas', '', ''),
(444, 'Cadenas', '', ''),
(445, 'Cadenas', '', ''),
(446, 'Cadenas', '', ''),
(447, 'Cadenas', '', ''),
(448, 'Cadenas', '', ''),
(449, 'Cadenas', '', ''),
(450, 'Cadenas', '', ''),
(451, 'Cadenas', '', ''),
(452, 'Cadenas', '', ''),
(453, 'Cadenas', '', ''),
(454, 'Cadenas', '', ''),
(455, 'Cadenas', '', ''),
(456, 'Cadenas', '', ''),
(457, 'Cadenas', '', ''),
(458, 'Cadenas', '', ''),
(459, 'Cadenas', '', ''),
(460, 'Cadenas', '', ''),
(461, 'Cadenas', '', ''),
(462, 'Cadenas', '', ''),
(463, 'Cadenas', '', ''),
(464, 'Cadenas', '', ''),
(465, 'Cadenas', '', ''),
(466, 'Cadenas', '', ''),
(467, 'Cadenas', '', ''),
(468, 'Cadenas', '', ''),
(469, 'Cadenas', '', ''),
(470, 'Cadenas', '', ''),
(471, 'bouton', '30/60', ''),
(472, 'Cadenas', '', ''),
(473, 'Cadenas', '', ''),
(474, 'Cadenas', '', ''),
(475, 'Cadenas', '', ''),
(476, 'Cadenas', '', ''),
(477, 'Cadenas', '', ''),
(478, 'Cadenas', '', ''),
(479, 'Cadenas', '', ''),
(480, 'Cadenas', '', ''),
(481, 'Cadenas', '', ''),
(482, 'Cadenas', '', ''),
(483, 'Cadenas', '', ''),
(484, 'Cadenas', '', ''),
(485, 'Cadenas', '', ''),
(486, 'Cadenas', '', ''),
(487, 'Cadenas', '', ''),
(488, 'Cadenas', '', ''),
(489, 'Cadenas', '', ''),
(490, 'Cadenas', '', ''),
(491, 'Cadenas', '', ''),
(492, 'Cadenas', '', ''),
(493, 'Cadenas', '', ''),
(494, 'Cadenas', '', ''),
(495, 'Cadenas', '', ''),
(496, 'Cadenas', '', ''),
(497, 'Cadenas', '', ''),
(498, 'Cadenas', '', ''),
(499, 'Cadenas', '', ''),
(500, 'Cadenas', '', ''),
(501, 'Cadenas', '', ''),
(502, 'Cadenas', '', ''),
(503, 'Cadenas', '', ''),
(504, 'Cadenas', '', ''),
(505, 'Cadenas', '', ''),
(506, 'Cadenas', '', ''),
(507, 'Cadenas', '', ''),
(508, 'Cadenas', '', ''),
(509, 'Cadenas', '', ''),
(510, 'Cadenas', '', ''),
(511, 'Cadenas', '', ''),
(512, 'Cadenas', '', ''),
(513, 'Cadenas', '', ''),
(514, 'Cadenas', '', ''),
(515, 'Cadenas', '', ''),
(516, 'Cadenas', '', ''),
(517, 'Cadenas', '', ''),
(518, 'Cadenas', '', ''),
(519, 'Cadenas', '', ''),
(520, 'Cadenas', '', ''),
(521, 'Cadenas', '', ''),
(522, 'Cadenas', '', ''),
(523, 'Cadenas', '', ''),
(524, 'Cadenas', '', ''),
(525, 'Cadenas', '', ''),
(526, 'Cadenas', '', ''),
(527, 'Cadenas', '', ''),
(528, 'Cadenas', '', ''),
(529, 'Cadenas', '', ''),
(530, 'Cadenas', '', ''),
(531, 'Cadenas', '', ''),
(532, 'Cadenas', '', ''),
(533, 'Cadenas', '', ''),
(534, 'Cadenas', '', ''),
(535, 'Cadenas', '', ''),
(536, 'Cadenas', '', ''),
(537, 'Cadenas', '', ''),
(538, 'Cadenas', '', ''),
(539, 'Cadenas', '', ''),
(540, 'Cadenas', '', ''),
(541, 'Cadenas', '', ''),
(542, 'Cadenas', '', ''),
(543, 'Cadenas', '', ''),
(544, 'Cadenas', '', ''),
(545, 'Cadenas', '', ''),
(546, 'Cadenas', '', ''),
(547, 'Cadenas', '', ''),
(548, 'Cadenas', '', ''),
(549, 'Cadenas', '', ''),
(550, 'Cadenas grande anse', '', 'Déployé'),
(551, 'Cadenas grande anse', '', 'Déployé'),
(552, 'Cadenas grande anse', '', 'Déployé'),
(553, 'Cadenas grande anse', '', 'Déployé'),
(554, 'Cadenas grande anse', '', 'Déployé'),
(555, 'Cadenas grande anse', '', 'Déployé'),
(556, 'Cadenas grande anse', '', 'Déployé'),
(557, 'Cadenas grande anse', '', 'Déployé'),
(558, 'Cadenas grande anse', '', 'Déployé'),
(559, 'Cadenas grande anse', '', ''),
(560, 'Cadenas grande anse', '', ''),
(561, 'Cadenas grande anse', '', ''),
(562, 'Cadenas grande anse', '', ''),
(563, 'CA', '', 'Déployé'),
(564, 'CA', '', ''),
(565, 'CA', '', ''),
(566, 'CA', '', ''),
(567, 'CA', '', ''),
(568, 'CA', '', ''),
(569, 'CA', '', ''),
(570, 'CA', '', ''),
(571, 'CA', '', ''),
(572, 'CA', '', ''),
(573, 'Carré', '', ''),
(574, 'Carré', '', ''),
(575, 'Anti-panique', '', ''),
(576, 'CA', '', ''),
(577, 'CA', '', ''),
(578, 'CA', '', ''),
(579, 'CA', '', ''),
(580, 'Cde élec', '', ''),
(581, 'CA ', '', ''),
(582, 'CA ', '', ''),
(583, 'Condamnation', 'Sans Objet', ''),
(584, 'Condamnation', 'Sans Objet', ''),
(585, 'Condamnation', 'Sans Objet', ''),
(586, 'Condamnation', 'Sans Objet', ''),
(587, 'Condamnation', 'Sans Objet', ''),
(588, 'Condamnation', 'Sans Objet', ''),
(589, 'Condamnation', 'Sans Objet', ''),
(590, 'Condamnation', 'Sans Objet', ''),
(591, 'Condamnation', 'Sans Objet', ''),
(592, 'Condamnation', 'Sans Objet', ''),
(593, 'Condamnation', 'Sans Objet', ''),
(594, 'Condamnation', 'Sans Objet', ''),
(595, 'Condamnation', 'Sans Objet', ''),
(596, 'Condamnation', 'Sans Objet', ''),
(597, 'Condamnation', 'Sans Objet', ''),
(598, 'Condamnation', 'Sans Objet', ''),
(599, 'Batteuse', '', 'Déployé'),
(600, 'Condamnation', '', ''),
(601, 'Condamnation', '', ''),
(602, 'Condamnation', '', ''),
(603, 'Condamnation', '', ''),
(604, 'Batteuse', '', 'Déployé'),
(605, 'Batteuse', '', 'Déployé'),
(606, 'Condamnation', '', ''),
(607, 'Condamnation', '', ''),
(608, 'Condamnation', '', ''),
(609, 'Condamnation', '', ''),
(610, 'Condamnation', '', ''),
(611, 'Condamnation', '', ''),
(612, 'Condamnation', '', ''),
(613, 'Condamnation', '', ''),
(614, 'Condamnation', '', ''),
(615, 'Batteuse', NULL, 'Déployé'),
(616, 'CA/IS', 'Sans Objet', 'Déployé'),
(617, 'Crémone', 'Sans Objet', 'Déployé'),
(618, 'Crémone', 'Sans Objet', 'Déployé'),
(619, 'Condamnation', '', 'Déployé'),
(620, 'Cylindre Européen', '30/40', 'Déployé'),
(621, 'Cylindre Européen', '30/30', 'Déployé'),
(622, 'Cylindre Européen', '30/30', 'Déployé'),
(623, 'Cylindre Européen', '30/30', 'Déployé'),
(624, 'Cylindre Européen', '30/30', 'Déployé'),
(625, 'Cylindre Européen', '30/30', 'Déployé'),
(626, 'Cylindre Européen', '30/30', 'Déployé'),
(627, 'Cylindre Européen', '30/30', 'Déployé'),
(628, 'Cylindre Européen', '30/30', 'Déployé'),
(629, 'Cylindre Européen', '30/30', 'Déployé'),
(630, 'Cylindre Européen', '30/30', 'Déployé'),
(631, 'Cylindre Européen', '30/30', 'Déployé'),
(632, 'Cylindre Européen', '30/30', 'Déployé'),
(633, 'Cylindre Européen', '30/30', 'Déployé'),
(634, 'Cylindre Européen', '30/30', 'Déployé'),
(635, 'Cylindre Européen', '30/30', 'Déployé');

-- --------------------------------------------------------

--
-- Structure de la table `pass_partiel1`
--

CREATE TABLE `pass_partiel1` (
  `id` int(11) NOT NULL,
  `nomPass1` varchar(255) COLLATE utf8_unicode_ci NOT NULL
) ENGINE=InnoDB DEFAULT CHARSET=utf8 COLLATE=utf8_unicode_ci;

--
-- Contenu de la table `pass_partiel1`
--

INSERT INTO `pass_partiel1` (`id`, `nomPass1`) VALUES
(1, 'PP1DAF'),
(2, 'PP1DG'),
(3, 'PP1DOP'),
(4, 'PP1SUR');

-- --------------------------------------------------------

--
-- Structure de la table `pass_partiel2`
--

CREATE TABLE `pass_partiel2` (
  `id` int(11) NOT NULL,
  `pass_partiel1_id` int(11) DEFAULT NULL,
  `nomPass2` varchar(255) COLLATE utf8_unicode_ci NOT NULL
) ENGINE=InnoDB DEFAULT CHARSET=utf8 COLLATE=utf8_unicode_ci;

--
-- Contenu de la table `pass_partiel2`
--

INSERT INTO `pass_partiel2` (`id`, `pass_partiel1_id`, `nomPass2`) VALUES
(1, 1, 'PP2DAF01'),
(2, 1, 'PP2DAF02'),
(3, 1, 'PP2DAF03'),
(4, 1, 'PP2DAF04'),
(5, 1, 'PP2DAF05'),
(6, 1, 'PP2DAF06'),
(7, 1, 'PP2DAF07'),
(8, 1, 'PP2DAF08'),
(9, 2, 'PP2DG01'),
(10, 2, 'PP2DG02'),
(11, 2, 'PP2DG03'),
(12, 2, 'PP2DG04'),
(13, 2, 'PP2DG05'),
(14, 3, 'PP2DOP01'),
(15, 3, 'PP2DOP02'),
(16, 3, 'PP2DOP03'),
(17, 3, 'PP2DOP04'),
(18, 3, 'PP2DOP05'),
(19, 3, 'PP2DOP06'),
(20, 3, 'PP2DOP07'),
(21, 4, 'PP2SUR01'),
(22, 4, 'PP2SUR02'),
(23, 4, 'PP2SUR03'),
(24, 4, 'PP2SUR04'),
(25, 4, 'PP2SUR05');

-- --------------------------------------------------------

--
-- Structure de la table `pass_partiel3`
--

CREATE TABLE `pass_partiel3` (
  `id` int(11) NOT NULL,
  `pass_partiel2_id` int(11) DEFAULT NULL,
  `nomPass3` varchar(255) COLLATE utf8_unicode_ci NOT NULL
) ENGINE=InnoDB DEFAULT CHARSET=utf8 COLLATE=utf8_unicode_ci;

--
-- Contenu de la table `pass_partiel3`
--

INSERT INTO `pass_partiel3` (`id`, `pass_partiel2_id`, `nomPass3`) VALUES
(1, 1, 'PP3DAF01'),
(2, 1, 'PP3DAF02'),
(3, 1, 'PP3DAF03'),
(4, 1, 'PP3DAF04'),
(5, 1, 'PP3DAF05'),
(6, 1, 'PP3DAF06'),
(7, 1, 'PP3DAF07'),
(8, 1, 'PP3DAF08'),
(9, 1, 'PP3DAF09'),
(10, 1, 'PP3DAF10'),
(11, 2, 'PP3DAF11'),
(12, 2, 'PP3DAF12'),
(13, 2, 'PP3DAF13'),
(14, 3, 'PP3DAF14'),
(15, 3, 'PP3DAF15'),
(16, 3, 'PP3DAF16'),
(17, 4, 'PP3DAF17'),
(18, 4, 'PP3DAF18'),
(19, 4, 'PP3DAF19'),
(20, 5, 'PP3DAF20'),
(21, 5, 'PP3DAF21'),
(22, 5, 'PP3DAF22'),
(23, 6, 'PP3DAF23'),
(24, 6, 'PP3DAF24'),
(25, 6, 'PP3DAF25'),
(26, 7, 'PP3DAF26'),
(27, 7, 'PP3DAF27'),
(28, 7, 'PP3DAF28'),
(29, 8, 'PP3DAF29'),
(30, 8, 'PP3DAF30'),
(31, 8, 'PP3DAF31'),
(32, 9, 'PP3DG01'),
(33, 9, 'PP3DG02'),
(34, 9, 'PP3DG03'),
(35, 10, 'PP3DG04'),
(36, 10, 'PP3DG05'),
(37, 10, 'PP3DG06'),
(38, 11, 'PP3DG07'),
(39, 11, 'PP3DG08'),
(40, 11, 'PP3DG09'),
(41, 12, 'PP3DG10'),
(42, 12, 'PP3DG11'),
(43, 12, 'PP3DG12'),
(44, 13, 'PP3DG13'),
(45, 13, 'PP3DG14'),
(46, 13, 'PP3DG15'),
(47, 14, 'PP3DOP01'),
(48, 14, 'PP3DOP02'),
(49, 14, 'PP3DOP03'),
(50, 14, 'PP3DOP04'),
(51, 14, 'PP3DOP05'),
(52, 14, 'PP3DOP06'),
(53, 14, 'PP3DOP07'),
(54, 14, 'PP3DOP08'),
(55, 14, 'PP3DOP09'),
(56, 14, 'PP3DOP010'),
(57, 15, 'PP3DOP11'),
(58, 15, 'PP3DOP12'),
(59, 15, 'PP3DOP13'),
(60, 16, 'PP3DOP14'),
(61, 16, 'PP3DOP15'),
(62, 16, 'PP3DOP16'),
(63, 17, 'PP3DOP17'),
(64, 17, 'PP3DOP18'),
(65, 17, 'PP3DOP19'),
(66, 18, 'PP3DOP20'),
(67, 18, 'PP3DOP21'),
(68, 18, 'PP3DOP22'),
(69, 19, 'PP3DOP23'),
(70, 19, 'PP3DOP24'),
(71, 19, 'PP3DOP25'),
(72, 20, 'PP3DOP26'),
(73, 20, 'PP3DOP27'),
(74, 20, 'PP3DOP28'),
(75, 21, 'PP3SUR01'),
(76, 21, 'PP3SUR02'),
(77, 21, 'PP3SUR03'),
(78, 21, 'PP3SUR04'),
(79, 21, 'PP3SUR05'),
(80, 21, 'PP3SUR06'),
(81, 22, 'PP3SUR07'),
(82, 22, 'PP3SUR08'),
(83, 22, 'PP3SUR09'),
(84, 22, 'PP3SUR10'),
(85, 22, 'PP3SUR11'),
(86, 22, 'PP3SUR12'),
(87, 22, 'PP3SUR13'),
(88, 22, 'PP3SUR14'),
(89, 22, 'PP3SUR15'),
(90, 22, 'PP3SUR16'),
(91, 22, 'PP3SUR17'),
(92, 22, 'PP3SUR18'),
(93, 22, 'PP3SUR19'),
(94, 23, 'PP3SUR20'),
(95, 23, 'PP3SUR21'),
(96, 23, 'PP3SUR22'),
(97, 23, 'PP3SUR23'),
(98, 23, 'PP3SUR24'),
(99, 23, 'PP3SUR25'),
(100, 23, 'PP3SUR26'),
(101, 23, 'PP3SUR27'),
(102, 23, 'PP3SUR28'),
(103, 23, 'PP3SUR29'),
(104, 24, 'PP3SUR30'),
(105, 24, 'PP3SUR31'),
(106, 24, 'PP3SUR32'),
(107, 24, 'PP3SUR33'),
(108, 24, 'PP3SUR34'),
(109, 24, 'PP3SUR35'),
(110, 24, 'PP3SUR36'),
(111, 24, 'PP3SUR37'),
(112, 24, 'PP3SUR38'),
(113, 24, 'PP3SUR39'),
(114, 25, 'PP3SUR40'),
(115, 25, 'PP3SUR41'),
(116, 25, 'PP3SUR42'),
(117, 25, 'PP3SUR43'),
(118, 25, 'PP3SUR44'),
(119, 25, 'PP3SUR45'),
(120, 25, 'PP3SUR46'),
(121, 25, 'PP3SUR47'),
(122, 25, 'PP3SUR48'),
(123, 25, 'PP3SUR49');

-- --------------------------------------------------------

--
-- Structure de la table `percepteur`
--

CREATE TABLE `percepteur` (
  `id` int(11) NOT NULL,
  `email` varchar(255) COLLATE utf8_unicode_ci DEFAULT NULL,
  `typePercepteur` varchar(255) COLLATE utf8_unicode_ci NOT NULL,
  `organisation` varchar(255) COLLATE utf8_unicode_ci NOT NULL,
  `nomPercepteur` varchar(255) COLLATE utf8_unicode_ci NOT NULL,
  `service_id` int(11) DEFAULT NULL,
  `prenomPercepteur` varchar(255) COLLATE utf8_unicode_ci NOT NULL,
  `telephone` varchar(255) COLLATE utf8_unicode_ci DEFAULT NULL
) ENGINE=InnoDB DEFAULT CHARSET=utf8 COLLATE=utf8_unicode_ci;

--
-- Contenu de la table `percepteur`
--

INSERT INTO `percepteur` (`id`, `email`, `typePercepteur`, `organisation`, `nomPercepteur`, `service_id`, `prenomPercepteur`, `telephone`) VALUES
(1, 'Email non renseigné', 'EmployePort', 'PALR', 'PUYRAZAT', 2, 'MICHEL', 'Téléphone non renseigné'),
(2, 'Email non renseigné', 'EmployePort', 'PALR', 'RAMBAUD', 14, 'THIERRY', 'Téléphone non renseigné'),
(3, 'Email non renseigné', 'EmployePort', 'PALR', 'RAMBEAUD', 19, 'FABIEN', 'Téléphone non renseigné'),
(4, 'Email non renseigné', 'EmployePort', 'PALR', 'RESTAU', 5, 'MURIELLE', 'Téléphone non renseigné'),
(5, 'Email non renseigné', 'EmployePort', 'PALR', 'REYDANT', 16, 'PHILIPPE', 'Téléphone non renseigné'),
(6, 'Email non renseigné', 'EmployePort', 'PALR', 'RICHARD', 8, 'ERIKA', 'Téléphone non renseigné'),
(7, 'Email non renseigné', 'EmployePort', 'PALR', 'RIVALLAND', 19, 'DAVID', 'Téléphone non renseigné'),
(8, 'Email non renseigné', 'EmployePort', 'PALR', 'ROSSI', 17, 'HERVE', 'Téléphone non renseigné'),
(9, 'Email non renseigné', 'EmployePort', 'PALR', 'ROULLIN-BONNIN', 2, 'SYLVIE', 'Téléphone non renseigné'),
(10, 'Email non renseigné', 'EmployePort', 'PALR', 'ROZE', 19, 'PATRICE', 'Téléphone non renseigné'),
(11, 'Email non renseigné', 'EmployePort', 'PALR', 'SAMSON', 19, 'JULIEN', 'Téléphone non renseigné'),
(12, 'Email non renseigné', 'EmployePort', 'PALR', 'SARRAZIN', 4, 'RENAUD', 'Téléphone non renseigné'),
(13, 'Email non renseigné', 'EmployePort', 'PALR', 'SEGOVIA', 4, 'HENRI', 'Téléphone non renseigné'),
(14, 'Email non renseigné', 'EmployePort', 'PALR', 'SELIN', 19, 'ANTHONY', 'Téléphone non renseigné'),
(15, 'Email non renseigné', 'EmployePort', 'PALR', 'SOLDATI', 5, 'MICHEL', 'Téléphone non renseigné'),
(16, 'Email non renseigné', 'EmployePort', 'PALR', 'SOUCHAY', 17, 'FRANCK', 'Téléphone non renseigné'),
(17, 'Email non renseigné', 'EmployePort', 'PALR', 'SOULET', 17, 'PASCAL', 'Téléphone non renseigné'),
(18, 'Email non renseigné', 'EmployePort', 'PALR', 'STAPOR', 21, 'MATTHIEU', 'Téléphone non renseigné'),
(19, 'Email non renseigné', 'EmployePort', 'PALR', 'TANCHE-CHARTON', 14, 'CELINE', 'Téléphone non renseigné'),
(20, 'Email non renseigné', 'EmployePort', 'PALR', 'TASSAUX', 2, 'NATHALIE', 'Téléphone non renseigné'),
(21, 'Email non renseigné', 'EmployePort', 'PALR', 'TEXIER', 17, 'PHILIPPE', 'Téléphone non renseigné'),
(22, 'Email non renseigné', 'EmployePort', 'PALR', 'THOMAS', 22, 'LAURENCE', 'Téléphone non renseigné'),
(23, 'Email non renseigné', 'EmployePort', 'PALR', 'THOMELET', 22, 'MAUD', 'Téléphone non renseigné'),
(24, 'Email non renseigné', 'EmployePort', 'PALR', 'TRAKOWANITSCH', 23, 'ISABELLE', 'Téléphone non renseigné'),
(25, 'Email non renseigné', 'EmployePort', 'PALR', 'VALANTIN', 17, 'CLEMENT', 'Téléphone non renseigné'),
(26, 'Email non renseigné', 'EmployePort', 'PALR', 'VALIN', 16, 'LOUIS', 'Téléphone non renseigné'),
(27, 'Email non renseigné', 'EmployePort', 'PALR', 'VANDERSPELDEN', 15, 'JORDAN', 'Téléphone non renseigné'),
(28, 'Email non renseigné', 'EmployePort', 'PALR', 'VASTI', 21, 'ROBERT', 'Téléphone non renseigné'),
(29, 'Email non renseigné', 'EmployePort', 'PALR', 'VELOT', 23, 'ANTHONY', 'Téléphone non renseigné'),
(30, 'Email non renseigné', 'EmployePort', 'PALR', 'VILLARD', 10, 'ESTELLE', 'Téléphone non renseigné'),
(31, 'Email non renseigné', 'EmployePort', 'PALR', 'VOILAND', 9, 'HELENE', 'Téléphone non renseigné'),
(32, 'Email non renseigné', 'EmployePort', 'PALR', '*SURETE', 15, ' ', 'Téléphone non renseigné'),
(33, 'Email non renseigné', 'EmployePort', 'PALR', '*CAPITAINERIE', 16, ' ', 'Téléphone non renseigné'),
(34, 'Email non renseigné', 'EmployePort', 'PALR', '*SAMIT', 17, ' ', 'Téléphone non renseigné'),
(35, 'Email non renseigné', 'EmployePort', 'PALR', '*SISI', 20, ' ', 'Téléphone non renseigné'),
(36, 'Email non renseigné', 'EmployePort', 'PALR', '*SAGT', 22, ' ', 'Téléphone non renseigné'),
(37, 'Email non renseigné', 'EmployePort', 'PALR', '*Accueil', 22, ' ', 'Téléphone non renseigné'),
(38, 'Email non renseigné', 'EmployePort', 'PALR', '*Ménage', 22, ' ', 'Téléphone non renseigné'),
(39, 'Email non renseigné', 'EmployePort', 'PALR', '*Maintenance', 22, ' ', 'Téléphone non renseigné'),
(40, 'Email non renseigné', 'CollabExt', 'EDF', '*EDF', NULL, ' ', 'Téléphone non renseigné'),
(41, 'Email non renseigné', 'CollabExt', 'BOLLORE PORT', '*BOLLORE PORT', NULL, ' ', 'Téléphone non renseigné'),
(42, 'Email non renseigné', 'EmployePort', 'PALR', '*GIP', 15, ' ', 'Téléphone non renseigné'),
(43, 'Email non renseigné', 'EmployePort', 'PALR', '*SOCORAIL', 19, ' ', 'Téléphone non renseigné'),
(44, 'Email non renseigné', 'EmployePort', 'PALR', '*Picoty', 19, ' ', 'Téléphone non renseigné'),
(45, 'Email non renseigné', 'EmployePort', 'PALR', '*SDLP', 19, ' ', 'Téléphone non renseigné'),
(46, 'Email non renseigné', 'EmployePort', 'PALR', '*SISP', 19, ' ', 'Téléphone non renseigné'),
(47, 'Email non renseigné', 'EmployePort', 'PALR', '*Lamanage', 19, ' ', 'Téléphone non renseigné'),
(48, 'Email non renseigné', 'EmployePort', 'PALR', '*AIS', 17, ' ', 'Téléphone non renseigné'),
(49, 'Email non renseigné', 'EmployePort', 'PALR', '*CITEOS', 17, ' ', 'Téléphone non renseigné'),
(50, 'Email non renseigné', 'EmployePort', 'PALR', '*Atlantique Scaphandre', 16, ' ', 'Téléphone non renseigné'),
(51, 'Email non renseigné', 'EmployePort', 'PALR', '*GENDARMERIE MARITIME', 16, ' ', 'Téléphone non renseigné'),
(52, 'Email non renseigné', 'EmployePort', 'PALR', '*Phares et Balises', 16, ' ', 'Téléphone non renseigné'),
(53, 'Email non renseigné', 'EmployePort', 'PALR', '*Musée MARITIMES', 22, 'RAYMOND', 'Téléphone non renseigné'),
(54, 'Email non renseigné', 'EmployePort', 'PALR', 'MURATORE', 2, 'RENE', 'Téléphone non renseigné'),
(55, 'Email non renseigné', 'EmployePort', 'PALR', 'MONTUS', 13, 'Jany', 'Téléphone non renseigné');

-- --------------------------------------------------------

--
-- Structure de la table `perception`
--

CREATE TABLE `perception` (
  `id` int(11) NOT NULL,
  `variure_id` int(11) DEFAULT NULL,
  `pass_partiel1_id` int(11) DEFAULT NULL,
  `pass_partiel2_id` int(11) DEFAULT NULL,
  `pass_partiel3_id` int(11) DEFAULT NULL,
  `dateDebut` date NOT NULL,
  `dateFin` date DEFAULT NULL,
  `typePerception` varchar(255) COLLATE utf8_unicode_ci NOT NULL,
  `choixPerception` varchar(255) COLLATE utf8_unicode_ci NOT NULL,
  `etatPerception` varchar(255) COLLATE utf8_unicode_ci NOT NULL,
  `percepteur_id` int(11) DEFAULT NULL,
  `motivationDemande` varchar(255) COLLATE utf8_unicode_ci NOT NULL
) ENGINE=InnoDB DEFAULT CHARSET=utf8 COLLATE=utf8_unicode_ci;

-- --------------------------------------------------------

--
-- Structure de la table `ServicePALR`
--

CREATE TABLE `ServicePALR` (
  `id` int(11) NOT NULL,
  `nomServicePALR` varchar(255) COLLATE utf8_unicode_ci NOT NULL
) ENGINE=InnoDB DEFAULT CHARSET=utf8 COLLATE=utf8_unicode_ci;

--
-- Contenu de la table `ServicePALR`
--

INSERT INTO `ServicePALR` (`id`, `nomServicePALR`) VALUES
(1, 'SAP'),
(2, 'DG'),
(3, 'MDD'),
(4, 'SI'),
(5, 'DOL'),
(6, 'SINF'),
(7, 'DAF'),
(8, 'SCF'),
(9, 'RH'),
(10, 'CGA'),
(11, 'AC'),
(12, 'MS DA'),
(13, 'DRC'),
(14, 'MCOM'),
(15, 'SUR'),
(16, 'CAP'),
(17, 'SAMIT'),
(18, 'PRCN'),
(19, 'SIPF'),
(20, 'SISI'),
(21, 'DSDD'),
(22, 'SAGT'),
(23, 'DMP');

-- --------------------------------------------------------

--
-- Structure de la table `variure`
--

CREATE TABLE `variure` (
  `id` int(11) NOT NULL,
  `pass_partiel2_id` int(11) DEFAULT NULL,
  `pass_partiel3_id` int(11) DEFAULT NULL,
  `nomVariure` varchar(255) COLLATE utf8_unicode_ci DEFAULT NULL,
  `etat` varchar(255) COLLATE utf8_unicode_ci DEFAULT NULL,
  `outil_fermeture_id` int(11) DEFAULT NULL
) ENGINE=InnoDB DEFAULT CHARSET=utf8 COLLATE=utf8_unicode_ci;

--
-- Contenu de la table `variure`
--

INSERT INTO `variure` (`id`, `pass_partiel2_id`, `pass_partiel3_id`, `nomVariure`, `etat`, `outil_fermeture_id`) VALUES
(1, NULL, 90, 'F001', NULL, NULL),
(2, NULL, 90, 'F002', NULL, 305),
(3, 6, NULL, 'F105', 'Déployé', 66),
(4, 2, NULL, 'DUMMY27', 'Déployé', 52),
(5, NULL, 5, 'F107', NULL, NULL),
(6, 5, NULL, 'DUMMY11', NULL, NULL),
(7, 5, NULL, 'DUMMY18', NULL, NULL),
(8, 2, NULL, 'DUMMY19', NULL, NULL),
(9, 2, NULL, 'DUMMY26', NULL, NULL),
(10, NULL, 2, 'F113', 'Déployé', 7),
(11, 4, NULL, 'F114', 'Déployé', 56),
(12, NULL, 2, 'F115', 'Déployé', 117),
(13, 5, NULL, 'F116', 'Déployé', 49),
(14, 3, NULL, 'F117', 'Déployé', 61),
(15, NULL, NULL, 'RESERVE1', NULL, NULL),
(16, NULL, 2, 'F209', 'Déployé', 162),
(17, NULL, 2, 'F212', 'Déployé', 251),
(18, 1, NULL, 'F219', 'Déployé', 45),
(19, 1, NULL, 'F220', NULL, NULL),
(20, 1, NULL, 'F221', 'Déployé', 44),
(21, 1, NULL, 'F222', NULL, NULL),
(22, 1, NULL, 'F223', 'Déployé', 43),
(23, 1, NULL, 'F224', 'Déployé', 293),
(24, NULL, 1, 'F225', 'Déployé', 155),
(25, 1, NULL, 'DAF001', 'Déployé', 46),
(26, 1, NULL, 'DAF002', 'Déployé', 129),
(27, 1, NULL, 'DAF003', NULL, NULL),
(28, 1, NULL, 'DAF004', NULL, NULL),
(29, 1, NULL, 'DAF005', NULL, NULL),
(30, 1, NULL, 'DAF006', NULL, NULL),
(31, 1, NULL, 'DAF007', NULL, NULL),
(32, 1, NULL, 'DAF008', NULL, NULL),
(33, 1, NULL, 'DAF009', NULL, NULL),
(34, 1, NULL, 'DAF010', NULL, NULL),
(35, NULL, 1, 'DAF011', 'Déployé', 179),
(36, NULL, 1, 'DAF012', 'Déployé', 255),
(37, NULL, 1, 'DAF013', 'Déployé', 276),
(38, NULL, 1, 'DAF014', NULL, NULL),
(39, NULL, 1, 'DAF015', NULL, NULL),
(40, NULL, 1, 'DAF016', NULL, NULL),
(41, NULL, 1, 'DAF017', NULL, NULL),
(42, NULL, 1, 'DAF018', NULL, NULL),
(43, NULL, 1, 'DAF019', NULL, NULL),
(44, NULL, 1, 'DAF020', NULL, NULL),
(45, NULL, 2, 'DAF031', 'Déployé', 269),
(46, NULL, 2, 'DAF032', NULL, NULL),
(47, NULL, 2, 'DAF033', NULL, NULL),
(48, NULL, 2, 'DAF034', NULL, NULL),
(49, NULL, 2, 'DAF035', NULL, NULL),
(50, NULL, 2, 'DAF036', NULL, NULL),
(51, NULL, 2, 'DAF037', NULL, NULL),
(52, NULL, 2, 'DAF038', NULL, NULL),
(53, NULL, 2, 'DAF039', NULL, NULL),
(54, NULL, 2, 'DAF040', NULL, NULL),
(55, NULL, 5, 'DUMMY51', NULL, NULL),
(56, NULL, 5, 'DUMMY52', NULL, NULL),
(57, NULL, 5, 'DUMMY53', NULL, NULL),
(58, NULL, 5, 'DUMMY54', NULL, NULL),
(59, NULL, 5, 'DUMMY55', NULL, NULL),
(60, NULL, 5, 'DUMMY56', NULL, NULL),
(61, NULL, 5, 'DUMMY57', NULL, NULL),
(62, NULL, 5, 'DUMMY58', NULL, NULL),
(63, NULL, 5, 'DUMMY59', NULL, NULL),
(64, NULL, 5, 'DUMMY60', NULL, NULL),
(65, NULL, 8, 'DAF051', NULL, NULL),
(66, NULL, 8, 'DAF052', NULL, NULL),
(67, NULL, 8, 'DAF053', NULL, NULL),
(68, NULL, 8, 'DAF054', NULL, NULL),
(69, NULL, 8, 'DAF055', NULL, NULL),
(70, NULL, 8, 'DAF056', NULL, NULL),
(71, NULL, 8, 'DAF057', NULL, NULL),
(72, NULL, 8, 'DAF058', NULL, NULL),
(73, NULL, 8, 'DAF059', NULL, NULL),
(74, NULL, 8, 'DAF060', NULL, NULL),
(77, NULL, 3, 'DAF063', 'Déployé', 5),
(78, NULL, 3, 'DAF064', 'Déployé', 73),
(79, NULL, 3, 'DAF065', NULL, NULL),
(80, NULL, 3, 'DAF066', 'Déployé', 375),
(81, NULL, 3, 'DAF067', NULL, NULL),
(82, NULL, 3, 'DAF068', 'Déployé', 211),
(83, NULL, 3, 'DAF069', 'Déployé', 283),
(84, NULL, 3, 'DAF070', 'Déployé', 258),
(85, NULL, 9, 'DAF081', 'Déployé', 221),
(86, NULL, 9, 'DAF082', NULL, NULL),
(87, NULL, 9, 'DAF083', 'Déployé', 224),
(88, NULL, 9, 'DAF084', NULL, NULL),
(89, NULL, 9, 'DAF085', NULL, NULL),
(90, NULL, 9, 'DAF086', NULL, NULL),
(91, NULL, 9, 'DAF087', NULL, NULL),
(92, NULL, 9, 'DAF088', NULL, NULL),
(93, NULL, 9, 'DAF089', NULL, NULL),
(94, NULL, 9, 'DAF090', NULL, NULL),
(95, NULL, 10, 'DAF091', NULL, NULL),
(96, NULL, 10, 'DAF092', NULL, NULL),
(97, NULL, 10, 'DAF093', NULL, NULL),
(98, NULL, 10, 'DAF094', NULL, NULL),
(99, NULL, 10, 'DAF095', NULL, NULL),
(100, NULL, 10, 'DAF096', NULL, NULL),
(101, NULL, 10, 'DAF097', NULL, NULL),
(102, NULL, 10, 'DAF098', NULL, NULL),
(103, NULL, 10, 'DAF099', NULL, NULL),
(104, NULL, 10, 'DAF100', NULL, NULL),
(105, 2, NULL, 'DAF101', NULL, NULL),
(106, 2, NULL, 'DAF102', NULL, NULL),
(107, 2, NULL, 'DAF103', NULL, NULL),
(108, 2, NULL, 'DAF104', NULL, NULL),
(109, 2, NULL, 'DAF105', NULL, NULL),
(110, 2, NULL, 'DAF106', NULL, NULL),
(111, 2, NULL, 'DAF107', NULL, NULL),
(112, 2, NULL, 'DAF108', NULL, NULL),
(113, 2, NULL, 'DAF109', NULL, NULL),
(114, 2, NULL, 'DAF110', NULL, NULL),
(115, NULL, 11, 'DAF111', 'Déployé', 222),
(116, NULL, 11, 'DAF112', NULL, NULL),
(117, NULL, 11, 'DAF113', NULL, NULL),
(118, NULL, 11, 'DAF114', NULL, NULL),
(119, NULL, 11, 'DAF115', NULL, NULL),
(120, NULL, 11, 'DAF116', NULL, NULL),
(121, NULL, 11, 'DAF117', NULL, NULL),
(122, NULL, 11, 'DAF118', NULL, NULL),
(123, NULL, 11, 'DAF119', NULL, NULL),
(124, NULL, 11, 'DAF120', NULL, NULL),
(125, NULL, 12, 'DAF121', NULL, NULL),
(126, NULL, 12, 'DAF122', NULL, NULL),
(127, NULL, 12, 'DAF123', NULL, NULL),
(128, NULL, 12, 'DAF124', NULL, NULL),
(129, NULL, 12, 'DAF125', NULL, NULL),
(130, NULL, 12, 'DAF126', NULL, NULL),
(131, NULL, 12, 'DAF127', NULL, NULL),
(132, NULL, 12, 'DAF128', NULL, NULL),
(133, NULL, 12, 'DAF129', NULL, NULL),
(134, NULL, 12, 'DAF130', NULL, NULL),
(135, NULL, 13, 'DAF131', NULL, NULL),
(136, NULL, 13, 'DAF132', NULL, NULL),
(137, NULL, 13, 'DAF133', NULL, NULL),
(138, NULL, 13, 'DAF134', NULL, NULL),
(139, NULL, 13, 'DAF135', NULL, NULL),
(140, NULL, 13, 'DAF136', NULL, NULL),
(141, NULL, 13, 'DAF137', NULL, NULL),
(142, NULL, 13, 'DAF138', NULL, NULL),
(143, NULL, 13, 'DAF139', NULL, NULL),
(144, NULL, 13, 'DAF140', NULL, NULL),
(145, 3, NULL, 'DAF141', 'Déployé', 62),
(146, 3, NULL, 'DAF142', 'Déployé', 64),
(147, 3, NULL, 'DAF143', 'Déployé', 65),
(149, 3, NULL, 'DAF145', 'Déployé', 219),
(150, 3, NULL, 'DAF146', NULL, NULL),
(151, 3, NULL, 'DAF147', NULL, NULL),
(152, 3, NULL, 'DAF148', NULL, NULL),
(153, 3, NULL, 'DAF149', NULL, NULL),
(154, 3, NULL, 'DAF150', NULL, NULL),
(155, NULL, 14, 'DAF151', NULL, NULL),
(156, NULL, 14, 'DAF152', NULL, NULL),
(157, NULL, 14, 'DAF153', NULL, NULL),
(158, NULL, 14, 'DAF154', NULL, NULL),
(159, NULL, 14, 'DAF155', NULL, NULL),
(160, NULL, 14, 'DAF156', NULL, NULL),
(161, NULL, 14, 'DAF157', NULL, NULL),
(162, NULL, 14, 'DAF158', NULL, NULL),
(163, NULL, 14, 'DAF159', NULL, NULL),
(164, NULL, 14, 'DAF160', NULL, NULL),
(165, NULL, 15, 'DAF161', NULL, NULL),
(166, NULL, 15, 'DAF162', NULL, NULL),
(167, NULL, 15, 'DAF163', NULL, NULL),
(168, NULL, 15, 'DAF164', NULL, NULL),
(169, NULL, 15, 'DAF165', NULL, NULL),
(170, NULL, 15, 'DAF166', NULL, NULL),
(171, NULL, 15, 'DAF167', NULL, NULL),
(172, NULL, 15, 'DAF168', NULL, NULL),
(173, NULL, 15, 'DAF169', NULL, NULL),
(174, NULL, 15, 'DAF170', NULL, NULL),
(175, NULL, 16, 'DAF171', NULL, NULL),
(176, NULL, 16, 'DAF172', NULL, NULL),
(177, NULL, 16, 'DAF173', NULL, NULL),
(178, NULL, 16, 'DAF174', NULL, NULL),
(179, NULL, 16, 'DAF175', NULL, NULL),
(180, NULL, 16, 'DAF176', NULL, NULL),
(181, NULL, 16, 'DAF177', NULL, NULL),
(182, NULL, 16, 'DAF178', NULL, NULL),
(183, NULL, 16, 'DAF179', NULL, NULL),
(184, NULL, 16, 'DAF180', NULL, NULL),
(185, 4, NULL, 'DAF181', 'Déployé', 47),
(186, 4, NULL, 'DAF182', 'Déployé', 60),
(187, 4, NULL, 'DAF183', 'Déployé', 127),
(188, 4, NULL, 'DAF184', NULL, NULL),
(189, 4, NULL, 'DAF185', NULL, NULL),
(190, 4, NULL, 'DAF186', NULL, NULL),
(191, 4, NULL, 'DAF187', NULL, NULL),
(192, 4, NULL, 'DAF188', NULL, NULL),
(193, 4, NULL, 'DAF189', NULL, NULL),
(194, NULL, 17, 'DAF190', NULL, NULL),
(195, NULL, 17, 'DAF191', NULL, NULL),
(196, NULL, 17, 'DAF192', NULL, NULL),
(197, NULL, 17, 'DAF193', NULL, NULL),
(198, NULL, 17, 'DAF194', NULL, NULL),
(199, NULL, 17, 'DAF195', NULL, NULL),
(200, NULL, 17, 'DAF196', NULL, NULL),
(201, NULL, 17, 'DAF197', NULL, NULL),
(202, NULL, 17, 'DAF198', NULL, NULL),
(203, NULL, 17, 'DAF199', NULL, NULL),
(204, NULL, 18, 'DAF200', NULL, NULL),
(205, NULL, 18, 'DAF201', NULL, NULL),
(206, NULL, 18, 'DAF202', NULL, NULL),
(207, NULL, 18, 'DAF203', NULL, NULL),
(208, NULL, 18, 'DAF204', NULL, NULL),
(209, NULL, 18, 'DAF205', NULL, NULL),
(210, NULL, 18, 'DAF206', NULL, NULL),
(211, NULL, 18, 'DAF207', NULL, NULL),
(212, NULL, 18, 'DAF208', NULL, NULL),
(213, NULL, 18, 'DAF209', NULL, NULL),
(214, NULL, 19, 'DAF210', NULL, NULL),
(215, NULL, 19, 'DAF211', NULL, NULL),
(216, NULL, 19, 'DAF212', NULL, NULL),
(217, NULL, 19, 'DAF213', NULL, NULL),
(218, NULL, 19, 'DAF214', NULL, NULL),
(219, NULL, 19, 'DAF215', NULL, NULL),
(220, NULL, 19, 'DAF216', NULL, NULL),
(221, NULL, 19, 'DAF217', NULL, NULL),
(222, NULL, 19, 'DAF218', NULL, NULL),
(223, NULL, 19, 'DAF219', NULL, NULL),
(224, 4, NULL, 'DAF220', NULL, NULL),
(225, 5, NULL, 'DAF221', 'Déployé', 50),
(227, 5, NULL, 'DAF223', 'Déployé', NULL),
(228, 5, NULL, 'DAF224', NULL, NULL),
(229, 5, NULL, 'DAF225', NULL, NULL),
(230, 5, NULL, 'DAF226', NULL, NULL),
(231, 5, NULL, 'DAF227', NULL, NULL),
(232, 5, NULL, 'DAF228', NULL, NULL),
(233, 5, NULL, 'DAF229', NULL, NULL),
(234, 5, NULL, 'DAF230', NULL, NULL),
(235, NULL, 20, 'DAF231', NULL, NULL),
(236, NULL, 20, 'DAF232', NULL, NULL),
(237, NULL, 20, 'DAF233', NULL, NULL),
(238, NULL, 20, 'DAF234', NULL, NULL),
(239, NULL, 20, 'DAF235', NULL, NULL),
(240, NULL, 20, 'DAF236', NULL, NULL),
(241, NULL, 20, 'DAF237', NULL, NULL),
(242, NULL, 20, 'DAF238', NULL, NULL),
(243, NULL, 20, 'DAF239', NULL, NULL),
(244, NULL, 20, 'DAF240', NULL, NULL),
(245, NULL, 21, 'DAF241', NULL, NULL),
(246, NULL, 21, 'DAF242', NULL, NULL),
(247, NULL, 21, 'DAF243', NULL, NULL),
(248, NULL, 21, 'DAF244', NULL, NULL),
(249, NULL, 21, 'DAF245', NULL, NULL),
(250, NULL, 21, 'DAF246', NULL, NULL),
(251, NULL, 21, 'DAF247', NULL, NULL),
(252, NULL, 21, 'DAF248', NULL, NULL),
(253, NULL, 21, 'DAF249', NULL, NULL),
(254, NULL, 21, 'DAF250', NULL, NULL),
(255, NULL, 22, 'DAF251', NULL, NULL),
(256, NULL, 22, 'DAF252', NULL, NULL),
(257, NULL, 22, 'DAF253', NULL, NULL),
(258, NULL, 22, 'DAF254', NULL, NULL),
(259, NULL, 22, 'DAF255', NULL, NULL),
(260, NULL, 22, 'DAF256', NULL, NULL),
(261, NULL, 22, 'DAF257', NULL, NULL),
(262, NULL, 22, 'DAF258', NULL, NULL),
(263, NULL, 22, 'DAF259', NULL, NULL),
(264, NULL, 22, 'DAF260', NULL, NULL),
(265, 6, NULL, 'DAF261', 'Déployé', 132),
(266, 6, NULL, 'DAF262', NULL, NULL),
(267, 6, NULL, 'DAF263', NULL, NULL),
(268, 6, NULL, 'DAF264', NULL, NULL),
(269, 6, NULL, 'DAF265', NULL, NULL),
(270, 6, NULL, 'DAF266', NULL, NULL),
(271, 6, NULL, 'DAF267', NULL, NULL),
(272, 6, NULL, 'DAF268', NULL, NULL),
(273, 6, NULL, 'DAF269', NULL, NULL),
(274, 6, NULL, 'DAF270', NULL, NULL),
(275, NULL, 23, 'DAF271', NULL, NULL),
(276, NULL, 23, 'DAF272', 'Déployé', 72),
(277, NULL, 23, 'DAF273', NULL, NULL),
(278, NULL, 23, 'DAF274', 'Déployé', 299),
(279, NULL, 23, 'DAF275', 'Déployé', 35),
(280, NULL, 23, 'DAF276', 'Déployé', 119),
(281, NULL, 23, 'DAF277', NULL, NULL),
(282, NULL, 23, 'DAF278', 'Déployé', 125),
(283, NULL, 23, 'DAF279', NULL, NULL),
(284, NULL, 23, 'DAF280', NULL, NULL),
(285, NULL, 24, 'DAF281', NULL, NULL),
(286, NULL, 24, 'DAF282', NULL, NULL),
(287, NULL, 24, 'DAF283', NULL, NULL),
(288, NULL, 24, 'DAF284', NULL, NULL),
(289, NULL, 24, 'DAF285', NULL, NULL),
(290, NULL, 24, 'DAF286', NULL, NULL),
(291, NULL, 24, 'DAF287', NULL, NULL),
(292, NULL, 24, 'DAF288', NULL, NULL),
(293, NULL, 24, 'DAF289', NULL, NULL),
(294, NULL, 24, 'DAF290', NULL, NULL),
(295, NULL, 25, 'DAF291', NULL, NULL),
(296, NULL, 25, 'DAF292', NULL, NULL),
(297, NULL, 25, 'DAF293', NULL, NULL),
(298, NULL, 25, 'DAF294', NULL, NULL),
(299, NULL, 25, 'DAF295', NULL, NULL),
(300, NULL, 25, 'DAF296', NULL, NULL),
(301, NULL, 25, 'DAF297', NULL, NULL),
(302, NULL, 25, 'DAF298', NULL, NULL),
(303, NULL, 25, 'DAF299', NULL, NULL),
(304, NULL, 25, 'DAF300', NULL, NULL),
(305, 7, NULL, 'DAF301', 'Déployé', 57),
(306, 7, NULL, 'DAF302', 'Déployé', 58),
(307, 7, NULL, 'DAF303', 'Déployé', 59),
(308, 7, NULL, 'DAF304', 'Déployé', 133),
(309, 7, NULL, 'DAF305', NULL, NULL),
(310, 7, NULL, 'DAF306', NULL, NULL),
(311, 7, NULL, 'DAF307', NULL, NULL),
(312, 7, NULL, 'DAF308', NULL, NULL),
(313, 7, NULL, 'DAF309', NULL, NULL),
(314, 7, NULL, 'DAF310', NULL, NULL),
(315, NULL, 26, 'DAF311', NULL, NULL),
(316, NULL, 26, 'DAF312', NULL, NULL),
(317, NULL, 26, 'DAF313', NULL, NULL),
(318, NULL, 26, 'DAF314', NULL, NULL),
(319, NULL, 26, 'DAF315', NULL, NULL),
(320, NULL, 26, 'DAF316', NULL, NULL),
(321, NULL, 26, 'DAF317', NULL, NULL),
(322, NULL, 26, 'DAF318', NULL, NULL),
(323, NULL, 26, 'DAF319', NULL, NULL),
(324, NULL, 26, 'DAF320', NULL, NULL),
(325, NULL, 27, 'DAF321', NULL, NULL),
(326, NULL, 27, 'DAF322', NULL, NULL),
(327, NULL, 27, 'DAF323', NULL, NULL),
(328, NULL, 27, 'DAF324', NULL, NULL),
(329, NULL, 27, 'DAF325', NULL, NULL),
(330, NULL, 27, 'DAF326', NULL, NULL),
(331, NULL, 27, 'DAF327', NULL, NULL),
(332, NULL, 27, 'DAF328', NULL, NULL),
(333, NULL, 27, 'DAF329', NULL, NULL),
(334, NULL, 27, 'DAF330', NULL, NULL),
(335, NULL, 28, 'DAF331', NULL, NULL),
(336, NULL, 28, 'DAF332', NULL, NULL),
(337, NULL, 28, 'DAF333', NULL, NULL),
(338, NULL, 28, 'DAF334', NULL, NULL),
(339, NULL, 28, 'DAF335', NULL, NULL),
(340, NULL, 28, 'DAF336', NULL, NULL),
(341, NULL, 28, 'DAF337', NULL, NULL),
(342, NULL, 28, 'DAF338', NULL, NULL),
(343, NULL, 28, 'DAF339', NULL, NULL),
(344, NULL, 28, 'DAF340', NULL, NULL),
(345, 8, NULL, 'DAF341', NULL, NULL),
(346, 8, NULL, 'DAF342', NULL, NULL),
(347, 8, NULL, 'DAF343', NULL, NULL),
(348, 8, NULL, 'DAF344', NULL, NULL),
(349, 8, NULL, 'DAF345', NULL, NULL),
(350, 8, NULL, 'DAF346', NULL, NULL),
(351, 8, NULL, 'DAF347', NULL, NULL),
(352, 8, NULL, 'DAF348', NULL, NULL),
(353, 8, NULL, 'DAF349', NULL, NULL),
(354, 8, NULL, 'DAF350', NULL, NULL),
(355, NULL, 29, 'DAF351', NULL, NULL),
(356, NULL, 29, 'DAF352', NULL, NULL),
(357, NULL, 29, 'DAF353', NULL, NULL),
(358, NULL, 29, 'DAF354', NULL, NULL),
(359, NULL, 29, 'DAF355', NULL, NULL),
(360, NULL, 29, 'DAF356', NULL, NULL),
(361, NULL, 29, 'DAF357', NULL, NULL),
(362, NULL, 29, 'DAF358', NULL, NULL),
(363, NULL, 29, 'DAF359', NULL, NULL),
(364, NULL, 29, 'DAF360', NULL, NULL),
(365, NULL, 30, 'DAF361', NULL, NULL),
(366, NULL, 30, 'DAF362', NULL, NULL),
(367, NULL, 30, 'DAF363', NULL, NULL),
(368, NULL, 30, 'DAF364', NULL, NULL),
(369, NULL, 30, 'DAF365', NULL, NULL),
(370, NULL, 30, 'DAF366', NULL, NULL),
(371, NULL, 30, 'DAF367', NULL, NULL),
(372, NULL, 30, 'DAF368', NULL, NULL),
(373, NULL, 30, 'DAF369', NULL, NULL),
(374, NULL, 30, 'DAF370', NULL, NULL),
(375, NULL, 31, 'DAF371', NULL, NULL),
(376, NULL, 31, 'DAF372', NULL, NULL),
(377, NULL, 31, 'DAF373', NULL, NULL),
(378, NULL, 31, 'DAF374', NULL, NULL),
(379, NULL, 31, 'DAF375', NULL, NULL),
(380, NULL, 31, 'DAF376', NULL, NULL),
(381, NULL, 31, 'DAF377', NULL, NULL),
(382, NULL, 31, 'DAF378', NULL, NULL),
(383, NULL, 31, 'DAF379', NULL, NULL),
(384, NULL, 31, 'DAF380', NULL, NULL),
(387, NULL, 4, 'X002', 'Déployé', 161),
(388, NULL, 4, 'X003', 'Déployé', 26),
(389, NULL, 4, 'X004', 'Déployé', 6),
(390, NULL, 4, 'X005', 'Déployé', 31),
(391, NULL, 4, 'X006', 'Déployé', 34),
(393, NULL, 4, 'X008', 'Déployé', 267),
(394, NULL, 4, 'X009', 'Déployé', 275),
(396, NULL, 4, 'X011', 'Déployé', 28),
(398, NULL, 4, 'X013', 'Déployé', 89),
(399, NULL, 4, 'X014', 'Déployé', 122),
(401, NULL, 4, 'X102', NULL, NULL),
(402, NULL, 4, 'X103', NULL, NULL),
(405, NULL, 4, 'X106', NULL, NULL),
(407, NULL, 4, 'DAF021', 'Déployé', 24),
(408, NULL, 4, 'DAF022', NULL, NULL),
(409, NULL, 4, 'DAF023', NULL, NULL),
(410, NULL, 4, 'DAF024', NULL, NULL),
(411, NULL, 4, 'DAF025', NULL, NULL),
(412, NULL, 4, 'DAF026', NULL, NULL),
(413, NULL, 4, 'DAF027', NULL, NULL),
(414, NULL, 4, 'DAF028', NULL, NULL),
(415, NULL, 4, 'DAF029', NULL, NULL),
(416, NULL, 4, 'DAF030', NULL, NULL),
(420, NULL, 7, 'MG1-3', 'Déployé', 538),
(424, NULL, 7, 'MG2-3', 'Déployé', 302),
(425, NULL, 7, 'DAF071', 'Déployé', 147),
(426, NULL, 7, 'DAF072', 'Déployé', 356),
(427, NULL, 7, 'DAF073', 'Déployé', NULL),
(430, NULL, 7, 'DAF076', 'Déployé', 152),
(431, NULL, 7, 'DAF077', 'Déployé', 153),
(433, NULL, 7, 'DAF079', 'Déployé', 229),
(434, NULL, 7, 'DAF080', 'Déployé', 537),
(436, NULL, 2, 'B048-01', NULL, NULL),
(437, NULL, 2, 'B048-10', NULL, NULL),
(438, NULL, 2, 'B048-11', NULL, NULL),
(439, NULL, 2, 'B048-12', NULL, NULL),
(441, NULL, 6, 'BLO1-01', 'Déployé', 4),
(444, NULL, 6, 'BLO1-04', 'Déployé', 294),
(450, NULL, 6, 'BLO2-05', 'Déployé', 321),
(452, NULL, 6, 'BLO3-02', 'Déployé', 297),
(453, NULL, 6, 'BLO3-03', NULL, NULL),
(455, NULL, 6, 'BLO3-05', 'Déployé', 93),
(457, NULL, 6, 'BLO4-02', 'Déployé', 306),
(458, NULL, 6, 'BLO4-03', 'Déployé', 620),
(459, NULL, 6, 'BLO4-04', NULL, NULL),
(460, NULL, 6, 'BLO4-05', NULL, NULL),
(461, NULL, 6, 'BLO4-06', NULL, NULL),
(462, NULL, 6, 'BLO4-07', NULL, NULL),
(463, NULL, 6, 'BLO4-08', NULL, NULL),
(464, NULL, 6, 'BLO4-09', NULL, NULL),
(465, NULL, 6, 'BLO4-10', NULL, NULL),
(466, NULL, 6, 'BLO5-01', NULL, NULL),
(467, NULL, 6, 'BLO5-02', NULL, NULL),
(468, NULL, 6, 'BLO5-03', NULL, NULL),
(469, NULL, 6, 'BLO5-04', NULL, NULL),
(470, NULL, 6, 'BLO5-05', NULL, NULL),
(471, NULL, 6, 'BLO5-06', NULL, NULL),
(472, NULL, 6, 'BLO5-07', NULL, NULL),
(473, NULL, 6, 'BLO5-08', NULL, NULL),
(474, NULL, 6, 'BLO6-01', NULL, NULL),
(475, NULL, 6, 'BLO6-02', NULL, NULL),
(476, NULL, 6, 'BLO6-03', NULL, NULL),
(477, NULL, 6, 'BLO6-04', NULL, NULL),
(478, NULL, 6, 'BLO6-05', NULL, NULL),
(479, NULL, 6, 'BLO6-06', NULL, NULL),
(480, NULL, 6, 'BLO6-07', NULL, NULL),
(481, NULL, 6, 'BLO6-08', NULL, NULL),
(482, NULL, 6, 'BLO7-01', NULL, NULL),
(483, NULL, 6, 'BLO7-02', NULL, NULL),
(484, NULL, 6, 'BLO7-03', NULL, NULL),
(485, NULL, 6, 'BLO7-04', NULL, NULL),
(486, NULL, 6, 'BLO7-05', NULL, NULL),
(487, NULL, 6, 'BLO7-06', NULL, NULL),
(488, NULL, 6, 'BLO7-07', NULL, NULL),
(489, NULL, 6, 'BLO7-08', NULL, NULL),
(492, NULL, 90, 'G001', NULL, NULL),
(496, NULL, 8, 'DUMMY32', NULL, NULL),
(499, NULL, 8, 'DUMMY20', NULL, NULL),
(500, NULL, 1, 'DUMMY12', 'Déployé', 325),
(501, 15, NULL, 'G031', NULL, NULL),
(502, NULL, 8, 'DUMMY21', NULL, NULL),
(505, 15, NULL, 'DUMMY24', NULL, NULL),
(506, 15, NULL, 'DUMMY25', NULL, NULL),
(508, NULL, NULL, 'DUMMY1', NULL, NULL),
(509, 9, NULL, 'RESERVE3', NULL, NULL),
(510, NULL, NULL, 'RESERVE4', NULL, NULL),
(511, 9, NULL, 'DUMMY2', NULL, NULL),
(512, 9, NULL, 'G108', 'Déployé', 604),
(513, 9, NULL, 'DUMMY3', NULL, NULL),
(514, 9, NULL, 'DUMMY22', NULL, NULL),
(515, 9, NULL, 'G112', NULL, NULL),
(516, NULL, 1, 'DUMMY4', NULL, NULL),
(517, NULL, 2, 'G116', 'Déployé', 112),
(518, 10, NULL, 'G201', 'Déployé', 87),
(519, 10, NULL, 'G202', NULL, NULL),
(520, 10, NULL, 'G203', NULL, NULL),
(521, 10, NULL, 'G204', 'Déployé', 86),
(522, 10, NULL, 'DUMMY6', NULL, NULL),
(523, 10, NULL, 'DUMMY61', NULL, NULL),
(524, NULL, 2, 'DUMMY62', NULL, NULL),
(525, 9, NULL, 'DG001', 'Déployé', 134),
(526, 9, NULL, 'DG002', 'Déployé', 2),
(527, 9, NULL, 'DG003', 'Déployé', 96),
(528, 9, NULL, 'DG004', 'Déployé', 97),
(529, 9, NULL, 'DG005', NULL, NULL),
(530, 9, NULL, 'DG006', NULL, NULL),
(531, 9, NULL, 'DG007', NULL, NULL),
(532, 9, NULL, 'DG008', NULL, NULL),
(533, 9, NULL, 'DG009', NULL, NULL),
(534, 9, NULL, 'DG010', NULL, NULL),
(535, NULL, 32, 'DG011', 'Déployé', 9),
(536, NULL, 32, 'DG012', 'Déployé', 286),
(537, NULL, 32, 'DG013', 'Déployé', 287),
(538, NULL, 32, 'DG014', NULL, NULL),
(539, NULL, 32, 'DG015', NULL, NULL),
(540, NULL, 32, 'DG016', NULL, NULL),
(541, NULL, 32, 'DG017', NULL, NULL),
(542, NULL, 32, 'DG018', NULL, NULL),
(543, NULL, 32, 'DG019', NULL, NULL),
(544, NULL, 32, 'DG020', NULL, NULL),
(545, NULL, 33, 'DG021', NULL, NULL),
(546, NULL, 33, 'DG022', NULL, NULL),
(547, NULL, 33, 'DG023', NULL, NULL),
(548, NULL, 33, 'DG024', NULL, NULL),
(549, NULL, 33, 'DG025', NULL, NULL),
(550, NULL, 33, 'DG026', NULL, NULL),
(551, NULL, 33, 'DG027', NULL, NULL),
(552, NULL, 33, 'DG028', NULL, NULL),
(553, NULL, 33, 'DG029', NULL, NULL),
(554, NULL, 33, 'DG030', NULL, NULL),
(555, NULL, 34, 'DG031', NULL, NULL),
(556, NULL, 34, 'DG032', NULL, NULL),
(557, NULL, 34, 'DG033', NULL, NULL),
(558, NULL, 34, 'DG034', NULL, NULL),
(559, NULL, 34, 'DG035', NULL, NULL),
(560, NULL, 34, 'DG036', NULL, NULL),
(561, NULL, 34, 'DG037', NULL, NULL),
(562, NULL, 34, 'DG038', NULL, NULL),
(563, NULL, 34, 'DG039', NULL, NULL),
(564, NULL, 34, 'DG040', NULL, NULL),
(565, 10, NULL, 'DG041', 'Déployé', 11),
(566, 10, NULL, 'DG042', NULL, NULL),
(567, 10, NULL, 'DG043', NULL, NULL),
(568, 10, NULL, 'DG044', NULL, NULL),
(569, 10, NULL, 'DG045', NULL, NULL),
(570, 10, NULL, 'DG046', NULL, NULL),
(571, 10, NULL, 'DG047', NULL, NULL),
(572, 10, NULL, 'DG048', NULL, NULL),
(573, 10, NULL, 'DG049', NULL, NULL),
(574, 10, NULL, 'DG050', NULL, NULL),
(575, NULL, 35, 'DG051', NULL, NULL),
(576, NULL, 35, 'DG052', NULL, NULL),
(577, NULL, 35, 'DG053', NULL, NULL),
(578, NULL, 35, 'DG054', NULL, NULL),
(579, NULL, 35, 'DG055', NULL, NULL),
(580, NULL, 35, 'DG056', NULL, NULL),
(581, NULL, 35, 'DG057', NULL, NULL),
(582, NULL, 35, 'DG058', NULL, NULL),
(583, NULL, 35, 'DG059', NULL, NULL),
(584, NULL, 35, 'DG060', NULL, NULL),
(585, NULL, 36, 'DG061', NULL, NULL),
(586, NULL, 36, 'DG062', NULL, NULL),
(587, NULL, 36, 'DG063', NULL, NULL),
(588, NULL, 36, 'DG064', NULL, NULL),
(589, NULL, 36, 'DG065', NULL, NULL),
(590, NULL, 36, 'DG066', NULL, NULL),
(591, NULL, 36, 'DG067', NULL, NULL),
(592, NULL, 36, 'DG068', NULL, NULL),
(593, NULL, 36, 'DG069', NULL, NULL),
(594, NULL, 36, 'DG070', NULL, NULL),
(595, NULL, 37, 'DG071', NULL, NULL),
(596, NULL, 37, 'DG072', NULL, NULL),
(597, NULL, 37, 'DG073', NULL, NULL),
(598, NULL, 37, 'DG074', NULL, NULL),
(599, NULL, 37, 'DG075', NULL, NULL),
(600, NULL, 37, 'DG076', NULL, NULL),
(601, NULL, 37, 'DG077', NULL, NULL),
(602, NULL, 37, 'DG078', NULL, NULL),
(603, NULL, 37, 'DG079', NULL, NULL),
(604, NULL, 37, 'DG080', NULL, NULL),
(605, 11, NULL, 'DG081', 'Déployé', 76),
(606, 11, NULL, 'DG082', NULL, NULL),
(607, 11, NULL, 'DG083', NULL, NULL),
(608, 11, NULL, 'DG084', NULL, NULL),
(609, 11, NULL, 'DG085', NULL, NULL),
(610, 11, NULL, 'DG086', NULL, NULL),
(611, 11, NULL, 'DG087', NULL, NULL),
(612, 11, NULL, 'DG088', NULL, NULL),
(613, 11, NULL, 'DG089', NULL, NULL),
(614, 11, NULL, 'DG090', NULL, NULL),
(615, NULL, 38, 'DG091', NULL, NULL),
(616, NULL, 38, 'DG092', NULL, NULL),
(617, NULL, 38, 'DG093', NULL, NULL),
(618, NULL, 38, 'DG094', NULL, NULL),
(619, NULL, 38, 'DG095', NULL, NULL),
(620, NULL, 38, 'DG096', NULL, NULL),
(621, NULL, 38, 'DG097', NULL, NULL),
(622, NULL, 38, 'DG098', NULL, NULL),
(623, NULL, 38, 'DG099', NULL, NULL),
(624, NULL, 38, 'DG100', NULL, NULL),
(625, NULL, 39, 'DG101', NULL, NULL),
(626, NULL, 39, 'DG102', NULL, NULL),
(627, NULL, 39, 'DG103', NULL, NULL),
(628, NULL, 39, 'DG104', NULL, NULL),
(629, NULL, 39, 'DG105', NULL, NULL),
(630, NULL, 39, 'DG106', NULL, NULL),
(631, NULL, 39, 'DG107', NULL, NULL),
(632, NULL, 39, 'DG108', NULL, NULL),
(633, NULL, 39, 'DG109', NULL, NULL),
(634, NULL, 39, 'DG110', NULL, NULL),
(635, NULL, 40, 'DG111', NULL, NULL),
(636, NULL, 40, 'DG112', NULL, NULL),
(637, NULL, 40, 'DG113', NULL, NULL),
(638, NULL, 40, 'DG114', NULL, NULL),
(639, NULL, 40, 'DG115', NULL, NULL),
(640, NULL, 40, 'DG116', NULL, NULL),
(641, NULL, 40, 'DG117', NULL, NULL),
(642, NULL, 40, 'DG118', NULL, NULL),
(643, NULL, 40, 'DG119', NULL, NULL),
(644, NULL, 40, 'DG120', NULL, NULL),
(645, 12, NULL, 'DG121', 'Déployé', 37),
(646, 12, NULL, 'DG122', NULL, NULL),
(647, 12, NULL, 'DG123', NULL, NULL),
(649, 12, NULL, 'DG125', NULL, NULL),
(650, 12, NULL, 'DG126', NULL, NULL),
(651, 12, NULL, 'DG127', NULL, NULL),
(652, 12, NULL, 'DG128', NULL, NULL),
(653, 12, NULL, 'DG129', NULL, NULL),
(654, 12, NULL, 'DG130', NULL, NULL),
(655, NULL, 41, 'DG131', NULL, NULL),
(656, NULL, 41, 'DG132', NULL, NULL),
(657, NULL, 41, 'DG133', NULL, NULL),
(658, NULL, 41, 'DG134', NULL, NULL),
(659, NULL, 41, 'DG135', NULL, NULL),
(660, NULL, 41, 'DG136', NULL, NULL),
(661, NULL, 41, 'DG137', NULL, NULL),
(662, NULL, 41, 'DG138', NULL, NULL),
(663, NULL, 41, 'DG139', NULL, NULL),
(664, NULL, 41, 'DG140', NULL, NULL),
(665, NULL, 42, 'DG141', NULL, NULL),
(666, NULL, 42, 'DG142', NULL, NULL),
(667, NULL, 42, 'DG143', NULL, NULL),
(668, NULL, 42, 'DG144', NULL, NULL),
(669, NULL, 42, 'DG145', NULL, NULL),
(670, NULL, 42, 'DG146', NULL, NULL),
(671, NULL, 42, 'DG147', NULL, NULL),
(672, NULL, 42, 'DG148', NULL, NULL),
(673, NULL, 42, 'DG149', NULL, NULL),
(674, NULL, 42, 'DG150', NULL, NULL),
(675, NULL, 43, 'DG151', NULL, NULL),
(676, NULL, 43, 'DG152', NULL, NULL),
(677, NULL, 43, 'DG153', NULL, NULL),
(678, NULL, 43, 'DG154', NULL, NULL),
(679, NULL, 43, 'DG155', NULL, NULL),
(680, NULL, 43, 'DG156', NULL, NULL),
(681, NULL, 43, 'DG157', NULL, NULL),
(682, NULL, 43, 'DG158', NULL, NULL),
(683, NULL, 43, 'DG159', NULL, NULL),
(684, NULL, 43, 'DG160', NULL, NULL),
(685, 13, NULL, 'DG161', NULL, NULL),
(686, 13, NULL, 'DG162', NULL, NULL),
(687, 13, NULL, 'DG163', NULL, NULL),
(688, 13, NULL, 'DG164', NULL, NULL),
(689, 13, NULL, 'DG165', NULL, NULL),
(690, 13, NULL, 'DG166', NULL, NULL),
(691, 13, NULL, 'DG167', NULL, NULL),
(692, 13, NULL, 'DG168', NULL, NULL),
(693, 13, NULL, 'DG169', NULL, NULL),
(694, 13, NULL, 'DG170', NULL, NULL),
(695, NULL, 44, 'DG171', NULL, NULL),
(696, NULL, 44, 'DG172', NULL, NULL),
(697, NULL, 44, 'DG173', NULL, NULL),
(698, NULL, 44, 'DG174', NULL, NULL),
(699, NULL, 44, 'DG175', NULL, NULL),
(700, NULL, 44, 'DG176', NULL, NULL),
(701, NULL, 44, 'DG177', NULL, NULL),
(702, NULL, 44, 'DG178', NULL, NULL),
(703, NULL, 44, 'DG179', NULL, NULL),
(704, NULL, 44, 'DG180', NULL, NULL),
(705, NULL, 45, 'DG181', NULL, NULL),
(706, NULL, 45, 'DG182', NULL, NULL),
(707, NULL, 45, 'DG183', NULL, NULL),
(708, NULL, 45, 'DG184', NULL, NULL),
(709, NULL, 45, 'DG185', NULL, NULL),
(710, NULL, 45, 'DG186', NULL, NULL),
(711, NULL, 45, 'DG187', NULL, NULL),
(712, NULL, 45, 'DG188', NULL, NULL),
(713, NULL, 45, 'DG189', NULL, NULL),
(714, NULL, 45, 'DG190', NULL, NULL),
(715, NULL, 46, 'DG191', NULL, NULL),
(716, NULL, 46, 'DG192', NULL, NULL),
(717, NULL, 46, 'DG193', NULL, NULL),
(718, NULL, 46, 'DG194', NULL, NULL),
(719, NULL, 46, 'DG195', NULL, NULL),
(720, NULL, 46, 'DG196', NULL, NULL),
(721, NULL, 46, 'DG197', NULL, NULL),
(722, NULL, 46, 'DG198', NULL, NULL),
(723, NULL, 46, 'DG199', NULL, NULL),
(724, NULL, 46, 'DG200', NULL, NULL),
(726, NULL, 2, 'M001', NULL, NULL),
(727, NULL, 2, 'M002', NULL, NULL),
(728, NULL, 2, 'M003', NULL, NULL),
(729, NULL, 2, 'M004', NULL, NULL),
(730, NULL, 2, 'M005', NULL, NULL),
(731, NULL, 3, 'M006', 'Déployé', NULL),
(732, NULL, 3, 'M007', NULL, NULL),
(735, NULL, NULL, 'DUMMY8', NULL, NULL),
(736, NULL, NULL, 'DUMMY9', NULL, NULL),
(737, NULL, NULL, 'DUMMY10', NULL, NULL),
(738, NULL, NULL, 'DUMMY13', NULL, NULL),
(739, NULL, NULL, 'DUMMY23', NULL, NULL),
(740, NULL, NULL, 'DUMMY14', NULL, NULL),
(741, NULL, NULL, 'G014', NULL, NULL),
(743, NULL, NULL, 'DUMMY15', NULL, NULL),
(744, NULL, 2, 'DUMMY16', NULL, NULL),
(745, NULL, NULL, 'DCC001', 'Déployé', 140),
(746, NULL, NULL, 'DCC002', NULL, NULL),
(747, NULL, NULL, 'DCC003', NULL, NULL),
(748, NULL, NULL, 'DCC004', NULL, NULL),
(749, NULL, NULL, 'DCC005', NULL, NULL),
(750, NULL, NULL, 'DCC006', NULL, NULL),
(751, NULL, NULL, 'DCC007', NULL, NULL),
(752, NULL, NULL, 'DCC008', NULL, NULL),
(753, NULL, NULL, 'DCC009', NULL, NULL),
(754, NULL, NULL, 'DCC010', NULL, NULL),
(755, NULL, NULL, 'DCC021', NULL, NULL),
(756, NULL, NULL, 'DCC022', NULL, NULL),
(757, NULL, NULL, 'DCC023', NULL, NULL),
(758, NULL, NULL, 'DCC024', NULL, NULL),
(759, NULL, NULL, 'DCC025', NULL, NULL),
(760, NULL, NULL, 'DCC026', NULL, NULL),
(761, NULL, NULL, 'DCC027', NULL, NULL),
(762, NULL, NULL, 'DCC028', NULL, NULL),
(763, NULL, NULL, 'DCC029', NULL, NULL),
(764, NULL, NULL, 'DCC030', NULL, NULL),
(765, NULL, NULL, 'DCC031', NULL, NULL),
(766, NULL, NULL, 'DCC032', NULL, NULL),
(767, NULL, NULL, 'DCC033', NULL, NULL),
(768, NULL, NULL, 'DCC034', NULL, NULL),
(769, NULL, NULL, 'DCC035', NULL, NULL),
(770, NULL, NULL, 'DCC036', NULL, NULL),
(771, NULL, NULL, 'DCC037', NULL, NULL),
(772, NULL, NULL, 'DCC038', NULL, NULL),
(773, NULL, NULL, 'DCC039', NULL, NULL),
(774, NULL, NULL, 'DCC040', NULL, NULL),
(775, NULL, NULL, 'DCC041', NULL, NULL),
(776, NULL, NULL, 'DCC042', NULL, NULL),
(777, NULL, NULL, 'DCC043', NULL, NULL),
(778, NULL, NULL, 'DCC044', NULL, NULL),
(779, NULL, NULL, 'DCC045', NULL, NULL),
(780, NULL, NULL, 'DCC046', NULL, NULL),
(781, NULL, NULL, 'DCC047', NULL, NULL),
(782, NULL, NULL, 'DCC048', NULL, NULL),
(783, NULL, NULL, 'DCC049', NULL, NULL),
(784, NULL, NULL, 'DCC050', NULL, NULL),
(785, NULL, NULL, 'DCC051', NULL, NULL),
(786, NULL, NULL, 'DCC052', NULL, NULL),
(787, NULL, NULL, 'DCC053', NULL, NULL),
(788, NULL, NULL, 'DCC054', NULL, NULL),
(789, NULL, NULL, 'DCC055', NULL, NULL),
(790, NULL, NULL, 'DCC056', NULL, NULL),
(791, NULL, NULL, 'DCC057', NULL, NULL),
(792, NULL, NULL, 'DCC058', NULL, NULL),
(793, NULL, NULL, 'DCC059', NULL, NULL),
(794, NULL, NULL, 'DCC060', NULL, NULL),
(795, NULL, NULL, 'DCC061', NULL, NULL),
(796, NULL, NULL, 'DCC062', NULL, NULL),
(797, NULL, NULL, 'DCC063', NULL, NULL),
(798, NULL, NULL, 'DCC064', NULL, NULL),
(799, NULL, NULL, 'DCC065', NULL, NULL),
(800, NULL, NULL, 'DCC066', NULL, NULL),
(801, NULL, NULL, 'DCC067', NULL, NULL),
(802, NULL, NULL, 'DCC068', NULL, NULL),
(803, NULL, NULL, 'DCC069', NULL, NULL),
(804, NULL, NULL, 'DCC070', NULL, NULL),
(805, NULL, NULL, 'DCC071', NULL, NULL),
(806, NULL, NULL, 'DCC072', NULL, NULL),
(807, NULL, NULL, 'DCC073', NULL, NULL),
(808, NULL, NULL, 'DCC074', NULL, NULL),
(809, NULL, NULL, 'DCC075', NULL, NULL),
(810, NULL, NULL, 'DCC076', NULL, NULL),
(811, NULL, NULL, 'DCC077', NULL, NULL),
(812, NULL, NULL, 'DCC078', NULL, NULL),
(813, NULL, NULL, 'DCC079', NULL, NULL),
(814, NULL, NULL, 'DCC080', NULL, NULL),
(815, NULL, NULL, 'DCC081', NULL, NULL),
(816, NULL, NULL, 'DCC082', NULL, NULL),
(817, NULL, NULL, 'DCC083', NULL, NULL),
(818, NULL, NULL, 'DCC084', NULL, NULL),
(819, NULL, NULL, 'DCC085', NULL, NULL),
(820, NULL, NULL, 'DCC086', NULL, NULL),
(821, NULL, NULL, 'DCC087', NULL, NULL),
(822, NULL, NULL, 'DCC088', NULL, NULL),
(823, NULL, NULL, 'DCC089', NULL, NULL),
(824, NULL, NULL, 'DCC090', NULL, NULL),
(825, NULL, NULL, 'DCC091', NULL, NULL),
(826, NULL, NULL, 'DCC092', NULL, NULL),
(827, NULL, NULL, 'DCC093', NULL, NULL),
(828, NULL, NULL, 'DCC094', NULL, NULL),
(829, NULL, NULL, 'DCC095', NULL, NULL),
(830, NULL, NULL, 'DCC096', NULL, NULL),
(831, NULL, NULL, 'DCC097', NULL, NULL),
(832, NULL, NULL, 'DCC098', NULL, NULL),
(833, NULL, NULL, 'DCC099', NULL, NULL),
(834, NULL, NULL, 'DCC100', NULL, NULL),
(835, NULL, NULL, 'DCC101', NULL, NULL),
(836, NULL, NULL, 'DCC102', NULL, NULL),
(837, NULL, NULL, 'DCC103', NULL, NULL),
(838, NULL, NULL, 'DCC104', NULL, NULL),
(839, NULL, NULL, 'DCC105', NULL, NULL),
(840, NULL, NULL, 'DCC106', NULL, NULL),
(841, NULL, NULL, 'DCC107', NULL, NULL),
(842, NULL, NULL, 'DCC108', NULL, NULL),
(843, NULL, NULL, 'DCC109', NULL, NULL),
(844, NULL, NULL, 'DCC110', NULL, NULL),
(845, NULL, NULL, 'DCC111', NULL, NULL),
(846, NULL, NULL, 'DCC112', NULL, NULL),
(847, NULL, NULL, 'DCC113', NULL, NULL),
(848, NULL, NULL, 'DCC114', NULL, NULL),
(849, NULL, NULL, 'DCC115', NULL, NULL),
(850, NULL, NULL, 'DCC116', NULL, NULL),
(851, NULL, NULL, 'DCC117', NULL, NULL),
(852, NULL, NULL, 'DCC118', NULL, NULL),
(853, NULL, NULL, 'DCC119', NULL, NULL),
(854, NULL, NULL, 'DCC120', NULL, NULL),
(856, NULL, NULL, 'CRO-01', NULL, NULL),
(857, NULL, NULL, 'CRO-02', NULL, NULL),
(858, NULL, NULL, 'DCC011', NULL, NULL),
(859, NULL, NULL, 'DCC012', NULL, NULL),
(860, NULL, NULL, 'DCC013', NULL, NULL),
(861, NULL, NULL, 'DCC014', NULL, NULL),
(862, NULL, NULL, 'DCC015', NULL, NULL),
(863, NULL, NULL, 'DCC016', NULL, NULL),
(864, NULL, NULL, 'DCC017', NULL, NULL),
(865, NULL, NULL, 'DCC018', NULL, NULL),
(866, NULL, NULL, 'DCC019', NULL, NULL),
(867, NULL, NULL, 'DCC020', NULL, NULL),
(870, 15, NULL, 'DUMMY33', NULL, NULL),
(871, 15, NULL, 'DUMMY34', NULL, NULL),
(872, 16, NULL, 'DUMMY35', NULL, NULL),
(873, 16, NULL, 'DUMMY36', 'Déployé', 247),
(874, 16, NULL, 'DUMMY37', 'Déployé', 249),
(876, 17, NULL, 'G032', NULL, NULL),
(877, 17, NULL, 'G033', NULL, NULL),
(880, 15, NULL, 'DUMMY17', NULL, NULL),
(884, NULL, 50, 'DOP041', 'Déployé', 185),
(886, NULL, 50, 'DOP043', 'Déployé', 415),
(887, NULL, 50, 'DOP044', 'Déployé', 416),
(888, NULL, 50, 'DOP045', NULL, NULL),
(889, NULL, 50, 'DOP046', NULL, NULL),
(890, NULL, 50, 'DOP047', NULL, NULL),
(891, NULL, 50, 'DOP048', NULL, NULL),
(892, NULL, 50, 'DOP049', NULL, NULL),
(893, NULL, 50, 'DOP050', NULL, NULL),
(895, NULL, 51, 'DOP052', 'Déployé', 440),
(896, NULL, 51, 'DOP053', NULL, NULL),
(897, NULL, 51, 'DOP054', NULL, NULL),
(898, NULL, 51, 'DOP055', NULL, NULL),
(899, NULL, 51, 'DOP056', NULL, NULL),
(900, NULL, 51, 'DOP057', NULL, NULL),
(901, NULL, 51, 'DOP058', NULL, NULL),
(902, NULL, 51, 'DOP059', NULL, NULL),
(903, NULL, 51, 'DOP060', NULL, NULL),
(904, NULL, 52, 'DOP061', NULL, NULL),
(905, NULL, 52, 'DOP062', NULL, NULL),
(906, NULL, 52, 'DOP063', NULL, NULL),
(907, NULL, 52, 'DOP064', NULL, NULL),
(908, NULL, 52, 'DOP065', NULL, NULL),
(909, NULL, 52, 'DOP066', NULL, NULL),
(910, NULL, 52, 'DOP067', NULL, NULL),
(911, NULL, 52, 'DOP068', NULL, NULL),
(912, NULL, 52, 'DOP069', NULL, NULL),
(913, NULL, 52, 'DOP070', NULL, NULL),
(914, NULL, 53, 'DOP071', NULL, NULL),
(915, NULL, 53, 'DOP072', NULL, NULL),
(916, NULL, 53, 'DOP073', NULL, NULL),
(917, NULL, 53, 'DOP074', NULL, NULL),
(918, NULL, 53, 'DOP075', NULL, NULL),
(919, NULL, 53, 'DOP076', NULL, NULL),
(920, NULL, 53, 'DOP077', NULL, NULL),
(921, NULL, 53, 'DOP078', NULL, NULL),
(922, NULL, 53, 'DOP079', NULL, NULL),
(923, NULL, 53, 'DOP080', NULL, NULL),
(924, NULL, 54, 'DOP081', NULL, NULL),
(925, NULL, 54, 'DOP082', NULL, NULL),
(926, NULL, 54, 'DOP083', NULL, NULL),
(927, NULL, 54, 'DOP084', NULL, NULL),
(928, NULL, 54, 'DOP085', NULL, NULL),
(929, NULL, 54, 'DOP086', NULL, NULL),
(930, NULL, 54, 'DOP087', NULL, NULL),
(931, NULL, 54, 'DOP088', NULL, NULL),
(932, NULL, 54, 'DOP089', NULL, NULL),
(933, NULL, 54, 'DOP090', NULL, NULL),
(934, NULL, 55, 'DOP091', NULL, NULL),
(935, NULL, 55, 'DOP092', NULL, NULL),
(936, NULL, 55, 'DOP093', NULL, NULL),
(937, NULL, 55, 'DOP094', NULL, NULL),
(938, NULL, 55, 'DOP095', NULL, NULL),
(939, NULL, 55, 'DOP096', NULL, NULL),
(940, NULL, 55, 'DOP097', NULL, NULL),
(941, NULL, 55, 'DOP098', NULL, NULL),
(942, NULL, 55, 'DOP099', NULL, NULL),
(943, NULL, 55, 'DOP100', NULL, NULL),
(944, NULL, 56, 'DOP101', NULL, NULL),
(945, NULL, 56, 'DOP102', NULL, NULL),
(946, NULL, 56, 'DOP103', NULL, NULL),
(947, NULL, 56, 'DOP104', NULL, NULL),
(948, NULL, 56, 'DOP105', NULL, NULL),
(949, NULL, 56, 'DOP106', NULL, NULL),
(950, NULL, 56, 'DOP107', NULL, NULL),
(951, NULL, 56, 'DOP108', NULL, NULL),
(952, NULL, 56, 'DOP109', NULL, NULL),
(953, NULL, 56, 'DOP110', NULL, NULL),
(954, 15, NULL, 'DOP111', NULL, NULL),
(955, 15, NULL, 'DOP112', NULL, NULL),
(956, 15, NULL, 'DOP113', NULL, NULL),
(958, 15, NULL, 'DOP115', NULL, NULL),
(959, 15, NULL, 'DOP116', NULL, NULL),
(961, 15, NULL, 'DOP118', NULL, NULL),
(962, 15, NULL, 'DOP119', NULL, NULL),
(963, 15, NULL, 'DOP120', NULL, NULL),
(964, NULL, 57, 'DOP121', NULL, NULL),
(965, NULL, 57, 'DOP122', NULL, NULL),
(966, NULL, 57, 'DOP123', NULL, NULL),
(967, NULL, 57, 'DOP124', NULL, NULL),
(968, NULL, 57, 'DOP125', NULL, NULL),
(969, NULL, 57, 'DOP126', NULL, NULL),
(970, NULL, 57, 'DOP127', NULL, NULL),
(971, NULL, 57, 'DOP128', NULL, NULL),
(972, NULL, 57, 'DOP129', NULL, NULL),
(973, NULL, 57, 'DOP130', NULL, NULL),
(974, NULL, 58, 'DOP131', NULL, NULL),
(975, NULL, 58, 'DOP132', NULL, NULL),
(976, NULL, 58, 'DOP133', NULL, NULL),
(977, NULL, 58, 'DOP134', NULL, NULL),
(978, NULL, 58, 'DOP135', NULL, NULL),
(979, NULL, 58, 'DOP136', NULL, NULL),
(980, NULL, 58, 'DOP137', NULL, NULL),
(981, NULL, 58, 'DOP138', NULL, NULL),
(982, NULL, 58, 'DOP139', NULL, NULL),
(983, NULL, 58, 'DOP140', NULL, NULL),
(984, NULL, 59, 'DOP141', NULL, NULL),
(985, NULL, 59, 'DOP142', NULL, NULL),
(986, NULL, 59, 'DOP143', NULL, NULL),
(987, NULL, 59, 'DOP144', NULL, NULL),
(988, NULL, 59, 'DOP145', NULL, NULL),
(989, NULL, 59, 'DOP146', NULL, NULL),
(990, NULL, 59, 'DOP147', NULL, NULL),
(991, NULL, 59, 'DOP148', NULL, NULL),
(992, NULL, 59, 'DOP149', NULL, NULL),
(993, NULL, 59, 'DOP150', NULL, NULL),
(994, 16, NULL, 'DOP151', NULL, NULL),
(995, 16, NULL, 'DOP152', NULL, NULL),
(996, 16, NULL, 'DOP153', NULL, NULL),
(997, 16, NULL, 'DOP154', NULL, NULL),
(998, 16, NULL, 'DOP155', NULL, NULL),
(999, 16, NULL, 'DOP156', NULL, NULL),
(1000, 16, NULL, 'DOP157', NULL, NULL),
(1001, 16, NULL, 'DOP158', NULL, NULL),
(1002, 16, NULL, 'DOP159', NULL, NULL),
(1003, 16, NULL, 'DOP160', NULL, NULL),
(1004, NULL, 60, 'DOP161', 'Déployé', 438),
(1005, NULL, 60, 'DOP162', NULL, 343),
(1006, NULL, 60, 'DOP163', NULL, NULL),
(1007, NULL, 60, 'DOP164', NULL, NULL),
(1008, NULL, 60, 'DOP165', NULL, NULL),
(1009, NULL, 60, 'DOP166', NULL, NULL),
(1010, NULL, 60, 'DOP167', NULL, NULL),
(1011, NULL, 60, 'DOP168', NULL, NULL),
(1012, NULL, 60, 'DOP169', NULL, NULL),
(1013, NULL, 60, 'DOP170', NULL, NULL),
(1014, NULL, 61, 'DOP171', NULL, NULL),
(1015, NULL, 61, 'DOP172', NULL, NULL),
(1016, NULL, 61, 'DOP173', NULL, NULL),
(1017, NULL, 61, 'DOP174', NULL, NULL),
(1018, NULL, 61, 'DOP175', NULL, NULL),
(1019, NULL, 61, 'DOP176', NULL, NULL),
(1020, NULL, 61, 'DOP177', NULL, NULL),
(1021, NULL, 61, 'DOP178', NULL, NULL),
(1022, NULL, 61, 'DOP179', NULL, NULL),
(1023, NULL, 61, 'DOP180', NULL, NULL),
(1024, NULL, 62, 'DOP181', 'Déployé', 533),
(1025, NULL, 62, 'DOP182', 'Déployé', 534),
(1026, NULL, 62, 'DOP183', 'Déployé', 615),
(1027, NULL, 62, 'DOP184', NULL, NULL),
(1028, NULL, 62, 'DOP185', NULL, NULL),
(1029, NULL, 62, 'DOP186', NULL, NULL),
(1030, NULL, 62, 'DOP187', NULL, NULL),
(1031, NULL, 62, 'DOP188', NULL, NULL),
(1032, NULL, 62, 'DOP189', NULL, NULL),
(1033, NULL, 62, 'DOP190', NULL, NULL),
(1035, 17, NULL, 'DOP192', NULL, NULL),
(1037, 17, NULL, 'DOP194', NULL, NULL),
(1038, 17, NULL, 'DOP195', NULL, NULL),
(1039, 17, NULL, 'DOP196', NULL, NULL),
(1040, 17, NULL, 'DOP197', NULL, NULL),
(1041, 17, NULL, 'DOP198', NULL, NULL),
(1042, 17, NULL, 'DOP199', NULL, NULL),
(1043, 17, NULL, 'DOP200', NULL, NULL),
(1044, NULL, 63, 'DOP201', NULL, NULL),
(1045, NULL, 63, 'DOP202', NULL, NULL),
(1046, NULL, 63, 'DOP203', NULL, NULL),
(1047, NULL, 63, 'DOP204', NULL, NULL),
(1048, NULL, 63, 'DOP205', NULL, NULL),
(1049, NULL, 63, 'DOP206', NULL, NULL),
(1050, NULL, 63, 'DOP207', NULL, NULL),
(1051, NULL, 63, 'DOP208', NULL, NULL),
(1052, NULL, 63, 'DOP209', NULL, NULL),
(1053, NULL, 63, 'DOP210', NULL, NULL),
(1054, NULL, 64, 'DOP211', NULL, NULL),
(1055, NULL, 64, 'DOP212', NULL, NULL),
(1056, NULL, 64, 'DOP213', NULL, NULL),
(1057, NULL, 64, 'DOP214', NULL, NULL),
(1058, NULL, 64, 'DOP215', NULL, NULL),
(1059, NULL, 64, 'DOP216', NULL, NULL),
(1060, NULL, 64, 'DOP217', NULL, NULL),
(1061, NULL, 64, 'DOP218', NULL, NULL),
(1062, NULL, 64, 'DOP219', NULL, NULL),
(1063, NULL, 64, 'DOP220', NULL, NULL),
(1064, NULL, 65, 'DOP221', NULL, NULL),
(1065, NULL, 65, 'DOP222', NULL, NULL),
(1066, NULL, 65, 'DOP223', NULL, NULL),
(1067, NULL, 65, 'DOP224', NULL, NULL),
(1068, NULL, 65, 'DOP225', NULL, NULL),
(1069, NULL, 65, 'DOP226', NULL, NULL),
(1070, NULL, 65, 'DOP227', NULL, NULL),
(1071, NULL, 65, 'DOP228', NULL, NULL),
(1072, NULL, 65, 'DOP229', NULL, NULL),
(1073, NULL, 65, 'DOP230', NULL, NULL),
(1074, 18, NULL, 'DOP231', 'Déployé', 245),
(1075, 18, NULL, 'DOP232', 'Déployé', 261),
(1076, 18, NULL, 'DOP233', 'Déployé', 338),
(1077, 18, NULL, 'DOP234', NULL, NULL),
(1078, 18, NULL, 'DOP235', NULL, NULL),
(1079, 18, NULL, 'DOP236', NULL, NULL),
(1080, 18, NULL, 'DOP237', NULL, NULL),
(1081, 18, NULL, 'DOP238', NULL, NULL),
(1082, 18, NULL, 'DOP239', NULL, NULL),
(1083, 18, NULL, 'DOP240', NULL, NULL),
(1084, NULL, 66, 'DOP241', 'Déployé', 309),
(1085, NULL, 66, 'DOP242', 'Déployé', 473),
(1086, NULL, 66, 'DOP243', 'Déployé', 481),
(1088, NULL, 66, 'DOP245', NULL, NULL),
(1089, NULL, 66, 'DOP246', NULL, NULL),
(1090, NULL, 66, 'DOP247', NULL, NULL),
(1091, NULL, 66, 'DOP248', NULL, NULL),
(1092, NULL, 66, 'DOP249', NULL, NULL),
(1093, NULL, 66, 'DOP250', NULL, NULL),
(1094, NULL, 67, 'DOP251', 'Déployé', 509),
(1095, NULL, 67, 'DOP252', 'Déployé', 510),
(1096, NULL, 67, 'DOP253', 'Déployé', 511),
(1097, NULL, 67, 'DOP254', 'Déployé', 512),
(1098, NULL, 67, 'DOP255', 'Déployé', 513),
(1099, NULL, 67, 'DOP256', 'Déployé', 514),
(1100, NULL, 67, 'DOP257', NULL, NULL),
(1101, NULL, 67, 'DOP258', NULL, NULL),
(1102, NULL, 67, 'DOP259', NULL, NULL),
(1103, NULL, 67, 'DOP260', NULL, NULL),
(1104, NULL, 68, 'DOP261', 'Déployé', 202),
(1105, NULL, 68, 'DOP262', 'Déployé', 519),
(1106, NULL, 68, 'DOP263', 'Déployé', 522),
(1108, NULL, 68, 'DOP265', NULL, 441),
(1109, NULL, 68, 'DOP266', NULL, NULL),
(1110, NULL, 68, 'DOP267', NULL, NULL),
(1111, NULL, 68, 'DOP268', NULL, NULL),
(1112, NULL, 68, 'DOP269', NULL, NULL),
(1113, NULL, 68, 'DOP270', NULL, NULL),
(1114, 19, NULL, 'DOP271', NULL, NULL),
(1115, 19, NULL, 'DOP272', NULL, NULL),
(1116, 19, NULL, 'DOP273', NULL, NULL),
(1117, 19, NULL, 'DOP274', NULL, NULL),
(1118, 19, NULL, 'DOP275', NULL, NULL),
(1119, 19, NULL, 'DOP276', NULL, NULL),
(1120, 19, NULL, 'DOP277', NULL, NULL),
(1121, 19, NULL, 'DOP278', NULL, NULL),
(1122, 19, NULL, 'DOP279', NULL, NULL),
(1123, 19, NULL, 'DOP280', NULL, NULL),
(1124, NULL, 69, 'DOP281', NULL, NULL),
(1125, NULL, 69, 'DOP282', NULL, NULL),
(1126, NULL, 69, 'DOP283', NULL, NULL),
(1127, NULL, 69, 'DOP284', NULL, NULL),
(1128, NULL, 69, 'DOP285', NULL, NULL),
(1129, NULL, 69, 'DOP286', NULL, NULL),
(1130, NULL, 69, 'DOP287', NULL, NULL),
(1131, NULL, 69, 'DOP288', NULL, NULL),
(1132, NULL, 69, 'DOP289', NULL, NULL),
(1133, NULL, 69, 'DOP290', NULL, NULL),
(1134, NULL, 70, 'DOP291', NULL, NULL),
(1135, NULL, 70, 'DOP292', NULL, NULL),
(1136, NULL, 70, 'DOP293', NULL, NULL),
(1137, NULL, 70, 'DOP294', NULL, NULL),
(1138, NULL, 70, 'DOP295', NULL, NULL),
(1139, NULL, 70, 'DOP296', NULL, NULL),
(1140, NULL, 70, 'DOP297', NULL, NULL),
(1141, NULL, 70, 'DOP298', NULL, NULL),
(1142, NULL, 70, 'DOP299', NULL, NULL),
(1143, NULL, 70, 'DOP300', NULL, NULL),
(1144, NULL, 71, 'DOP301', NULL, NULL),
(1145, NULL, 71, 'DOP302', NULL, NULL),
(1146, NULL, 71, 'DOP303', NULL, NULL),
(1147, NULL, 71, 'DOP304', NULL, NULL),
(1148, NULL, 71, 'DOP305', NULL, NULL),
(1149, NULL, 71, 'DOP306', NULL, NULL),
(1150, NULL, 71, 'DOP307', NULL, NULL),
(1151, NULL, 71, 'DOP308', NULL, NULL),
(1152, NULL, 71, 'DOP309', NULL, NULL),
(1153, NULL, 71, 'DOP310', NULL, NULL),
(1154, 20, NULL, 'DOP311', NULL, NULL),
(1155, 20, NULL, 'DOP312', NULL, NULL),
(1156, 20, NULL, 'DOP313', NULL, NULL),
(1157, 20, NULL, 'DOP314', NULL, NULL),
(1158, 20, NULL, 'DOP315', NULL, NULL),
(1159, 20, NULL, 'DOP316', NULL, NULL),
(1160, 20, NULL, 'DOP317', NULL, NULL),
(1161, 20, NULL, 'DOP318', NULL, NULL),
(1162, 20, NULL, 'DOP319', NULL, NULL),
(1163, 20, NULL, 'DOP320', NULL, NULL),
(1164, NULL, 72, 'DOP321', NULL, NULL),
(1165, NULL, 72, 'DOP322', NULL, NULL),
(1166, NULL, 72, 'DOP323', NULL, NULL),
(1167, NULL, 72, 'DOP324', NULL, NULL),
(1168, NULL, 72, 'DOP325', NULL, NULL),
(1169, NULL, 72, 'DOP326', NULL, NULL),
(1170, NULL, 72, 'DOP327', NULL, NULL),
(1171, NULL, 72, 'DOP328', NULL, NULL),
(1172, NULL, 72, 'DOP329', NULL, NULL),
(1173, NULL, 72, 'DOP330', NULL, NULL),
(1174, NULL, 73, 'DOP331', NULL, NULL),
(1175, NULL, 73, 'DOP332', NULL, NULL),
(1176, NULL, 73, 'DOP333', NULL, NULL),
(1177, NULL, 73, 'DOP334', NULL, NULL),
(1178, NULL, 73, 'DOP335', NULL, NULL),
(1179, NULL, 73, 'DOP336', NULL, NULL),
(1180, NULL, 73, 'DOP337', NULL, NULL),
(1181, NULL, 73, 'DOP338', NULL, NULL),
(1182, NULL, 73, 'DOP339', NULL, NULL),
(1183, NULL, 73, 'DOP340', NULL, NULL),
(1184, NULL, 74, 'DOP341', NULL, NULL),
(1185, NULL, 74, 'DOP342', NULL, NULL),
(1186, NULL, 74, 'DOP343', NULL, NULL),
(1187, NULL, 74, 'DOP344', NULL, NULL),
(1188, NULL, 74, 'DOP345', NULL, NULL),
(1189, NULL, 74, 'DOP346', NULL, NULL),
(1190, NULL, 74, 'DOP347', NULL, NULL),
(1191, NULL, 74, 'DOP348', NULL, NULL),
(1192, NULL, 74, 'DOP349', NULL, NULL),
(1193, NULL, 74, 'DOP350', NULL, NULL),
(1195, NULL, 90, 'E001', NULL, NULL),
(1196, NULL, 90, 'E002', 'Déployé', 233),
(1197, NULL, 90, 'E003', NULL, NULL),
(1198, NULL, 90, 'E009', 'Déployé', 241),
(1199, NULL, 47, 'E011', 'Déployé', 182),
(1201, NULL, 90, 'E015', NULL, NULL),
(1202, NULL, 90, 'E016', NULL, NULL),
(1203, NULL, 90, 'E017', NULL, NULL),
(1204, NULL, 51, 'E018', NULL, NULL),
(1205, NULL, 53, 'E019', NULL, NULL),
(1206, NULL, 53, 'E020', NULL, NULL),
(1207, NULL, 5, 'E021', NULL, NULL),
(1208, NULL, 53, 'E022', NULL, NULL),
(1209, NULL, 90, 'E023', NULL, NULL),
(1210, NULL, 90, 'E024', NULL, NULL),
(1211, NULL, 52, 'E025', NULL, NULL),
(1212, NULL, 52, 'E026', NULL, NULL),
(1213, NULL, 52, 'E027', NULL, NULL),
(1214, NULL, 52, 'E028', NULL, NULL),
(1215, NULL, 52, 'E029', NULL, NULL),
(1216, NULL, 52, 'E030', NULL, NULL),
(1217, NULL, 52, 'E031', NULL, NULL),
(1218, NULL, 52, 'E032', NULL, NULL),
(1219, 14, NULL, 'E102', 'Déployé', 244),
(1220, 14, NULL, 'E103', 'Déployé', 194),
(1221, 14, NULL, 'E104', 'Déployé', 246),
(1222, 14, NULL, 'E105', NULL, NULL),
(1223, 14, NULL, 'E106', 'Déployé', 248),
(1224, 14, NULL, 'E107', NULL, NULL),
(1225, 14, NULL, 'E108', 'Déployé', 250),
(1226, 1, NULL, 'E109', NULL, NULL),
(1227, 1, NULL, 'E110', NULL, NULL),
(1228, 14, NULL, 'E111', 'Déployé', 253),
(1229, 14, NULL, 'E112', 'Déployé', 254),
(1230, NULL, 90, 'E113', NULL, NULL),
(1231, NULL, 54, 'E201', NULL, NULL),
(1232, NULL, 54, 'E202', NULL, NULL),
(1233, NULL, 47, 'DOP001', 'Déployé', 178),
(1234, NULL, 47, 'DOP002', 'Déployé', 186),
(1235, NULL, 47, 'DOP003', 'Déployé', 190),
(1236, NULL, 47, 'DOP004', 'Déployé', 191),
(1237, NULL, 47, 'DOP005', 'Déployé', 192),
(1238, NULL, 47, 'DOP006', 'Déployé', 193),
(1239, NULL, 47, 'DOP007', NULL, NULL),
(1240, NULL, 47, 'DOP008', NULL, NULL),
(1241, NULL, 47, 'DOP009', NULL, NULL),
(1242, NULL, 47, 'DOP010', NULL, NULL),
(1244, NULL, 47, 'N001', NULL, NULL),
(1245, NULL, 47, 'N002', NULL, NULL),
(1246, NULL, 47, 'N003', NULL, NULL),
(1247, NULL, 47, 'N004', NULL, NULL),
(1248, NULL, 47, 'N005', NULL, NULL),
(1249, NULL, 47, 'N006', NULL, NULL),
(1250, NULL, 47, 'N007', NULL, NULL),
(1251, NULL, 47, 'N008', NULL, NULL),
(1252, NULL, 47, 'N009', NULL, NULL),
(1253, NULL, 47, 'N010', NULL, NULL),
(1254, NULL, 47, 'N011', NULL, NULL),
(1255, NULL, 47, 'N012', NULL, NULL),
(1256, NULL, 47, 'N013', NULL, NULL),
(1257, NULL, 47, 'N014', NULL, NULL),
(1258, NULL, 47, 'N015', NULL, NULL),
(1259, NULL, 47, 'N016', NULL, NULL),
(1260, NULL, 47, 'N017', NULL, NULL),
(1261, NULL, 47, 'N018', NULL, NULL),
(1262, NULL, 47, 'N019', NULL, NULL),
(1263, NULL, 47, 'N020', NULL, NULL),
(1264, NULL, 47, 'DOP011', NULL, NULL),
(1265, NULL, 47, 'DOP012', NULL, NULL),
(1266, NULL, 47, 'DOP013', NULL, NULL),
(1267, NULL, 47, 'DOP014', NULL, NULL),
(1268, NULL, 47, 'DOP015', NULL, NULL),
(1269, NULL, 47, 'DOP016', NULL, NULL),
(1270, NULL, 47, 'DOP017', NULL, NULL),
(1271, NULL, 47, 'DOP018', NULL, NULL),
(1272, NULL, 47, 'DOP019', NULL, NULL),
(1273, NULL, 47, 'DOP020', NULL, NULL),
(1275, NULL, 55, 'B04-01', NULL, NULL),
(1277, NULL, 48, 'ISDI-01', NULL, NULL),
(1278, NULL, 48, 'ISDI-02', NULL, NULL),
(1279, NULL, 48, 'DOP021', 'Déployé', 187),
(1280, NULL, 48, 'DOP022', 'Déployé', 188),
(1281, NULL, 48, 'DOP023', 'Déployé', 189),
(1282, NULL, 48, 'DOP024', 'Déployé', 196),
(1283, NULL, 48, 'DOP025', NULL, 515),
(1284, NULL, 48, 'DOP026', 'Déployé', 581),
(1285, NULL, 48, 'DOP027', NULL, NULL),
(1286, NULL, 48, 'DOP028', NULL, NULL),
(1287, NULL, 48, 'DOP029', NULL, NULL),
(1288, NULL, 48, 'DOP030', NULL, NULL),
(1290, NULL, 49, 'B01-01', NULL, NULL),
(1291, NULL, 49, 'B01-02', NULL, NULL),
(1292, NULL, 49, 'DOP031', 'Déployé', 420),
(1293, NULL, 49, 'DOP032', 'Déployé', 423),
(1294, NULL, 49, 'DOP033', NULL, NULL),
(1295, NULL, 49, 'DOP034', NULL, NULL),
(1296, NULL, 49, 'DOP035', 'Déployé', 312),
(1297, NULL, 49, 'DOP036', 'Déployé', 432),
(1298, NULL, 49, 'DOP037', 'Déployé', 433),
(1299, NULL, 49, 'DOP038', NULL, NULL),
(1300, NULL, 49, 'DOP039', NULL, NULL),
(1301, NULL, 49, 'DOP040', NULL, NULL),
(1303, NULL, 49, 'B038-01', NULL, NULL),
(1306, NULL, 75, 'A001', NULL, NULL),
(1307, NULL, 75, 'A002', NULL, NULL),
(1308, NULL, 76, 'A003', NULL, NULL),
(1309, NULL, 81, 'A005', 'Déployé', 159),
(1310, NULL, 81, 'A006', 'Déployé', 164),
(1311, NULL, 88, 'A007', NULL, NULL),
(1312, NULL, 76, 'A008', NULL, NULL),
(1313, NULL, 76, 'A009', NULL, NULL),
(1314, NULL, 75, 'A010', NULL, NULL),
(1315, NULL, 3, 'A011', 'Déployé', 170),
(1316, NULL, 2, 'A012', NULL, NULL),
(1317, NULL, 75, 'A101', NULL, NULL),
(1318, NULL, 76, 'A102', NULL, NULL),
(1319, NULL, 76, 'A103', NULL, NULL),
(1320, NULL, 76, 'A106', NULL, NULL),
(1321, NULL, 76, 'A107', NULL, NULL),
(1322, NULL, 76, 'A108', NULL, NULL),
(1323, NULL, 76, 'A109', NULL, NULL),
(1324, NULL, 76, 'A110', NULL, NULL),
(1327, 21, NULL, 'A113', 'Déployé', 106),
(1328, NULL, NULL, 'RESERVE2', NULL, NULL),
(1331, 21, NULL, 'SUR002', NULL, NULL),
(1332, 21, NULL, 'SUR003', NULL, NULL),
(1333, 21, NULL, 'SUR004', NULL, NULL),
(1334, 21, NULL, 'SUR005', NULL, NULL),
(1335, 21, NULL, 'SUR006', NULL, NULL),
(1336, 21, NULL, 'SUR007', NULL, NULL),
(1337, 21, NULL, 'SUR008', NULL, NULL),
(1338, 21, NULL, 'SUR009', NULL, NULL),
(1339, 21, NULL, 'SUR010', NULL, NULL),
(1340, NULL, 75, 'SUR011', NULL, NULL),
(1341, NULL, 75, 'SUR012', NULL, NULL),
(1342, NULL, 75, 'SUR013', NULL, NULL),
(1343, NULL, 75, 'SUR014', NULL, NULL),
(1344, NULL, 75, 'SUR015', NULL, NULL),
(1345, NULL, 75, 'SUR016', NULL, NULL),
(1346, NULL, 75, 'SUR017', NULL, NULL),
(1347, NULL, 75, 'SUR018', NULL, NULL),
(1348, NULL, 75, 'SUR019', NULL, NULL),
(1349, NULL, 75, 'SUR020', NULL, NULL),
(1350, NULL, 76, 'SUR021', NULL, NULL),
(1351, NULL, 76, 'SUR022', NULL, NULL),
(1352, NULL, 76, 'SUR023', NULL, NULL),
(1353, NULL, 76, 'SUR024', NULL, NULL),
(1354, NULL, 76, 'SUR025', NULL, NULL),
(1355, NULL, 76, 'SUR026', NULL, NULL),
(1356, NULL, 76, 'SUR027', NULL, NULL),
(1357, NULL, 76, 'SUR028', NULL, NULL),
(1358, NULL, 76, 'SUR029', NULL, NULL),
(1359, NULL, 76, 'SUR030', NULL, NULL),
(1360, NULL, 77, 'SUR031', NULL, NULL),
(1361, NULL, 77, 'SUR032', NULL, NULL),
(1362, NULL, 77, 'SUR033', NULL, NULL),
(1363, NULL, 77, 'SUR034', NULL, NULL),
(1364, NULL, 77, 'SUR035', NULL, NULL),
(1365, NULL, 77, 'SUR036', NULL, NULL),
(1366, NULL, 77, 'SUR037', NULL, NULL),
(1367, NULL, 77, 'SUR038', NULL, NULL),
(1368, NULL, 77, 'SUR039', NULL, NULL),
(1369, NULL, 77, 'SUR040', NULL, NULL),
(1370, NULL, 78, 'SUR041', NULL, NULL),
(1371, NULL, 78, 'SUR042', NULL, NULL),
(1372, NULL, 78, 'SUR043', NULL, NULL),
(1373, NULL, 78, 'SUR044', NULL, NULL),
(1374, NULL, 78, 'SUR045', NULL, NULL),
(1375, NULL, 78, 'SUR046', NULL, NULL),
(1376, NULL, 78, 'SUR047', NULL, NULL),
(1377, NULL, 78, 'SUR048', NULL, NULL),
(1378, NULL, 78, 'SUR049', NULL, NULL),
(1379, NULL, 78, 'SUR050', NULL, NULL),
(1380, NULL, 79, 'SUR051', NULL, NULL),
(1381, NULL, 79, 'SUR052', NULL, NULL),
(1382, NULL, 79, 'SUR053', NULL, NULL),
(1383, NULL, 79, 'SUR054', NULL, NULL),
(1384, NULL, 79, 'SUR055', NULL, NULL),
(1385, NULL, 79, 'SUR056', NULL, NULL),
(1386, NULL, 79, 'SUR057', NULL, NULL),
(1387, NULL, 79, 'SUR058', NULL, NULL),
(1388, NULL, 79, 'SUR059', NULL, NULL),
(1389, NULL, 79, 'SUR060', NULL, NULL),
(1390, NULL, 80, 'SUR061', NULL, NULL),
(1391, NULL, 80, 'SUR062', NULL, NULL),
(1392, NULL, 80, 'SUR063', NULL, NULL),
(1393, NULL, 80, 'SUR064', NULL, NULL),
(1394, NULL, 80, 'SUR065', NULL, NULL),
(1395, NULL, 80, 'SUR066', NULL, NULL),
(1396, NULL, 80, 'SUR067', NULL, NULL),
(1397, NULL, 80, 'SUR068', NULL, NULL),
(1398, NULL, 80, 'SUR069', NULL, NULL),
(1399, NULL, 80, 'SUR070', NULL, NULL),
(1401, NULL, 81, 'S001', 'Déployé', 280),
(1403, NULL, 81, 'SUR072', NULL, NULL),
(1404, NULL, 81, 'SUR073', NULL, NULL),
(1405, NULL, 81, 'SUR074', NULL, NULL),
(1406, NULL, 81, 'SUR075', NULL, NULL),
(1407, NULL, 81, 'SUR076', NULL, NULL),
(1408, NULL, 81, 'SUR077', NULL, NULL),
(1409, NULL, 81, 'SUR078', NULL, NULL),
(1410, NULL, 81, 'SUR079', NULL, NULL),
(1411, NULL, 81, 'SUR080', NULL, NULL),
(1412, NULL, 82, 'S002', NULL, NULL),
(1413, NULL, 82, 'S003', NULL, NULL),
(1414, NULL, 82, 'S004', NULL, NULL),
(1415, NULL, 82, 'S005', NULL, NULL),
(1416, NULL, 82, 'S006', NULL, NULL);
INSERT INTO `variure` (`id`, `pass_partiel2_id`, `pass_partiel3_id`, `nomVariure`, `etat`, `outil_fermeture_id`) VALUES
(1417, NULL, 82, 'S007', NULL, NULL),
(1418, NULL, 82, 'S008', NULL, NULL),
(1419, NULL, 82, 'S009', NULL, NULL),
(1420, NULL, 82, 'S010', NULL, NULL),
(1421, NULL, 82, 'S011', NULL, NULL),
(1422, NULL, 82, 'S012', NULL, NULL),
(1423, NULL, 82, 'S013', NULL, NULL),
(1424, NULL, 82, 'S014', NULL, NULL),
(1425, NULL, 82, 'S015', NULL, NULL),
(1426, NULL, 82, 'S016', NULL, NULL),
(1427, NULL, 82, 'S017', NULL, NULL),
(1428, NULL, 82, 'S018', NULL, NULL),
(1429, NULL, 82, 'S019', NULL, NULL),
(1430, NULL, 82, 'S020', NULL, NULL),
(1431, NULL, 82, 'S021', NULL, NULL),
(1432, NULL, 82, 'S022', NULL, NULL),
(1433, NULL, 82, 'S023', NULL, NULL),
(1435, NULL, 82, 'SUR082', 'Déployé', 623),
(1436, NULL, 82, 'SUR083', 'Déployé', 624),
(1437, NULL, 82, 'SUR084', 'Déployé', 625),
(1438, NULL, 82, 'SUR085', 'Déployé', 144),
(1439, NULL, 82, 'SUR086', 'Déployé', 626),
(1440, NULL, 82, 'SUR087', 'Déployé', 145),
(1441, NULL, 82, 'SUR088', 'Déployé', 628),
(1443, NULL, 82, 'SUR090', NULL, 225),
(1444, NULL, 82, 'SUR091', NULL, 631),
(1445, NULL, 82, 'SUR092', NULL, 354),
(1446, NULL, 82, 'SUR093', NULL, NULL),
(1447, NULL, 82, 'SUR094', NULL, NULL),
(1448, NULL, 82, 'SUR095', NULL, NULL),
(1449, NULL, 82, 'SUR096', NULL, NULL),
(1450, NULL, 82, 'SUR097', NULL, NULL),
(1451, NULL, 82, 'SUR098', NULL, NULL),
(1452, NULL, 82, 'SUR099', NULL, NULL),
(1453, NULL, 82, 'SUR100', NULL, NULL),
(1454, NULL, 82, 'SUR101', NULL, NULL),
(1455, NULL, 82, 'SUR102', NULL, NULL),
(1456, NULL, 82, 'SUR103', NULL, NULL),
(1457, NULL, 82, 'SUR104', NULL, NULL),
(1458, NULL, 82, 'SUR105', NULL, NULL),
(1459, NULL, 82, 'SUR106', NULL, NULL),
(1460, NULL, 82, 'SUR107', NULL, NULL),
(1461, NULL, 82, 'SUR108', NULL, NULL),
(1462, NULL, 82, 'SUR109', NULL, NULL),
(1463, NULL, 82, 'SUR110', NULL, NULL),
(1464, NULL, 82, 'SUR111', NULL, NULL),
(1465, NULL, 82, 'SUR112', NULL, NULL),
(1466, NULL, 82, 'SUR113', NULL, NULL),
(1467, NULL, 82, 'SUR114', NULL, NULL),
(1468, NULL, 82, 'SUR115', NULL, NULL),
(1469, NULL, 82, 'SUR116', NULL, NULL),
(1470, NULL, 82, 'SUR117', NULL, NULL),
(1471, NULL, 82, 'SUR118', NULL, NULL),
(1472, NULL, 82, 'SUR119', NULL, NULL),
(1473, NULL, 82, 'SUR120', NULL, NULL),
(1474, NULL, 83, 'S024', NULL, NULL),
(1475, NULL, 83, 'S025', NULL, NULL),
(1476, NULL, 83, 'S026', NULL, NULL),
(1477, NULL, 83, 'S027', NULL, NULL),
(1478, NULL, 83, 'S028', NULL, NULL),
(1479, NULL, 83, 'S029', NULL, NULL),
(1480, NULL, 83, 'S030', NULL, NULL),
(1481, NULL, 83, 'S031', NULL, NULL),
(1482, NULL, 83, 'S032', NULL, NULL),
(1483, NULL, 83, 'S033', NULL, NULL),
(1484, NULL, 83, 'S034', NULL, NULL),
(1485, NULL, 83, 'S035', NULL, NULL),
(1486, NULL, 83, 'S036', NULL, NULL),
(1487, NULL, 83, 'S037', NULL, NULL),
(1488, NULL, 83, 'SUR121', NULL, NULL),
(1489, NULL, 83, 'SUR122', NULL, NULL),
(1490, NULL, 83, 'SUR123', NULL, NULL),
(1491, NULL, 83, 'SUR124', NULL, NULL),
(1492, NULL, 83, 'SUR125', NULL, NULL),
(1493, NULL, 83, 'SUR126', NULL, NULL),
(1494, NULL, 83, 'SUR127', NULL, NULL),
(1495, NULL, 83, 'SUR128', NULL, NULL),
(1496, NULL, 83, 'SUR129', NULL, NULL),
(1497, NULL, 83, 'SUR130', NULL, NULL),
(1498, NULL, 83, 'SUR131', NULL, NULL),
(1499, NULL, 83, 'SUR132', NULL, NULL),
(1500, NULL, 83, 'SUR133', NULL, NULL),
(1501, NULL, 83, 'SUR134', NULL, NULL),
(1502, NULL, 83, 'SUR135', NULL, NULL),
(1503, NULL, 83, 'SUR136', NULL, NULL),
(1504, NULL, 83, 'SUR137', NULL, NULL),
(1505, NULL, 83, 'SUR138', NULL, NULL),
(1506, NULL, 83, 'SUR139', NULL, NULL),
(1507, NULL, 83, 'SUR140', NULL, NULL),
(1508, NULL, 83, 'SUR141', NULL, NULL),
(1509, NULL, 83, 'SUR142', NULL, NULL),
(1510, NULL, 83, 'SUR143', NULL, NULL),
(1511, NULL, 83, 'SUR144', NULL, NULL),
(1512, NULL, 83, 'SUR145', NULL, NULL),
(1513, NULL, 83, 'SUR146', NULL, NULL),
(1514, NULL, 83, 'SUR147', NULL, NULL),
(1515, NULL, 83, 'SUR148', NULL, NULL),
(1516, NULL, 83, 'SUR149', NULL, NULL),
(1517, NULL, 83, 'SUR150', NULL, NULL),
(1518, NULL, 83, 'SUR151', NULL, NULL),
(1519, NULL, 83, 'SUR152', NULL, NULL),
(1520, NULL, 83, 'SUR153', NULL, NULL),
(1521, NULL, 83, 'SUR154', NULL, NULL),
(1522, NULL, 83, 'SUR155', NULL, NULL),
(1523, NULL, 83, 'SUR156', NULL, NULL),
(1524, NULL, 83, 'SUR157', NULL, NULL),
(1525, NULL, 83, 'SUR158', NULL, NULL),
(1526, NULL, 83, 'SUR159', NULL, NULL),
(1527, NULL, 83, 'SUR160', NULL, NULL),
(1528, NULL, 84, 'S038', NULL, NULL),
(1529, NULL, 84, 'S039', NULL, NULL),
(1530, NULL, 84, 'S040', NULL, NULL),
(1531, NULL, 84, 'S041', NULL, NULL),
(1532, NULL, 84, 'S042', NULL, NULL),
(1533, NULL, 84, 'S043', NULL, NULL),
(1534, NULL, 84, 'S044', NULL, NULL),
(1536, NULL, 84, 'SUR162', NULL, NULL),
(1537, NULL, 84, 'SUR163', NULL, NULL),
(1538, NULL, 84, 'SUR164', NULL, NULL),
(1539, NULL, 84, 'SUR165', NULL, NULL),
(1540, NULL, 84, 'SUR166', NULL, NULL),
(1541, NULL, 84, 'SUR167', NULL, NULL),
(1542, NULL, 84, 'SUR168', NULL, NULL),
(1543, NULL, 84, 'SUR169', NULL, NULL),
(1544, NULL, 84, 'SUR170', NULL, NULL),
(1545, NULL, 84, 'SUR171', NULL, NULL),
(1546, NULL, 84, 'SUR172', NULL, NULL),
(1547, NULL, 84, 'SUR173', NULL, NULL),
(1548, NULL, 84, 'SUR174', NULL, NULL),
(1549, NULL, 84, 'SUR175', NULL, NULL),
(1550, NULL, 84, 'SUR176', NULL, NULL),
(1551, NULL, 84, 'SUR177', NULL, NULL),
(1552, NULL, 84, 'SUR178', NULL, NULL),
(1553, NULL, 84, 'SUR179', NULL, NULL),
(1554, NULL, 84, 'SUR180', NULL, NULL),
(1555, NULL, 84, 'SUR181', NULL, NULL),
(1556, NULL, 84, 'SUR182', NULL, NULL),
(1557, NULL, 84, 'SUR183', NULL, NULL),
(1558, NULL, 84, 'SUR184', NULL, NULL),
(1559, NULL, 84, 'SUR185', NULL, NULL),
(1560, NULL, 84, 'SUR186', NULL, NULL),
(1561, NULL, 84, 'SUR187', NULL, NULL),
(1562, NULL, 84, 'SUR188', NULL, NULL),
(1563, NULL, 84, 'SUR189', NULL, NULL),
(1564, NULL, 84, 'SUR190', NULL, NULL),
(1565, NULL, 85, 'S045', NULL, NULL),
(1566, NULL, 85, 'S046', NULL, NULL),
(1567, NULL, 85, 'S047', NULL, NULL),
(1568, NULL, 85, 'S048', NULL, NULL),
(1569, NULL, 85, 'SUR191', NULL, NULL),
(1570, NULL, 85, 'SUR192', NULL, NULL),
(1571, NULL, 85, 'SUR193', NULL, NULL),
(1572, NULL, 85, 'SUR194', NULL, NULL),
(1573, NULL, 85, 'SUR195', NULL, NULL),
(1574, NULL, 85, 'SUR196', NULL, NULL),
(1575, NULL, 85, 'SUR197', NULL, NULL),
(1576, NULL, 85, 'SUR198', NULL, NULL),
(1577, NULL, 85, 'SUR199', NULL, NULL),
(1578, NULL, 85, 'SUR200', NULL, NULL),
(1579, NULL, 85, 'SUR201', NULL, NULL),
(1580, NULL, 85, 'SUR202', NULL, NULL),
(1581, NULL, 85, 'SUR203', NULL, NULL),
(1582, NULL, 85, 'SUR204', NULL, NULL),
(1583, NULL, 85, 'SUR205', NULL, NULL),
(1584, NULL, 85, 'SUR206', NULL, NULL),
(1585, NULL, 85, 'SUR207', NULL, NULL),
(1586, NULL, 85, 'SUR208', NULL, NULL),
(1587, NULL, 85, 'SUR209', NULL, NULL),
(1588, NULL, 85, 'SUR210', NULL, NULL),
(1589, NULL, 85, 'SUR211', NULL, NULL),
(1590, NULL, 85, 'SUR212', NULL, NULL),
(1591, NULL, 85, 'SUR213', NULL, NULL),
(1592, NULL, 85, 'SUR214', NULL, NULL),
(1593, NULL, 85, 'SUR215', NULL, NULL),
(1594, NULL, 85, 'SUR216', NULL, NULL),
(1595, NULL, 85, 'SUR217', NULL, NULL),
(1596, NULL, 85, 'SUR218', NULL, NULL),
(1597, NULL, 85, 'SUR219', NULL, NULL),
(1598, NULL, 85, 'SUR220', NULL, NULL),
(1599, NULL, 86, 'S049', NULL, NULL),
(1600, NULL, 86, 'S050', NULL, NULL),
(1601, NULL, 86, 'S051', NULL, NULL),
(1602, NULL, 86, 'S052', NULL, NULL),
(1603, NULL, 86, 'S053', NULL, NULL),
(1604, NULL, 86, 'S054', NULL, NULL),
(1605, NULL, 86, 'S055', NULL, NULL),
(1606, NULL, 86, 'S056', NULL, NULL),
(1607, NULL, 86, 'S057', NULL, NULL),
(1608, NULL, 86, 'S058', NULL, NULL),
(1609, NULL, 86, 'S059', NULL, NULL),
(1610, NULL, 86, 'S060', NULL, NULL),
(1611, NULL, 86, 'S061', NULL, NULL),
(1612, NULL, 86, 'S062', NULL, NULL),
(1613, NULL, 86, 'SUR221', NULL, NULL),
(1614, NULL, 86, 'SUR222', NULL, NULL),
(1615, NULL, 86, 'SUR223', NULL, NULL),
(1616, NULL, 86, 'SUR224', NULL, NULL),
(1617, NULL, 86, 'SUR225', NULL, NULL),
(1618, NULL, 86, 'SUR226', NULL, NULL),
(1619, NULL, 86, 'SUR227', NULL, NULL),
(1620, NULL, 86, 'SUR228', NULL, NULL),
(1621, NULL, 86, 'SUR229', NULL, NULL),
(1622, NULL, 86, 'SUR230', NULL, NULL),
(1623, NULL, 86, 'SUR231', NULL, NULL),
(1624, NULL, 86, 'SUR232', NULL, NULL),
(1625, NULL, 86, 'SUR233', NULL, NULL),
(1626, NULL, 86, 'SUR234', NULL, NULL),
(1627, NULL, 86, 'SUR235', NULL, NULL),
(1628, NULL, 86, 'SUR236', NULL, NULL),
(1629, NULL, 86, 'SUR237', NULL, NULL),
(1630, NULL, 86, 'SUR238', NULL, NULL),
(1631, NULL, 86, 'SUR239', NULL, NULL),
(1632, NULL, 86, 'SUR240', NULL, NULL),
(1633, NULL, 86, 'SUR241', NULL, NULL),
(1634, NULL, 86, 'SUR242', NULL, NULL),
(1635, NULL, 86, 'SUR243', NULL, NULL),
(1636, NULL, 86, 'SUR244', NULL, NULL),
(1637, NULL, 86, 'SUR245', NULL, NULL),
(1638, NULL, 86, 'SUR246', NULL, NULL),
(1639, NULL, 86, 'SUR247', NULL, NULL),
(1640, NULL, 86, 'SUR248', NULL, NULL),
(1641, NULL, 86, 'SUR249', NULL, NULL),
(1642, NULL, 86, 'SUR250', NULL, NULL),
(1643, NULL, 86, 'SUR251', NULL, NULL),
(1644, NULL, 86, 'SUR252', NULL, NULL),
(1645, NULL, 86, 'SUR253', NULL, NULL),
(1646, NULL, 86, 'SUR254', NULL, NULL),
(1647, NULL, 86, 'SUR255', NULL, NULL),
(1648, NULL, 86, 'SUR256', NULL, NULL),
(1649, NULL, 86, 'SUR257', NULL, NULL),
(1650, NULL, 86, 'SUR258', NULL, NULL),
(1651, NULL, 86, 'SUR259', NULL, NULL),
(1652, NULL, 86, 'SUR260', NULL, NULL),
(1653, NULL, 92, 'S063', NULL, NULL),
(1654, NULL, 87, 'SUR261', NULL, NULL),
(1655, NULL, 87, 'SUR262', NULL, NULL),
(1656, NULL, 87, 'SUR263', NULL, NULL),
(1657, NULL, 87, 'SUR264', NULL, NULL),
(1658, NULL, 87, 'SUR265', NULL, NULL),
(1659, NULL, 87, 'SUR266', NULL, NULL),
(1660, NULL, 87, 'SUR267', NULL, NULL),
(1661, NULL, 87, 'SUR268', NULL, NULL),
(1662, NULL, 87, 'SUR269', NULL, NULL),
(1663, NULL, 87, 'SUR270', NULL, NULL),
(1664, NULL, 88, 'DUMMY41', NULL, NULL),
(1665, NULL, 88, 'DUMMY42', NULL, NULL),
(1666, NULL, 88, 'DUMMY43', NULL, NULL),
(1667, NULL, 88, 'DUMMY44', NULL, NULL),
(1668, NULL, 88, 'DUMMY45', NULL, NULL),
(1669, NULL, 88, 'DUMMY46', NULL, NULL),
(1670, NULL, 88, 'DUMMY47', NULL, NULL),
(1671, NULL, 88, 'DUMMY48', NULL, NULL),
(1672, NULL, 88, 'DUMMY49', NULL, NULL),
(1673, NULL, 88, 'DUMMY50', NULL, NULL),
(1674, NULL, 89, 'SUR281', NULL, NULL),
(1675, NULL, 89, 'SUR282', NULL, NULL),
(1676, NULL, 89, 'SUR283', NULL, NULL),
(1677, NULL, 89, 'SUR284', NULL, NULL),
(1678, NULL, 89, 'SUR285', NULL, NULL),
(1679, NULL, 89, 'SUR286', NULL, NULL),
(1680, NULL, 89, 'SUR287', NULL, NULL),
(1681, NULL, 89, 'SUR288', NULL, NULL),
(1682, NULL, 89, 'SUR289', NULL, NULL),
(1683, NULL, 89, 'SUR290', NULL, NULL),
(1684, NULL, 90, 'SUR291', NULL, NULL),
(1685, NULL, 90, 'SUR292', NULL, NULL),
(1686, NULL, 90, 'SUR293', NULL, NULL),
(1687, NULL, 90, 'SUR294', NULL, NULL),
(1688, NULL, 90, 'SUR295', NULL, NULL),
(1689, NULL, 90, 'SUR296', NULL, NULL),
(1690, NULL, 90, 'SUR297', NULL, NULL),
(1691, NULL, 90, 'SUR298', NULL, NULL),
(1692, NULL, 90, 'SUR299', NULL, NULL),
(1693, NULL, 90, 'SUR300', NULL, NULL),
(1694, NULL, 90, 'SUR301', NULL, NULL),
(1695, NULL, 90, 'SUR302', NULL, NULL),
(1696, NULL, 90, 'SUR303', NULL, NULL),
(1697, NULL, 90, 'SUR304', NULL, NULL),
(1698, NULL, 90, 'SUR305', NULL, NULL),
(1699, NULL, 90, 'SUR306', NULL, NULL),
(1700, NULL, 90, 'SUR307', NULL, NULL),
(1701, NULL, 90, 'SUR308', NULL, NULL),
(1702, NULL, 90, 'SUR309', NULL, NULL),
(1703, NULL, 90, 'SUR310', NULL, NULL),
(1704, NULL, 91, 'SUR311', NULL, NULL),
(1705, NULL, 91, 'SUR312', NULL, NULL),
(1706, NULL, 91, 'SUR313', NULL, NULL),
(1707, NULL, 91, 'SUR314', NULL, NULL),
(1708, NULL, 91, 'SUR315', NULL, NULL),
(1709, NULL, 91, 'SUR316', NULL, NULL),
(1710, NULL, 91, 'SUR317', NULL, NULL),
(1711, NULL, 91, 'SUR318', NULL, NULL),
(1712, NULL, 91, 'SUR319', NULL, NULL),
(1713, NULL, 91, 'SUR320', NULL, NULL),
(1714, NULL, 91, 'SUR321', NULL, NULL),
(1715, NULL, 91, 'SUR322', NULL, NULL),
(1716, NULL, 91, 'SUR323', NULL, NULL),
(1717, NULL, 91, 'SUR324', NULL, NULL),
(1718, NULL, 91, 'SUR325', NULL, NULL),
(1719, NULL, 91, 'SUR326', NULL, NULL),
(1720, NULL, 91, 'SUR327', NULL, NULL),
(1721, NULL, 91, 'SUR328', NULL, NULL),
(1722, NULL, 91, 'SUR329', NULL, NULL),
(1723, NULL, 91, 'SUR330', NULL, NULL),
(1724, NULL, 91, 'SUR331', NULL, NULL),
(1725, NULL, 91, 'SUR332', NULL, NULL),
(1726, NULL, 91, 'SUR333', NULL, NULL),
(1727, NULL, 91, 'SUR334', NULL, NULL),
(1728, NULL, 91, 'SUR335', NULL, NULL),
(1729, NULL, 91, 'SUR336', NULL, NULL),
(1730, NULL, 91, 'SUR337', NULL, NULL),
(1731, NULL, 91, 'SUR338', NULL, NULL),
(1732, NULL, 91, 'SUR339', NULL, NULL),
(1733, NULL, 91, 'SUR340', NULL, NULL),
(1734, NULL, 91, 'SUR351', NULL, NULL),
(1735, NULL, 91, 'SUR352', NULL, NULL),
(1736, NULL, 91, 'SUR353', NULL, NULL),
(1737, NULL, 91, 'SUR354', NULL, NULL),
(1738, NULL, 91, 'SUR355', NULL, NULL),
(1739, NULL, 91, 'SUR356', NULL, NULL),
(1740, NULL, 91, 'SUR357', NULL, NULL),
(1741, NULL, 91, 'SUR358', NULL, NULL),
(1742, NULL, 91, 'SUR359', NULL, NULL),
(1743, NULL, 91, 'SUR360', NULL, NULL),
(1744, NULL, 92, 'SUR361', 'Déployé', 542),
(1745, NULL, 92, 'SUR362', 'Déployé', 543),
(1746, NULL, 92, 'SUR363', 'Déployé', 545),
(1747, NULL, 92, 'SUR364', 'Déployé', 546),
(1748, NULL, 92, 'SUR365', 'Déployé', 411),
(1749, NULL, 92, 'SUR366', 'Déployé', 412),
(1750, NULL, 92, 'SUR367', 'Déployé', 547),
(1751, NULL, 92, 'SUR368', 'Déployé', 413),
(1752, NULL, 92, 'SUR369', 'Déployé', 554),
(1753, NULL, 92, 'SUR370', 'Déployé', 555),
(1754, NULL, 92, 'SUR371', 'Déployé', 556),
(1755, NULL, 92, 'SUR372', 'Déployé', 557),
(1756, NULL, 92, 'SUR373', 'Déployé', 558),
(1757, NULL, 92, 'SUR374', 'Déployé', 559),
(1758, NULL, 92, 'SUR375', 'Déployé', 560),
(1759, NULL, 92, 'SUR376', 'Déployé', 561),
(1760, NULL, 92, 'SUR377', 'Déployé', 562),
(1761, NULL, 92, 'SUR378', NULL, NULL),
(1762, NULL, 92, 'SUR379', NULL, NULL),
(1763, NULL, 92, 'SUR380', NULL, NULL),
(1764, NULL, 92, 'SUR381', NULL, NULL),
(1765, NULL, 92, 'SUR382', NULL, NULL),
(1766, NULL, 92, 'SUR383', NULL, NULL),
(1767, NULL, 92, 'SUR384', NULL, NULL),
(1768, NULL, 92, 'SUR385', NULL, NULL),
(1769, NULL, 92, 'SUR386', NULL, NULL),
(1770, NULL, 92, 'SUR387', NULL, NULL),
(1771, NULL, 92, 'SUR388', NULL, NULL),
(1772, NULL, 92, 'SUR389', NULL, NULL),
(1773, NULL, 92, 'SUR390', NULL, NULL),
(1774, NULL, 92, 'SUR391', NULL, NULL),
(1775, NULL, 92, 'SUR392', NULL, NULL),
(1776, NULL, 92, 'SUR393', NULL, NULL),
(1777, NULL, 92, 'SUR394', NULL, NULL),
(1778, NULL, 92, 'SUR395', NULL, NULL),
(1779, NULL, 92, 'SUR396', NULL, NULL),
(1780, NULL, 92, 'SUR397', NULL, NULL),
(1781, NULL, 92, 'SUR398', NULL, NULL),
(1782, NULL, 92, 'SUR399', NULL, NULL),
(1783, NULL, 92, 'SUR400', NULL, NULL),
(1784, NULL, 93, 'SUR401', NULL, NULL),
(1785, NULL, 93, 'SUR402', NULL, NULL),
(1786, NULL, 93, 'SUR403', NULL, NULL),
(1787, NULL, 93, 'SUR404', NULL, NULL),
(1788, NULL, 93, 'SUR405', NULL, NULL),
(1789, NULL, 93, 'SUR406', NULL, NULL),
(1790, NULL, 93, 'SUR407', NULL, NULL),
(1791, NULL, 93, 'SUR408', NULL, NULL),
(1792, NULL, 93, 'SUR409', NULL, NULL),
(1793, NULL, 93, 'SUR410', NULL, NULL),
(1794, NULL, 93, 'SUR411', NULL, NULL),
(1795, NULL, 93, 'SUR412', NULL, NULL),
(1796, NULL, 93, 'SUR413', NULL, NULL),
(1797, NULL, 93, 'SUR414', NULL, NULL),
(1798, NULL, 93, 'SUR415', NULL, NULL),
(1799, NULL, 93, 'SUR416', NULL, NULL),
(1800, NULL, 93, 'SUR417', NULL, NULL),
(1801, NULL, 93, 'SUR418', NULL, NULL),
(1802, NULL, 93, 'SUR419', NULL, NULL),
(1803, NULL, 93, 'SUR420', NULL, NULL),
(1804, NULL, 93, 'SUR421', NULL, NULL),
(1805, NULL, 93, 'SUR422', NULL, NULL),
(1806, NULL, 93, 'SUR423', NULL, NULL),
(1807, NULL, 93, 'SUR424', NULL, NULL),
(1808, NULL, 93, 'SUR425', NULL, NULL),
(1809, NULL, 93, 'SUR426', NULL, NULL),
(1810, NULL, 93, 'SUR427', NULL, NULL),
(1811, NULL, 93, 'SUR428', NULL, NULL),
(1812, NULL, 93, 'SUR429', NULL, NULL),
(1813, NULL, 93, 'SUR430', NULL, NULL),
(1814, NULL, 93, 'SUR431', NULL, NULL),
(1815, NULL, 93, 'SUR432', NULL, NULL),
(1816, NULL, 93, 'SUR433', NULL, NULL),
(1817, NULL, 93, 'SUR434', NULL, NULL),
(1818, NULL, 93, 'SUR435', NULL, NULL),
(1819, NULL, 93, 'SUR436', NULL, NULL),
(1820, NULL, 93, 'SUR437', NULL, NULL),
(1821, NULL, 93, 'SUR438', NULL, NULL),
(1822, NULL, 93, 'SUR439', NULL, NULL),
(1823, NULL, 93, 'SUR440', NULL, NULL),
(1824, NULL, 94, 'SUR1521', NULL, NULL),
(1825, NULL, 94, 'SUR1522', NULL, NULL),
(1826, NULL, 94, 'SUR1523', NULL, NULL),
(1827, NULL, 94, 'SUR1524', NULL, NULL),
(1828, NULL, 94, 'SUR1525', NULL, NULL),
(1829, NULL, 94, 'SUR1526', NULL, NULL),
(1830, NULL, 94, 'SUR1527', NULL, NULL),
(1831, NULL, 94, 'SUR1528', NULL, NULL),
(1832, NULL, 94, 'SUR1529', NULL, NULL),
(1833, NULL, 94, 'SUR1530', NULL, NULL),
(1834, NULL, 94, 'SUR1531', NULL, NULL),
(1835, NULL, 94, 'SUR1532', NULL, NULL),
(1836, NULL, 94, 'SUR1533', NULL, NULL),
(1837, NULL, 94, 'SUR1534', NULL, NULL),
(1838, NULL, 94, 'SUR1535', NULL, NULL),
(1839, NULL, 94, 'SUR1536', NULL, NULL),
(1840, NULL, 94, 'SUR1537', NULL, NULL),
(1841, NULL, 94, 'SUR1538', NULL, NULL),
(1842, NULL, 94, 'SUR1539', NULL, NULL),
(1843, NULL, 94, 'SUR1540', NULL, NULL),
(1844, NULL, 94, 'SUR1541', NULL, NULL),
(1845, NULL, 94, 'SUR1542', NULL, NULL),
(1846, NULL, 94, 'SUR1543', NULL, NULL),
(1847, NULL, 94, 'SUR1544', NULL, NULL),
(1848, NULL, 94, 'SUR1545', NULL, NULL),
(1849, NULL, 94, 'SUR1546', NULL, NULL),
(1850, NULL, 94, 'SUR1547', NULL, NULL),
(1851, NULL, 94, 'SUR1548', NULL, NULL),
(1852, NULL, 94, 'SUR1549', NULL, NULL),
(1853, NULL, 94, 'SUR1550', NULL, NULL),
(1854, NULL, 94, 'SUR1551', NULL, NULL),
(1855, NULL, 94, 'SUR1552', NULL, NULL),
(1856, NULL, 94, 'SUR1553', NULL, NULL),
(1857, NULL, 94, 'SUR1554', NULL, NULL),
(1858, NULL, 94, 'SUR1555', NULL, NULL),
(1859, NULL, 94, 'SUR1556', NULL, NULL),
(1860, NULL, 94, 'SUR1557', NULL, NULL),
(1861, NULL, 94, 'SUR1558', NULL, NULL),
(1862, NULL, 94, 'SUR1559', NULL, NULL),
(1863, NULL, 94, 'SUR1560', NULL, NULL),
(1864, NULL, 95, 'SUR1561', NULL, NULL),
(1865, NULL, 95, 'SUR1562', NULL, NULL),
(1866, NULL, 95, 'SUR1563', NULL, NULL),
(1867, NULL, 95, 'SUR1564', NULL, NULL),
(1868, NULL, 95, 'SUR1565', NULL, NULL),
(1869, NULL, 95, 'SUR1566', NULL, NULL),
(1870, NULL, 95, 'SUR1567', NULL, NULL),
(1871, NULL, 95, 'SUR1568', NULL, NULL),
(1872, NULL, 95, 'SUR1569', NULL, NULL),
(1873, NULL, 95, 'SUR1570', NULL, NULL),
(1874, NULL, 95, 'SUR1571', NULL, NULL),
(1875, NULL, 95, 'SUR1572', NULL, NULL),
(1876, NULL, 95, 'SUR1573', NULL, NULL),
(1877, NULL, 95, 'SUR1574', NULL, NULL),
(1878, NULL, 95, 'SUR1575', NULL, NULL),
(1879, NULL, 95, 'SUR1576', NULL, NULL),
(1880, NULL, 95, 'SUR1577', NULL, NULL),
(1881, NULL, 95, 'SUR1578', NULL, NULL),
(1882, NULL, 95, 'SUR1579', NULL, NULL),
(1883, NULL, 95, 'SUR1580', NULL, NULL),
(1884, NULL, 95, 'SUR1581', NULL, NULL),
(1885, NULL, 95, 'SUR1582', NULL, NULL),
(1886, NULL, 95, 'SUR1583', NULL, NULL),
(1887, NULL, 95, 'SUR1584', NULL, NULL),
(1888, NULL, 95, 'SUR1585', NULL, NULL),
(1889, NULL, 95, 'SUR1586', NULL, NULL),
(1890, NULL, 95, 'SUR1587', NULL, NULL),
(1891, NULL, 95, 'SUR1588', NULL, NULL),
(1892, NULL, 95, 'SUR1589', NULL, NULL),
(1893, NULL, 95, 'SUR1590', NULL, NULL),
(1894, NULL, 95, 'SUR1591', NULL, NULL),
(1895, NULL, 95, 'SUR1592', NULL, NULL),
(1896, NULL, 95, 'SUR1593', NULL, NULL),
(1897, NULL, 95, 'SUR1594', NULL, NULL),
(1898, NULL, 95, 'SUR1595', NULL, NULL),
(1899, NULL, 95, 'SUR1596', NULL, NULL),
(1900, NULL, 95, 'SUR1597', NULL, NULL),
(1901, NULL, 95, 'SUR1598', NULL, NULL),
(1902, NULL, 95, 'SUR1599', NULL, NULL),
(1903, NULL, 95, 'SUR1600', NULL, NULL),
(1904, NULL, 96, 'SUR1601', NULL, NULL),
(1905, NULL, 96, 'SUR1602', NULL, NULL),
(1906, NULL, 96, 'SUR1603', NULL, NULL),
(1907, NULL, 96, 'SUR1604', NULL, NULL),
(1908, NULL, 96, 'SUR1605', NULL, NULL),
(1909, NULL, 96, 'SUR1606', NULL, NULL),
(1910, NULL, 96, 'SUR1607', NULL, NULL),
(1911, NULL, 96, 'SUR1608', NULL, NULL),
(1912, NULL, 96, 'SUR1609', NULL, NULL),
(1913, NULL, 96, 'SUR1610', NULL, NULL),
(1914, NULL, 96, 'SUR1611', NULL, NULL),
(1915, NULL, 96, 'SUR1612', NULL, NULL),
(1916, NULL, 96, 'SUR1613', NULL, NULL),
(1917, NULL, 96, 'SUR1614', NULL, NULL),
(1918, NULL, 96, 'SUR1615', NULL, NULL),
(1919, NULL, 96, 'SUR1616', NULL, NULL),
(1920, NULL, 96, 'SUR1617', NULL, NULL),
(1921, NULL, 96, 'SUR1618', NULL, NULL),
(1922, NULL, 96, 'SUR1619', NULL, NULL),
(1923, NULL, 96, 'SUR1620', NULL, NULL),
(1924, NULL, 96, 'SUR1621', NULL, NULL),
(1925, NULL, 96, 'SUR1622', NULL, NULL),
(1926, NULL, 96, 'SUR1623', NULL, NULL),
(1927, NULL, 96, 'SUR1624', NULL, NULL),
(1928, NULL, 96, 'SUR1625', NULL, NULL),
(1929, NULL, 96, 'SUR1626', NULL, NULL),
(1930, NULL, 96, 'SUR1627', NULL, NULL),
(1931, NULL, 96, 'SUR1628', NULL, NULL),
(1932, NULL, 96, 'SUR1629', NULL, NULL),
(1933, NULL, 96, 'SUR1630', NULL, NULL),
(1934, NULL, 96, 'SUR1631', NULL, NULL),
(1935, NULL, 96, 'SUR1632', NULL, NULL),
(1936, NULL, 96, 'SUR1633', NULL, NULL),
(1937, NULL, 96, 'SUR1634', NULL, NULL),
(1938, NULL, 96, 'SUR1635', NULL, NULL),
(1939, NULL, 96, 'SUR1636', NULL, NULL),
(1940, NULL, 96, 'SUR1637', NULL, NULL),
(1941, NULL, 96, 'SUR1638', NULL, NULL),
(1942, NULL, 96, 'SUR1639', NULL, NULL),
(1943, NULL, 96, 'SUR1640', NULL, NULL),
(1944, NULL, 97, 'SUR441', NULL, NULL),
(1945, NULL, 97, 'SUR442', NULL, NULL),
(1946, NULL, 97, 'SUR443', NULL, NULL),
(1947, NULL, 97, 'SUR444', NULL, NULL),
(1948, NULL, 97, 'SUR445', NULL, NULL),
(1949, NULL, 97, 'SUR446', NULL, NULL),
(1950, NULL, 97, 'SUR447', NULL, NULL),
(1951, NULL, 97, 'SUR448', NULL, NULL),
(1952, NULL, 97, 'SUR449', NULL, NULL),
(1953, NULL, 97, 'SUR450', NULL, NULL),
(1954, NULL, 97, 'SUR451', NULL, NULL),
(1955, NULL, 97, 'SUR452', NULL, NULL),
(1956, NULL, 97, 'SUR453', NULL, NULL),
(1957, NULL, 97, 'SUR454', NULL, NULL),
(1958, NULL, 97, 'SUR455', NULL, NULL),
(1959, NULL, 97, 'SUR456', NULL, NULL),
(1960, NULL, 97, 'SUR457', NULL, NULL),
(1961, NULL, 97, 'SUR458', NULL, NULL),
(1962, NULL, 97, 'SUR459', NULL, NULL),
(1963, NULL, 97, 'SUR460', NULL, NULL),
(1964, NULL, 97, 'SUR461', NULL, NULL),
(1965, NULL, 97, 'SUR462', NULL, NULL),
(1966, NULL, 97, 'SUR463', NULL, NULL),
(1967, NULL, 97, 'SUR464', NULL, NULL),
(1968, NULL, 97, 'SUR465', NULL, NULL),
(1969, NULL, 97, 'SUR466', NULL, NULL),
(1970, NULL, 97, 'SUR467', NULL, NULL),
(1971, NULL, 97, 'SUR468', NULL, NULL),
(1972, NULL, 97, 'SUR469', NULL, NULL),
(1973, NULL, 97, 'SUR470', NULL, NULL),
(1974, NULL, 97, 'SUR471', NULL, NULL),
(1975, NULL, 97, 'SUR472', NULL, NULL),
(1976, NULL, 97, 'SUR473', NULL, NULL),
(1977, NULL, 97, 'SUR474', NULL, NULL),
(1978, NULL, 97, 'SUR475', NULL, NULL),
(1979, NULL, 97, 'SUR476', NULL, NULL),
(1980, NULL, 97, 'SUR477', NULL, NULL),
(1981, NULL, 97, 'SUR478', NULL, NULL),
(1982, NULL, 97, 'SUR479', NULL, NULL),
(1983, NULL, 97, 'SUR480', NULL, NULL),
(1984, NULL, 98, 'SUR481', NULL, NULL),
(1985, NULL, 98, 'SUR482', NULL, NULL),
(1986, NULL, 98, 'SUR483', NULL, NULL),
(1987, NULL, 98, 'SUR484', NULL, NULL),
(1988, NULL, 98, 'SUR485', NULL, NULL),
(1989, NULL, 98, 'SUR486', NULL, NULL),
(1990, NULL, 98, 'SUR487', NULL, NULL),
(1991, NULL, 98, 'SUR488', NULL, NULL),
(1992, NULL, 98, 'SUR489', NULL, NULL),
(1993, NULL, 98, 'SUR490', NULL, NULL),
(1994, NULL, 98, 'SUR491', NULL, NULL),
(1995, NULL, 98, 'SUR492', NULL, NULL),
(1996, NULL, 98, 'SUR493', NULL, NULL),
(1997, NULL, 98, 'SUR494', NULL, NULL),
(1998, NULL, 98, 'SUR495', NULL, NULL),
(1999, NULL, 98, 'SUR496', NULL, NULL),
(2000, NULL, 98, 'SUR497', NULL, NULL),
(2001, NULL, 98, 'SUR498', NULL, NULL),
(2002, NULL, 98, 'SUR499', NULL, NULL),
(2003, NULL, 98, 'SUR500', NULL, NULL),
(2004, NULL, 98, 'SUR501', NULL, NULL),
(2005, NULL, 98, 'SUR502', NULL, NULL),
(2006, NULL, 98, 'SUR503', NULL, NULL),
(2007, NULL, 98, 'SUR504', NULL, NULL),
(2008, NULL, 98, 'SUR505', NULL, NULL),
(2009, NULL, 98, 'SUR506', NULL, NULL),
(2010, NULL, 98, 'SUR507', NULL, NULL),
(2011, NULL, 98, 'SUR508', NULL, NULL),
(2012, NULL, 98, 'SUR509', NULL, NULL),
(2013, NULL, 98, 'SUR510', NULL, NULL),
(2014, NULL, 98, 'SUR511', NULL, NULL),
(2015, NULL, 98, 'SUR512', NULL, NULL),
(2016, NULL, 98, 'SUR513', NULL, NULL),
(2017, NULL, 98, 'SUR514', NULL, NULL),
(2018, NULL, 98, 'SUR515', NULL, NULL),
(2019, NULL, 98, 'SUR516', NULL, NULL),
(2020, NULL, 98, 'SUR517', NULL, NULL),
(2021, NULL, 98, 'SUR518', NULL, NULL),
(2022, NULL, 98, 'SUR519', NULL, NULL),
(2023, NULL, 98, 'SUR520', NULL, NULL),
(2024, NULL, 99, 'SUR521', NULL, NULL),
(2025, NULL, 99, 'SUR522', NULL, NULL),
(2026, NULL, 99, 'SUR523', NULL, NULL),
(2027, NULL, 99, 'SUR524', NULL, NULL),
(2028, NULL, 99, 'SUR525', NULL, NULL),
(2029, NULL, 99, 'SUR526', NULL, NULL),
(2030, NULL, 99, 'SUR527', NULL, NULL),
(2031, NULL, 99, 'SUR528', NULL, NULL),
(2032, NULL, 99, 'SUR529', NULL, NULL),
(2033, NULL, 99, 'SUR530', NULL, NULL),
(2034, NULL, 99, 'SUR531', NULL, NULL),
(2035, NULL, 99, 'SUR532', NULL, NULL),
(2036, NULL, 99, 'SUR533', NULL, NULL),
(2037, NULL, 99, 'SUR534', NULL, NULL),
(2038, NULL, 99, 'SUR535', NULL, NULL),
(2039, NULL, 99, 'SUR536', NULL, NULL),
(2040, NULL, 99, 'SUR537', NULL, NULL),
(2041, NULL, 99, 'SUR538', NULL, NULL),
(2042, NULL, 99, 'SUR539', NULL, NULL),
(2043, NULL, 99, 'SUR540', NULL, NULL),
(2044, NULL, 99, 'SUR541', NULL, NULL),
(2045, NULL, 99, 'SUR542', NULL, NULL),
(2046, NULL, 99, 'SUR543', NULL, NULL),
(2047, NULL, 99, 'SUR544', NULL, NULL),
(2048, NULL, 99, 'SUR545', NULL, NULL),
(2049, NULL, 99, 'SUR546', NULL, NULL),
(2050, NULL, 99, 'SUR547', NULL, NULL),
(2051, NULL, 99, 'SUR548', NULL, NULL),
(2052, NULL, 99, 'SUR549', NULL, NULL),
(2053, NULL, 99, 'SUR550', NULL, NULL),
(2054, NULL, 99, 'SUR551', NULL, NULL),
(2055, NULL, 99, 'SUR552', NULL, NULL),
(2056, NULL, 99, 'SUR553', NULL, NULL),
(2057, NULL, 99, 'SUR554', NULL, NULL),
(2058, NULL, 99, 'SUR555', NULL, NULL),
(2059, NULL, 99, 'SUR556', NULL, NULL),
(2060, NULL, 99, 'SUR557', NULL, NULL),
(2061, NULL, 99, 'SUR558', NULL, NULL),
(2062, NULL, 99, 'SUR559', NULL, NULL),
(2063, NULL, 99, 'SUR560', NULL, NULL),
(2064, NULL, 100, 'SUR561', NULL, NULL),
(2065, NULL, 100, 'SUR562', NULL, NULL),
(2066, NULL, 100, 'SUR563', NULL, NULL),
(2067, NULL, 100, 'SUR564', NULL, NULL),
(2068, NULL, 100, 'SUR565', NULL, NULL),
(2069, NULL, 100, 'SUR566', NULL, NULL),
(2070, NULL, 100, 'SUR567', NULL, NULL),
(2071, NULL, 100, 'SUR568', NULL, NULL),
(2072, NULL, 100, 'SUR569', NULL, NULL),
(2073, NULL, 100, 'SUR570', NULL, NULL),
(2074, NULL, 100, 'SUR571', NULL, NULL),
(2075, NULL, 100, 'SUR572', NULL, NULL),
(2076, NULL, 100, 'SUR573', NULL, NULL),
(2077, NULL, 100, 'SUR574', NULL, NULL),
(2078, NULL, 100, 'SUR575', NULL, NULL),
(2079, NULL, 100, 'SUR576', NULL, NULL),
(2080, NULL, 100, 'SUR577', NULL, NULL),
(2081, NULL, 100, 'SUR578', NULL, NULL),
(2082, NULL, 100, 'SUR579', NULL, NULL),
(2083, NULL, 100, 'SUR580', NULL, NULL),
(2084, NULL, 100, 'SUR581', NULL, NULL),
(2085, NULL, 100, 'SUR582', NULL, NULL),
(2086, NULL, 100, 'SUR583', NULL, NULL),
(2087, NULL, 100, 'SUR584', NULL, NULL),
(2088, NULL, 100, 'SUR585', NULL, NULL),
(2089, NULL, 100, 'SUR586', NULL, NULL),
(2090, NULL, 100, 'SUR587', NULL, NULL),
(2091, NULL, 100, 'SUR588', NULL, NULL),
(2092, NULL, 100, 'SUR589', NULL, NULL),
(2093, NULL, 100, 'SUR590', NULL, NULL),
(2094, NULL, 100, 'SUR591', NULL, NULL),
(2095, NULL, 100, 'SUR592', NULL, NULL),
(2096, NULL, 100, 'SUR593', NULL, NULL),
(2097, NULL, 100, 'SUR594', NULL, NULL),
(2098, NULL, 100, 'SUR595', NULL, NULL),
(2099, NULL, 100, 'SUR596', NULL, NULL),
(2100, NULL, 100, 'SUR597', NULL, NULL),
(2101, NULL, 100, 'SUR598', NULL, NULL),
(2102, NULL, 100, 'SUR599', NULL, NULL),
(2103, NULL, 100, 'SUR600', NULL, NULL),
(2104, NULL, 101, 'SUR601', NULL, NULL),
(2105, NULL, 101, 'SUR602', NULL, NULL),
(2106, NULL, 101, 'SUR603', NULL, NULL),
(2107, NULL, 101, 'SUR604', NULL, NULL),
(2108, NULL, 101, 'SUR605', NULL, NULL),
(2109, NULL, 101, 'SUR606', NULL, NULL),
(2110, NULL, 101, 'SUR607', NULL, NULL),
(2111, NULL, 101, 'SUR608', NULL, NULL),
(2112, NULL, 101, 'SUR609', NULL, NULL),
(2113, NULL, 101, 'SUR610', NULL, NULL),
(2114, NULL, 101, 'SUR611', NULL, NULL),
(2115, NULL, 101, 'SUR612', NULL, NULL),
(2116, NULL, 101, 'SUR613', NULL, NULL),
(2117, NULL, 101, 'SUR614', NULL, NULL),
(2118, NULL, 101, 'SUR615', NULL, NULL),
(2119, NULL, 101, 'SUR616', NULL, NULL),
(2120, NULL, 101, 'SUR617', NULL, NULL),
(2121, NULL, 101, 'SUR618', NULL, NULL),
(2122, NULL, 101, 'SUR619', NULL, NULL),
(2123, NULL, 101, 'SUR620', NULL, NULL),
(2124, NULL, 101, 'SUR621', NULL, NULL),
(2125, NULL, 101, 'SUR622', NULL, NULL),
(2126, NULL, 101, 'SUR623', NULL, NULL),
(2127, NULL, 101, 'SUR624', NULL, NULL),
(2128, NULL, 101, 'SUR625', NULL, NULL),
(2129, NULL, 101, 'SUR626', NULL, NULL),
(2130, NULL, 101, 'SUR627', NULL, NULL),
(2131, NULL, 101, 'SUR628', NULL, NULL),
(2132, NULL, 101, 'SUR629', NULL, NULL),
(2133, NULL, 101, 'SUR630', NULL, NULL),
(2134, NULL, 101, 'SUR631', NULL, NULL),
(2135, NULL, 101, 'SUR632', NULL, NULL),
(2136, NULL, 101, 'SUR633', NULL, NULL),
(2137, NULL, 101, 'SUR634', NULL, NULL),
(2138, NULL, 101, 'SUR635', NULL, NULL),
(2139, NULL, 101, 'SUR636', NULL, NULL),
(2140, NULL, 101, 'SUR637', NULL, NULL),
(2141, NULL, 101, 'SUR638', NULL, NULL),
(2142, NULL, 101, 'SUR639', NULL, NULL),
(2143, NULL, 101, 'SUR640', NULL, NULL),
(2144, NULL, 102, 'SUR641', NULL, NULL),
(2145, NULL, 102, 'SUR642', NULL, NULL),
(2146, NULL, 102, 'SUR643', NULL, NULL),
(2147, NULL, 102, 'SUR644', NULL, NULL),
(2148, NULL, 102, 'SUR645', NULL, NULL),
(2149, NULL, 102, 'SUR646', NULL, NULL),
(2150, NULL, 102, 'SUR647', NULL, NULL),
(2151, NULL, 102, 'SUR648', NULL, NULL),
(2152, NULL, 102, 'SUR649', NULL, NULL),
(2153, NULL, 102, 'SUR650', NULL, NULL),
(2154, NULL, 102, 'SUR651', NULL, NULL),
(2155, NULL, 102, 'SUR652', NULL, NULL),
(2156, NULL, 102, 'SUR653', NULL, NULL),
(2157, NULL, 102, 'SUR654', NULL, NULL),
(2158, NULL, 102, 'SUR655', NULL, NULL),
(2159, NULL, 102, 'SUR656', NULL, NULL),
(2160, NULL, 102, 'SUR657', NULL, NULL),
(2161, NULL, 102, 'SUR658', NULL, NULL),
(2162, NULL, 102, 'SUR659', NULL, NULL),
(2163, NULL, 102, 'SUR660', NULL, NULL),
(2164, NULL, 102, 'SUR661', NULL, NULL),
(2165, NULL, 102, 'SUR662', NULL, NULL),
(2166, NULL, 102, 'SUR663', NULL, NULL),
(2167, NULL, 102, 'SUR664', NULL, NULL),
(2168, NULL, 102, 'SUR665', NULL, NULL),
(2169, NULL, 102, 'SUR666', NULL, NULL),
(2170, NULL, 102, 'SUR667', NULL, NULL),
(2171, NULL, 102, 'SUR668', NULL, NULL),
(2172, NULL, 102, 'SUR669', NULL, NULL),
(2173, NULL, 102, 'SUR670', NULL, NULL),
(2174, NULL, 102, 'SUR671', NULL, NULL),
(2175, NULL, 102, 'SUR672', NULL, NULL),
(2176, NULL, 102, 'SUR673', NULL, NULL),
(2177, NULL, 102, 'SUR674', NULL, NULL),
(2178, NULL, 102, 'SUR675', NULL, NULL),
(2179, NULL, 102, 'SUR676', NULL, NULL),
(2180, NULL, 102, 'SUR677', NULL, NULL),
(2181, NULL, 102, 'SUR678', NULL, NULL),
(2182, NULL, 102, 'SUR679', NULL, NULL),
(2183, NULL, 102, 'SUR680', NULL, NULL),
(2184, NULL, 103, 'SUR681', NULL, NULL),
(2185, NULL, 103, 'SUR682', NULL, NULL),
(2186, NULL, 103, 'SUR683', NULL, NULL),
(2187, NULL, 103, 'SUR684', NULL, NULL),
(2188, NULL, 103, 'SUR685', NULL, NULL),
(2189, NULL, 103, 'SUR686', NULL, NULL),
(2190, NULL, 103, 'SUR687', NULL, NULL),
(2191, NULL, 103, 'SUR688', NULL, NULL),
(2192, NULL, 103, 'SUR689', NULL, NULL),
(2193, NULL, 103, 'SUR690', NULL, NULL),
(2194, NULL, 103, 'SUR691', NULL, NULL),
(2195, NULL, 103, 'SUR692', NULL, NULL),
(2196, NULL, 103, 'SUR693', NULL, NULL),
(2197, NULL, 103, 'SUR694', NULL, NULL),
(2198, NULL, 103, 'SUR695', NULL, NULL),
(2199, NULL, 103, 'SUR696', NULL, NULL),
(2200, NULL, 103, 'SUR697', NULL, NULL),
(2201, NULL, 103, 'SUR698', NULL, NULL),
(2202, NULL, 103, 'SUR699', NULL, NULL),
(2203, NULL, 103, 'SUR700', NULL, NULL),
(2204, NULL, 103, 'SUR701', NULL, NULL),
(2205, NULL, 103, 'SUR702', NULL, NULL),
(2206, NULL, 103, 'SUR703', NULL, NULL),
(2207, NULL, 103, 'SUR704', NULL, NULL),
(2208, NULL, 103, 'SUR705', NULL, NULL),
(2209, NULL, 103, 'SUR706', NULL, NULL),
(2210, NULL, 103, 'SUR707', NULL, NULL),
(2211, NULL, 103, 'SUR708', NULL, NULL),
(2212, NULL, 103, 'SUR709', NULL, NULL),
(2213, NULL, 103, 'SUR710', NULL, NULL),
(2214, NULL, 103, 'SUR711', NULL, NULL),
(2215, NULL, 103, 'SUR712', NULL, NULL),
(2216, NULL, 103, 'SUR713', NULL, NULL),
(2217, NULL, 103, 'SUR714', NULL, NULL),
(2218, NULL, 103, 'SUR715', NULL, NULL),
(2219, NULL, 103, 'SUR716', NULL, NULL),
(2220, NULL, 103, 'SUR717', NULL, NULL),
(2221, NULL, 103, 'SUR718', NULL, NULL),
(2222, NULL, 103, 'SUR719', NULL, NULL),
(2223, NULL, 103, 'SUR720', NULL, NULL),
(2224, NULL, 104, 'SUR721', NULL, NULL),
(2225, NULL, 104, 'SUR722', NULL, NULL),
(2226, NULL, 104, 'SUR723', NULL, NULL),
(2227, NULL, 104, 'SUR724', NULL, NULL),
(2228, NULL, 104, 'SUR725', NULL, NULL),
(2229, NULL, 104, 'SUR726', NULL, NULL),
(2230, NULL, 104, 'SUR727', NULL, NULL),
(2231, NULL, 104, 'SUR728', NULL, NULL),
(2232, NULL, 104, 'SUR729', NULL, NULL),
(2233, NULL, 104, 'SUR730', NULL, NULL),
(2234, NULL, 104, 'SUR731', NULL, NULL),
(2235, NULL, 104, 'SUR732', NULL, NULL),
(2236, NULL, 104, 'SUR733', NULL, NULL),
(2237, NULL, 104, 'SUR734', NULL, NULL),
(2238, NULL, 104, 'SUR735', NULL, NULL),
(2239, NULL, 104, 'SUR736', NULL, NULL),
(2240, NULL, 104, 'SUR737', NULL, NULL),
(2241, NULL, 104, 'SUR738', NULL, NULL),
(2242, NULL, 104, 'SUR739', NULL, NULL),
(2243, NULL, 104, 'SUR740', NULL, NULL),
(2244, NULL, 104, 'SUR741', NULL, NULL),
(2245, NULL, 104, 'SUR742', NULL, NULL),
(2246, NULL, 104, 'SUR743', NULL, NULL),
(2247, NULL, 104, 'SUR744', NULL, NULL),
(2248, NULL, 104, 'SUR745', NULL, NULL),
(2249, NULL, 104, 'SUR746', NULL, NULL),
(2250, NULL, 104, 'SUR747', NULL, NULL),
(2251, NULL, 104, 'SUR748', NULL, NULL),
(2252, NULL, 104, 'SUR749', NULL, NULL),
(2253, NULL, 104, 'SUR750', NULL, NULL),
(2254, NULL, 104, 'SUR751', NULL, NULL),
(2255, NULL, 104, 'SUR752', NULL, NULL),
(2256, NULL, 104, 'SUR753', NULL, NULL),
(2257, NULL, 104, 'SUR754', NULL, NULL),
(2258, NULL, 104, 'SUR755', NULL, NULL),
(2259, NULL, 104, 'SUR756', NULL, NULL),
(2260, NULL, 104, 'SUR757', NULL, NULL),
(2261, NULL, 104, 'SUR758', NULL, NULL),
(2262, NULL, 104, 'SUR759', NULL, NULL),
(2263, NULL, 104, 'SUR760', NULL, NULL),
(2264, NULL, 105, 'SUR761', NULL, NULL),
(2265, NULL, 105, 'SUR762', NULL, NULL),
(2266, NULL, 105, 'SUR763', NULL, NULL),
(2267, NULL, 105, 'SUR764', NULL, NULL),
(2268, NULL, 105, 'SUR765', NULL, NULL),
(2269, NULL, 105, 'SUR766', NULL, NULL),
(2270, NULL, 105, 'SUR767', NULL, NULL),
(2271, NULL, 105, 'SUR768', NULL, NULL),
(2272, NULL, 105, 'SUR769', NULL, NULL),
(2273, NULL, 105, 'SUR770', NULL, NULL),
(2274, NULL, 105, 'SUR771', NULL, NULL),
(2275, NULL, 105, 'SUR772', NULL, NULL),
(2276, NULL, 105, 'SUR773', NULL, NULL),
(2277, NULL, 105, 'SUR774', NULL, NULL),
(2278, NULL, 105, 'SUR775', NULL, NULL),
(2279, NULL, 105, 'SUR776', NULL, NULL),
(2280, NULL, 105, 'SUR777', NULL, NULL),
(2281, NULL, 105, 'SUR778', NULL, NULL),
(2282, NULL, 105, 'SUR779', NULL, NULL),
(2283, NULL, 105, 'SUR780', NULL, NULL),
(2284, NULL, 105, 'SUR781', NULL, NULL),
(2285, NULL, 105, 'SUR782', NULL, NULL),
(2286, NULL, 105, 'SUR783', NULL, NULL),
(2287, NULL, 105, 'SUR784', NULL, NULL),
(2288, NULL, 105, 'SUR785', NULL, NULL),
(2289, NULL, 105, 'SUR786', NULL, NULL),
(2290, NULL, 105, 'SUR787', NULL, NULL),
(2291, NULL, 105, 'SUR788', NULL, NULL),
(2292, NULL, 105, 'SUR789', NULL, NULL),
(2293, NULL, 105, 'SUR790', NULL, NULL),
(2294, NULL, 105, 'SUR791', NULL, NULL),
(2295, NULL, 105, 'SUR792', NULL, NULL),
(2296, NULL, 105, 'SUR793', NULL, NULL),
(2297, NULL, 105, 'SUR794', NULL, NULL),
(2298, NULL, 105, 'SUR795', NULL, NULL),
(2299, NULL, 105, 'SUR796', NULL, NULL),
(2300, NULL, 105, 'SUR797', NULL, NULL),
(2301, NULL, 105, 'SUR798', NULL, NULL),
(2302, NULL, 105, 'SUR799', NULL, NULL),
(2303, NULL, 105, 'SUR800', NULL, NULL),
(2304, NULL, 106, 'SUR801', NULL, NULL),
(2305, NULL, 106, 'SUR802', NULL, NULL),
(2306, NULL, 106, 'SUR803', NULL, NULL),
(2307, NULL, 106, 'SUR804', NULL, NULL),
(2308, NULL, 106, 'SUR805', NULL, NULL),
(2309, NULL, 106, 'SUR806', NULL, NULL),
(2310, NULL, 106, 'SUR807', NULL, NULL),
(2311, NULL, 106, 'SUR808', NULL, NULL),
(2312, NULL, 106, 'SUR809', NULL, NULL),
(2313, NULL, 106, 'SUR810', NULL, NULL),
(2314, NULL, 106, 'SUR811', NULL, NULL),
(2315, NULL, 106, 'SUR812', NULL, NULL),
(2316, NULL, 106, 'SUR813', NULL, NULL),
(2317, NULL, 106, 'SUR814', NULL, NULL),
(2318, NULL, 106, 'SUR815', NULL, NULL),
(2319, NULL, 106, 'SUR816', NULL, NULL),
(2320, NULL, 106, 'SUR817', NULL, NULL),
(2321, NULL, 106, 'SUR818', NULL, NULL),
(2322, NULL, 106, 'SUR819', NULL, NULL),
(2323, NULL, 106, 'SUR820', NULL, NULL),
(2324, NULL, 106, 'SUR821', NULL, NULL),
(2325, NULL, 106, 'SUR822', NULL, NULL),
(2326, NULL, 106, 'SUR823', NULL, NULL),
(2327, NULL, 106, 'SUR824', NULL, NULL),
(2328, NULL, 106, 'SUR825', NULL, NULL),
(2329, NULL, 106, 'SUR826', NULL, NULL),
(2330, NULL, 106, 'SUR827', NULL, NULL),
(2331, NULL, 106, 'SUR828', NULL, NULL),
(2332, NULL, 106, 'SUR829', NULL, NULL),
(2333, NULL, 106, 'SUR830', NULL, NULL),
(2334, NULL, 106, 'SUR831', NULL, NULL),
(2335, NULL, 106, 'SUR832', NULL, NULL),
(2336, NULL, 106, 'SUR833', NULL, NULL),
(2337, NULL, 106, 'SUR834', NULL, NULL),
(2338, NULL, 106, 'SUR835', NULL, NULL),
(2339, NULL, 106, 'SUR836', NULL, NULL),
(2340, NULL, 106, 'SUR837', NULL, NULL),
(2341, NULL, 106, 'SUR838', NULL, NULL),
(2342, NULL, 106, 'SUR839', NULL, NULL),
(2343, NULL, 106, 'SUR840', NULL, NULL),
(2344, NULL, 107, 'SUR841', NULL, NULL),
(2345, NULL, 107, 'SUR842', NULL, NULL),
(2346, NULL, 107, 'SUR843', NULL, NULL),
(2347, NULL, 107, 'SUR844', NULL, NULL),
(2348, NULL, 107, 'SUR845', NULL, NULL),
(2349, NULL, 107, 'SUR846', NULL, NULL),
(2350, NULL, 107, 'SUR847', NULL, NULL),
(2351, NULL, 107, 'SUR848', NULL, NULL),
(2352, NULL, 107, 'SUR849', NULL, NULL),
(2353, NULL, 107, 'SUR850', NULL, NULL),
(2354, NULL, 107, 'SUR851', NULL, NULL),
(2355, NULL, 107, 'SUR852', NULL, NULL),
(2356, NULL, 107, 'SUR853', NULL, NULL),
(2357, NULL, 107, 'SUR854', NULL, NULL),
(2358, NULL, 107, 'SUR855', NULL, NULL),
(2359, NULL, 107, 'SUR856', NULL, NULL),
(2360, NULL, 107, 'SUR857', NULL, NULL),
(2361, NULL, 107, 'SUR858', NULL, NULL),
(2362, NULL, 107, 'SUR859', NULL, NULL),
(2363, NULL, 107, 'SUR860', NULL, NULL),
(2364, NULL, 107, 'SUR861', NULL, NULL),
(2365, NULL, 107, 'SUR862', NULL, NULL),
(2366, NULL, 107, 'SUR863', NULL, NULL),
(2367, NULL, 107, 'SUR864', NULL, NULL),
(2368, NULL, 107, 'SUR865', NULL, NULL),
(2369, NULL, 107, 'SUR866', NULL, NULL),
(2370, NULL, 107, 'SUR867', NULL, NULL),
(2371, NULL, 107, 'SUR868', NULL, NULL),
(2372, NULL, 107, 'SUR869', NULL, NULL),
(2373, NULL, 107, 'SUR870', NULL, NULL),
(2374, NULL, 107, 'SUR871', NULL, NULL),
(2375, NULL, 107, 'SUR872', NULL, NULL),
(2376, NULL, 107, 'SUR873', NULL, NULL),
(2377, NULL, 107, 'SUR874', NULL, NULL),
(2378, NULL, 107, 'SUR875', NULL, NULL),
(2379, NULL, 107, 'SUR876', NULL, NULL),
(2380, NULL, 107, 'SUR877', NULL, NULL),
(2381, NULL, 107, 'SUR878', NULL, NULL),
(2382, NULL, 107, 'SUR879', NULL, NULL),
(2383, NULL, 107, 'SUR880', NULL, NULL),
(2384, NULL, 108, 'SUR881', NULL, NULL),
(2385, NULL, 108, 'SUR882', NULL, NULL),
(2386, NULL, 108, 'SUR883', NULL, NULL),
(2387, NULL, 108, 'SUR884', NULL, NULL),
(2388, NULL, 108, 'SUR885', NULL, NULL),
(2389, NULL, 108, 'SUR886', NULL, NULL),
(2390, NULL, 108, 'SUR887', NULL, NULL),
(2391, NULL, 108, 'SUR888', NULL, NULL),
(2392, NULL, 108, 'SUR889', NULL, NULL),
(2393, NULL, 108, 'SUR890', NULL, NULL),
(2394, NULL, 108, 'SUR891', NULL, NULL),
(2395, NULL, 108, 'SUR892', NULL, NULL),
(2396, NULL, 108, 'SUR893', NULL, NULL),
(2397, NULL, 108, 'SUR894', NULL, NULL),
(2398, NULL, 108, 'SUR895', NULL, NULL),
(2399, NULL, 108, 'SUR896', NULL, NULL),
(2400, NULL, 108, 'SUR897', NULL, NULL),
(2401, NULL, 108, 'SUR898', NULL, NULL),
(2402, NULL, 108, 'SUR899', NULL, NULL),
(2403, NULL, 108, 'SUR900', NULL, NULL),
(2404, NULL, 108, 'SUR901', NULL, NULL),
(2405, NULL, 108, 'SUR902', NULL, NULL),
(2406, NULL, 108, 'SUR903', NULL, NULL),
(2407, NULL, 108, 'SUR904', NULL, NULL),
(2408, NULL, 108, 'SUR905', NULL, NULL),
(2409, NULL, 108, 'SUR906', NULL, NULL),
(2410, NULL, 108, 'SUR907', NULL, NULL),
(2411, NULL, 108, 'SUR908', NULL, NULL),
(2412, NULL, 108, 'SUR909', NULL, NULL),
(2413, NULL, 108, 'SUR910', NULL, NULL),
(2414, NULL, 108, 'SUR911', NULL, NULL),
(2415, NULL, 108, 'SUR912', NULL, NULL),
(2416, NULL, 108, 'SUR913', NULL, NULL),
(2417, NULL, 108, 'SUR914', NULL, NULL),
(2418, NULL, 108, 'SUR915', NULL, NULL),
(2419, NULL, 108, 'SUR916', NULL, NULL),
(2420, NULL, 108, 'SUR917', NULL, NULL),
(2421, NULL, 108, 'SUR918', NULL, NULL),
(2422, NULL, 108, 'SUR919', NULL, NULL),
(2423, NULL, 108, 'SUR920', NULL, NULL),
(2424, NULL, 109, 'SUR921', NULL, NULL),
(2425, NULL, 109, 'SUR922', NULL, NULL),
(2426, NULL, 109, 'SUR923', NULL, NULL),
(2427, NULL, 109, 'SUR924', NULL, NULL),
(2428, NULL, 109, 'SUR925', NULL, NULL),
(2429, NULL, 109, 'SUR926', NULL, NULL),
(2430, NULL, 109, 'SUR927', NULL, NULL),
(2431, NULL, 109, 'SUR928', NULL, NULL),
(2432, NULL, 109, 'SUR929', NULL, NULL),
(2433, NULL, 109, 'SUR930', NULL, NULL),
(2434, NULL, 109, 'SUR931', NULL, NULL),
(2435, NULL, 109, 'SUR932', NULL, NULL),
(2436, NULL, 109, 'SUR933', NULL, NULL),
(2437, NULL, 109, 'SUR934', NULL, NULL),
(2438, NULL, 109, 'SUR935', NULL, NULL),
(2439, NULL, 109, 'SUR936', NULL, NULL),
(2440, NULL, 109, 'SUR937', NULL, NULL),
(2441, NULL, 109, 'SUR938', NULL, NULL),
(2442, NULL, 109, 'SUR939', NULL, NULL),
(2443, NULL, 109, 'SUR940', NULL, NULL),
(2444, NULL, 109, 'SUR941', NULL, NULL),
(2445, NULL, 109, 'SUR942', NULL, NULL),
(2446, NULL, 109, 'SUR943', NULL, NULL),
(2447, NULL, 109, 'SUR944', NULL, NULL),
(2448, NULL, 109, 'SUR945', NULL, NULL),
(2449, NULL, 109, 'SUR946', NULL, NULL),
(2450, NULL, 109, 'SUR947', NULL, NULL),
(2451, NULL, 109, 'SUR948', NULL, NULL),
(2452, NULL, 109, 'SUR949', NULL, NULL),
(2453, NULL, 109, 'SUR950', NULL, NULL),
(2454, NULL, 109, 'SUR951', NULL, NULL),
(2455, NULL, 109, 'SUR952', NULL, NULL),
(2456, NULL, 109, 'SUR953', NULL, NULL),
(2457, NULL, 109, 'SUR954', NULL, NULL),
(2458, NULL, 109, 'SUR955', NULL, NULL),
(2459, NULL, 109, 'SUR956', NULL, NULL),
(2460, NULL, 109, 'SUR957', NULL, NULL),
(2461, NULL, 109, 'SUR958', NULL, NULL),
(2462, NULL, 109, 'SUR959', NULL, NULL),
(2463, NULL, 109, 'SUR960', NULL, NULL),
(2464, NULL, 110, 'SUR961', NULL, NULL),
(2465, NULL, 110, 'SUR962', NULL, NULL),
(2466, NULL, 110, 'SUR963', NULL, NULL),
(2467, NULL, 110, 'SUR964', NULL, NULL),
(2468, NULL, 110, 'SUR965', NULL, NULL),
(2469, NULL, 110, 'SUR966', NULL, NULL),
(2470, NULL, 110, 'SUR967', NULL, NULL),
(2471, NULL, 110, 'SUR968', NULL, NULL),
(2472, NULL, 110, 'SUR969', NULL, NULL),
(2473, NULL, 110, 'SUR970', NULL, NULL),
(2474, NULL, 110, 'SUR971', NULL, NULL),
(2475, NULL, 110, 'SUR972', NULL, NULL),
(2476, NULL, 110, 'SUR973', NULL, NULL),
(2477, NULL, 110, 'SUR974', NULL, NULL),
(2478, NULL, 110, 'SUR975', NULL, NULL),
(2479, NULL, 110, 'SUR976', NULL, NULL),
(2480, NULL, 110, 'SUR977', NULL, NULL),
(2481, NULL, 110, 'SUR978', NULL, NULL),
(2482, NULL, 110, 'SUR979', NULL, NULL),
(2483, NULL, 110, 'SUR980', NULL, NULL),
(2484, NULL, 110, 'SUR981', NULL, NULL),
(2485, NULL, 110, 'SUR982', NULL, NULL),
(2486, NULL, 110, 'SUR983', NULL, NULL),
(2487, NULL, 110, 'SUR984', NULL, NULL),
(2488, NULL, 110, 'SUR985', NULL, NULL),
(2489, NULL, 110, 'SUR986', NULL, NULL),
(2490, NULL, 110, 'SUR987', NULL, NULL),
(2491, NULL, 110, 'SUR988', NULL, NULL),
(2492, NULL, 110, 'SUR989', NULL, NULL),
(2493, NULL, 110, 'SUR990', NULL, NULL),
(2494, NULL, 110, 'SUR991', NULL, NULL),
(2495, NULL, 110, 'SUR992', NULL, NULL),
(2496, NULL, 110, 'SUR993', NULL, NULL),
(2497, NULL, 110, 'SUR994', NULL, NULL),
(2498, NULL, 110, 'SUR995', NULL, NULL),
(2499, NULL, 110, 'SUR996', NULL, NULL),
(2500, NULL, 110, 'SUR997', NULL, NULL),
(2501, NULL, 110, 'SUR998', NULL, NULL),
(2502, NULL, 110, 'SUR999', NULL, NULL),
(2503, NULL, 110, 'SUR1000', NULL, NULL),
(2504, NULL, 111, 'SUR1001', NULL, NULL),
(2505, NULL, 111, 'SUR1002', NULL, NULL),
(2506, NULL, 111, 'SUR1003', NULL, NULL),
(2507, NULL, 111, 'SUR1004', NULL, NULL),
(2508, NULL, 111, 'SUR1005', NULL, NULL),
(2509, NULL, 111, 'SUR1006', NULL, NULL),
(2510, NULL, 111, 'SUR1007', NULL, NULL),
(2511, NULL, 111, 'SUR1008', NULL, NULL),
(2512, NULL, 111, 'SUR1009', NULL, NULL),
(2513, NULL, 111, 'SUR1010', NULL, NULL),
(2514, NULL, 111, 'SUR1011', NULL, NULL),
(2515, NULL, 111, 'SUR1012', NULL, NULL),
(2516, NULL, 111, 'SUR1013', NULL, NULL),
(2517, NULL, 111, 'SUR1014', NULL, NULL),
(2518, NULL, 111, 'SUR1015', NULL, NULL),
(2519, NULL, 111, 'SUR1016', NULL, NULL),
(2520, NULL, 111, 'SUR1017', NULL, NULL),
(2521, NULL, 111, 'SUR1018', NULL, NULL),
(2522, NULL, 111, 'SUR1019', NULL, NULL),
(2523, NULL, 111, 'SUR1020', NULL, NULL),
(2524, NULL, 111, 'SUR1021', NULL, NULL),
(2525, NULL, 111, 'SUR1022', NULL, NULL),
(2526, NULL, 111, 'SUR1023', NULL, NULL),
(2527, NULL, 111, 'SUR1024', NULL, NULL),
(2528, NULL, 111, 'SUR1025', NULL, NULL),
(2529, NULL, 111, 'SUR1026', NULL, NULL),
(2530, NULL, 111, 'SUR1027', NULL, NULL),
(2531, NULL, 111, 'SUR1028', NULL, NULL),
(2532, NULL, 111, 'SUR1029', NULL, NULL),
(2533, NULL, 111, 'SUR1030', NULL, NULL),
(2534, NULL, 111, 'SUR1031', NULL, NULL),
(2535, NULL, 111, 'SUR1032', NULL, NULL),
(2536, NULL, 111, 'SUR1033', NULL, NULL),
(2537, NULL, 111, 'SUR1034', NULL, NULL),
(2538, NULL, 111, 'SUR1035', NULL, NULL),
(2539, NULL, 111, 'SUR1036', NULL, NULL),
(2540, NULL, 111, 'SUR1037', NULL, NULL),
(2541, NULL, 111, 'SUR1038', NULL, NULL),
(2542, NULL, 111, 'SUR1039', NULL, NULL),
(2543, NULL, 111, 'SUR1040', NULL, NULL),
(2544, NULL, 112, 'SUR1041', NULL, NULL),
(2545, NULL, 112, 'SUR1042', NULL, NULL),
(2546, NULL, 112, 'SUR1043', NULL, NULL),
(2547, NULL, 112, 'SUR1044', NULL, NULL),
(2548, NULL, 112, 'SUR1045', NULL, NULL),
(2549, NULL, 112, 'SUR1046', NULL, NULL),
(2550, NULL, 112, 'SUR1047', NULL, NULL),
(2551, NULL, 112, 'SUR1048', NULL, NULL),
(2552, NULL, 112, 'SUR1049', NULL, NULL),
(2553, NULL, 112, 'SUR1050', NULL, NULL),
(2554, NULL, 112, 'SUR1051', NULL, NULL),
(2555, NULL, 112, 'SUR1052', NULL, NULL),
(2556, NULL, 112, 'SUR1053', NULL, NULL),
(2557, NULL, 112, 'SUR1054', NULL, NULL),
(2558, NULL, 112, 'SUR1055', NULL, NULL),
(2559, NULL, 112, 'SUR1056', NULL, NULL),
(2560, NULL, 112, 'SUR1057', NULL, NULL),
(2561, NULL, 112, 'SUR1058', NULL, NULL),
(2562, NULL, 112, 'SUR1059', NULL, NULL),
(2563, NULL, 112, 'SUR1060', NULL, NULL),
(2564, NULL, 112, 'SUR1061', NULL, NULL),
(2565, NULL, 112, 'SUR1062', NULL, NULL),
(2566, NULL, 112, 'SUR1063', NULL, NULL),
(2567, NULL, 112, 'SUR1064', NULL, NULL),
(2568, NULL, 112, 'SUR1065', NULL, NULL),
(2569, NULL, 112, 'SUR1066', NULL, NULL),
(2570, NULL, 112, 'SUR1067', NULL, NULL),
(2571, NULL, 112, 'SUR1068', NULL, NULL),
(2572, NULL, 112, 'SUR1069', NULL, NULL),
(2573, NULL, 112, 'SUR1070', NULL, NULL),
(2574, NULL, 112, 'SUR1071', NULL, NULL),
(2575, NULL, 112, 'SUR1072', NULL, NULL),
(2576, NULL, 112, 'SUR1073', NULL, NULL),
(2577, NULL, 112, 'SUR1074', NULL, NULL),
(2578, NULL, 112, 'SUR1075', NULL, NULL),
(2579, NULL, 112, 'SUR1076', NULL, NULL),
(2580, NULL, 112, 'SUR1077', NULL, NULL),
(2581, NULL, 112, 'SUR1078', NULL, NULL),
(2582, NULL, 112, 'SUR1079', NULL, NULL),
(2583, NULL, 112, 'SUR1080', NULL, NULL),
(2584, NULL, 113, 'SUR1081', NULL, NULL),
(2585, NULL, 113, 'SUR1082', NULL, NULL),
(2586, NULL, 113, 'SUR1083', NULL, NULL),
(2587, NULL, 113, 'SUR1084', NULL, NULL),
(2588, NULL, 113, 'SUR1085', NULL, NULL),
(2589, NULL, 113, 'SUR1086', NULL, NULL),
(2590, NULL, 113, 'SUR1087', NULL, NULL),
(2591, NULL, 113, 'SUR1088', NULL, NULL),
(2592, NULL, 113, 'SUR1089', NULL, NULL),
(2593, NULL, 113, 'SUR1090', NULL, NULL),
(2594, NULL, 113, 'SUR1091', NULL, NULL),
(2595, NULL, 113, 'SUR1092', NULL, NULL),
(2596, NULL, 113, 'SUR1093', NULL, NULL),
(2597, NULL, 113, 'SUR1094', NULL, NULL),
(2598, NULL, 113, 'SUR1095', NULL, NULL),
(2599, NULL, 113, 'SUR1096', NULL, NULL),
(2600, NULL, 113, 'SUR1097', NULL, NULL),
(2601, NULL, 113, 'SUR1098', NULL, NULL),
(2602, NULL, 113, 'SUR1099', NULL, NULL),
(2603, NULL, 113, 'SUR1100', NULL, NULL),
(2604, NULL, 113, 'SUR1101', NULL, NULL),
(2605, NULL, 113, 'SUR1102', NULL, NULL),
(2606, NULL, 113, 'SUR1103', NULL, NULL),
(2607, NULL, 113, 'SUR1104', NULL, NULL),
(2608, NULL, 113, 'SUR1105', NULL, NULL),
(2609, NULL, 113, 'SUR1106', NULL, NULL),
(2610, NULL, 113, 'SUR1107', NULL, NULL),
(2611, NULL, 113, 'SUR1108', NULL, NULL),
(2612, NULL, 113, 'SUR1109', NULL, NULL),
(2613, NULL, 113, 'SUR1110', NULL, NULL),
(2614, NULL, 113, 'SUR1111', NULL, NULL),
(2615, NULL, 113, 'SUR1112', NULL, NULL),
(2616, NULL, 113, 'SUR1113', NULL, NULL),
(2617, NULL, 113, 'SUR1114', NULL, NULL),
(2618, NULL, 113, 'SUR1115', NULL, NULL),
(2619, NULL, 113, 'SUR1116', NULL, NULL),
(2620, NULL, 113, 'SUR1117', NULL, NULL),
(2621, NULL, 113, 'SUR1118', NULL, NULL),
(2622, NULL, 113, 'SUR1119', NULL, NULL),
(2623, NULL, 113, 'SUR1120', NULL, NULL),
(2624, NULL, 114, 'SUR1121', NULL, NULL),
(2625, NULL, 114, 'SUR1122', NULL, NULL),
(2626, NULL, 114, 'SUR1123', NULL, NULL),
(2627, NULL, 114, 'SUR1124', NULL, NULL),
(2628, NULL, 114, 'SUR1125', NULL, NULL),
(2629, NULL, 114, 'SUR1126', NULL, NULL),
(2630, NULL, 114, 'SUR1127', NULL, NULL),
(2631, NULL, 114, 'SUR1128', NULL, NULL),
(2632, NULL, 114, 'SUR1129', NULL, NULL),
(2633, NULL, 114, 'SUR1130', NULL, NULL),
(2634, NULL, 114, 'SUR1131', NULL, NULL),
(2635, NULL, 114, 'SUR1132', NULL, NULL),
(2636, NULL, 114, 'SUR1133', NULL, NULL),
(2637, NULL, 114, 'SUR1134', NULL, NULL),
(2638, NULL, 114, 'SUR1135', NULL, NULL),
(2639, NULL, 114, 'SUR1136', NULL, NULL),
(2640, NULL, 114, 'SUR1137', NULL, NULL),
(2641, NULL, 114, 'SUR1138', NULL, NULL),
(2642, NULL, 114, 'SUR1139', NULL, NULL),
(2643, NULL, 114, 'SUR1140', NULL, NULL),
(2644, NULL, 114, 'SUR1141', NULL, NULL),
(2645, NULL, 114, 'SUR1142', NULL, NULL),
(2646, NULL, 114, 'SUR1143', NULL, NULL),
(2647, NULL, 114, 'SUR1144', NULL, NULL),
(2648, NULL, 114, 'SUR1145', NULL, NULL),
(2649, NULL, 114, 'SUR1146', NULL, NULL),
(2650, NULL, 114, 'SUR1147', NULL, NULL),
(2651, NULL, 114, 'SUR1148', NULL, NULL),
(2652, NULL, 114, 'SUR1149', NULL, NULL),
(2653, NULL, 114, 'SUR1150', NULL, NULL),
(2654, NULL, 114, 'SUR1151', NULL, NULL),
(2655, NULL, 114, 'SUR1152', NULL, NULL),
(2656, NULL, 114, 'SUR1153', NULL, NULL),
(2657, NULL, 114, 'SUR1154', NULL, NULL),
(2658, NULL, 114, 'SUR1155', NULL, NULL),
(2659, NULL, 114, 'SUR1156', NULL, NULL),
(2660, NULL, 114, 'SUR1157', NULL, NULL),
(2661, NULL, 114, 'SUR1158', NULL, NULL),
(2662, NULL, 114, 'SUR1159', NULL, NULL),
(2663, NULL, 114, 'SUR1160', NULL, NULL),
(2664, NULL, 115, 'SUR1161', NULL, NULL),
(2665, NULL, 115, 'SUR1162', NULL, NULL),
(2666, NULL, 115, 'SUR1163', NULL, NULL),
(2667, NULL, 115, 'SUR1164', NULL, NULL),
(2668, NULL, 115, 'SUR1165', NULL, NULL),
(2669, NULL, 115, 'SUR1166', NULL, NULL),
(2670, NULL, 115, 'SUR1167', NULL, NULL),
(2671, NULL, 115, 'SUR1168', NULL, NULL),
(2672, NULL, 115, 'SUR1169', NULL, NULL),
(2673, NULL, 115, 'SUR1170', NULL, NULL),
(2674, NULL, 115, 'SUR1171', NULL, NULL),
(2675, NULL, 115, 'SUR1172', NULL, NULL),
(2676, NULL, 115, 'SUR1173', NULL, NULL),
(2677, NULL, 115, 'SUR1174', NULL, NULL),
(2678, NULL, 115, 'SUR1175', NULL, NULL),
(2679, NULL, 115, 'SUR1176', NULL, NULL),
(2680, NULL, 115, 'SUR1177', NULL, NULL),
(2681, NULL, 115, 'SUR1178', NULL, NULL),
(2682, NULL, 115, 'SUR1179', NULL, NULL),
(2683, NULL, 115, 'SUR1180', NULL, NULL),
(2684, NULL, 115, 'SUR1181', NULL, NULL),
(2685, NULL, 115, 'SUR1182', NULL, NULL),
(2686, NULL, 115, 'SUR1183', NULL, NULL),
(2687, NULL, 115, 'SUR1184', NULL, NULL),
(2688, NULL, 115, 'SUR1185', NULL, NULL),
(2689, NULL, 115, 'SUR1186', NULL, NULL),
(2690, NULL, 115, 'SUR1187', NULL, NULL),
(2691, NULL, 115, 'SUR1188', NULL, NULL),
(2692, NULL, 115, 'SUR1189', NULL, NULL),
(2693, NULL, 115, 'SUR1190', NULL, NULL),
(2694, NULL, 115, 'SUR1191', NULL, NULL),
(2695, NULL, 115, 'SUR1192', NULL, NULL),
(2696, NULL, 115, 'SUR1193', NULL, NULL),
(2697, NULL, 115, 'SUR1194', NULL, NULL),
(2698, NULL, 115, 'SUR1195', NULL, NULL),
(2699, NULL, 115, 'SUR1196', NULL, NULL),
(2700, NULL, 115, 'SUR1197', NULL, NULL),
(2701, NULL, 115, 'SUR1198', NULL, NULL),
(2702, NULL, 115, 'SUR1199', NULL, NULL),
(2703, NULL, 115, 'SUR1200', NULL, NULL),
(2704, NULL, 116, 'SUR1201', NULL, NULL),
(2705, NULL, 116, 'SUR1202', NULL, NULL),
(2706, NULL, 116, 'SUR1203', NULL, NULL);
INSERT INTO `variure` (`id`, `pass_partiel2_id`, `pass_partiel3_id`, `nomVariure`, `etat`, `outil_fermeture_id`) VALUES
(2707, NULL, 116, 'SUR1204', NULL, NULL),
(2708, NULL, 116, 'SUR1205', NULL, NULL),
(2709, NULL, 116, 'SUR1206', NULL, NULL),
(2710, NULL, 116, 'SUR1207', NULL, NULL),
(2711, NULL, 116, 'SUR1208', NULL, NULL),
(2712, NULL, 116, 'SUR1209', NULL, NULL),
(2713, NULL, 116, 'SUR1210', NULL, NULL),
(2714, NULL, 116, 'SUR1211', NULL, NULL),
(2715, NULL, 116, 'SUR1212', NULL, NULL),
(2716, NULL, 116, 'SUR1213', NULL, NULL),
(2717, NULL, 116, 'SUR1214', NULL, NULL),
(2718, NULL, 116, 'SUR1215', NULL, NULL),
(2719, NULL, 116, 'SUR1216', NULL, NULL),
(2720, NULL, 116, 'SUR1217', NULL, NULL),
(2721, NULL, 116, 'SUR1218', NULL, NULL),
(2722, NULL, 116, 'SUR1219', NULL, NULL),
(2723, NULL, 116, 'SUR1220', NULL, NULL),
(2724, NULL, 116, 'SUR1221', NULL, NULL),
(2725, NULL, 116, 'SUR1222', NULL, NULL),
(2726, NULL, 116, 'SUR1223', NULL, NULL),
(2727, NULL, 116, 'SUR1224', NULL, NULL),
(2728, NULL, 116, 'SUR1225', NULL, NULL),
(2729, NULL, 116, 'SUR1226', NULL, NULL),
(2730, NULL, 116, 'SUR1227', NULL, NULL),
(2731, NULL, 116, 'SUR1228', NULL, NULL),
(2732, NULL, 116, 'SUR1229', NULL, NULL),
(2733, NULL, 116, 'SUR1230', NULL, NULL),
(2734, NULL, 116, 'SUR1231', NULL, NULL),
(2735, NULL, 116, 'SUR1232', NULL, NULL),
(2736, NULL, 116, 'SUR1233', NULL, NULL),
(2737, NULL, 116, 'SUR1234', NULL, NULL),
(2738, NULL, 116, 'SUR1235', NULL, NULL),
(2739, NULL, 116, 'SUR1236', NULL, NULL),
(2740, NULL, 116, 'SUR1237', NULL, NULL),
(2741, NULL, 116, 'SUR1238', NULL, NULL),
(2742, NULL, 116, 'SUR1239', NULL, NULL),
(2743, NULL, 116, 'SUR1240', NULL, NULL),
(2744, NULL, 117, 'SUR1241', NULL, NULL),
(2745, NULL, 117, 'SUR1242', NULL, NULL),
(2746, NULL, 117, 'SUR1243', NULL, NULL),
(2747, NULL, 117, 'SUR1244', NULL, NULL),
(2748, NULL, 117, 'SUR1245', NULL, NULL),
(2749, NULL, 117, 'SUR1246', NULL, NULL),
(2750, NULL, 117, 'SUR1247', NULL, NULL),
(2751, NULL, 117, 'SUR1248', NULL, NULL),
(2752, NULL, 117, 'SUR1249', NULL, NULL),
(2753, NULL, 117, 'SUR1250', NULL, NULL),
(2754, NULL, 117, 'SUR1251', NULL, NULL),
(2755, NULL, 117, 'SUR1252', NULL, NULL),
(2756, NULL, 117, 'SUR1253', NULL, NULL),
(2757, NULL, 117, 'SUR1254', NULL, NULL),
(2758, NULL, 117, 'SUR1255', NULL, NULL),
(2759, NULL, 117, 'SUR1256', NULL, NULL),
(2760, NULL, 117, 'SUR1257', NULL, NULL),
(2761, NULL, 117, 'SUR1258', NULL, NULL),
(2762, NULL, 117, 'SUR1259', NULL, NULL),
(2763, NULL, 117, 'SUR1260', NULL, NULL),
(2764, NULL, 117, 'SUR1261', NULL, NULL),
(2765, NULL, 117, 'SUR1262', NULL, NULL),
(2766, NULL, 117, 'SUR1263', NULL, NULL),
(2767, NULL, 117, 'SUR1264', NULL, NULL),
(2768, NULL, 117, 'SUR1265', NULL, NULL),
(2769, NULL, 117, 'SUR1266', NULL, NULL),
(2770, NULL, 117, 'SUR1267', NULL, NULL),
(2771, NULL, 117, 'SUR1268', NULL, NULL),
(2772, NULL, 117, 'SUR1269', NULL, NULL),
(2773, NULL, 117, 'SUR1270', NULL, NULL),
(2774, NULL, 117, 'SUR1271', NULL, NULL),
(2775, NULL, 117, 'SUR1272', NULL, NULL),
(2776, NULL, 117, 'SUR1273', NULL, NULL),
(2777, NULL, 117, 'SUR1274', NULL, NULL),
(2778, NULL, 117, 'SUR1275', NULL, NULL),
(2779, NULL, 117, 'SUR1276', NULL, NULL),
(2780, NULL, 117, 'SUR1277', NULL, NULL),
(2781, NULL, 117, 'SUR1278', NULL, NULL),
(2782, NULL, 117, 'SUR1279', NULL, NULL),
(2783, NULL, 117, 'SUR1280', NULL, NULL),
(2784, NULL, 118, 'SUR1281', NULL, NULL),
(2785, NULL, 118, 'SUR1282', NULL, NULL),
(2786, NULL, 118, 'SUR1283', NULL, NULL),
(2787, NULL, 118, 'SUR1284', NULL, NULL),
(2788, NULL, 118, 'SUR1285', NULL, NULL),
(2789, NULL, 118, 'SUR1286', NULL, NULL),
(2790, NULL, 118, 'SUR1287', NULL, NULL),
(2791, NULL, 118, 'SUR1288', NULL, NULL),
(2792, NULL, 118, 'SUR1289', NULL, NULL),
(2793, NULL, 118, 'SUR1290', NULL, NULL),
(2794, NULL, 118, 'SUR1291', NULL, NULL),
(2795, NULL, 118, 'SUR1292', NULL, NULL),
(2796, NULL, 118, 'SUR1293', NULL, NULL),
(2797, NULL, 118, 'SUR1294', NULL, NULL),
(2798, NULL, 118, 'SUR1295', NULL, NULL),
(2799, NULL, 118, 'SUR1296', NULL, NULL),
(2800, NULL, 118, 'SUR1297', NULL, NULL),
(2801, NULL, 118, 'SUR1298', NULL, NULL),
(2802, NULL, 118, 'SUR1299', NULL, NULL),
(2803, NULL, 118, 'SUR1300', NULL, NULL),
(2804, NULL, 118, 'SUR1301', NULL, NULL),
(2805, NULL, 118, 'SUR1302', NULL, NULL),
(2806, NULL, 118, 'SUR1303', NULL, NULL),
(2807, NULL, 118, 'SUR1304', NULL, NULL),
(2808, NULL, 118, 'SUR1305', NULL, NULL),
(2809, NULL, 118, 'SUR1306', NULL, NULL),
(2810, NULL, 118, 'SUR1307', NULL, NULL),
(2811, NULL, 118, 'SUR1308', NULL, NULL),
(2812, NULL, 118, 'SUR1309', NULL, NULL),
(2813, NULL, 118, 'SUR1310', NULL, NULL),
(2814, NULL, 118, 'SUR1311', NULL, NULL),
(2815, NULL, 118, 'SUR1312', NULL, NULL),
(2816, NULL, 118, 'SUR1313', NULL, NULL),
(2817, NULL, 118, 'SUR1314', NULL, NULL),
(2818, NULL, 118, 'SUR1315', NULL, NULL),
(2819, NULL, 118, 'SUR1316', NULL, NULL),
(2820, NULL, 118, 'SUR1317', NULL, NULL),
(2821, NULL, 118, 'SUR1318', NULL, NULL),
(2822, NULL, 118, 'SUR1319', NULL, NULL),
(2823, NULL, 118, 'SUR1320', NULL, NULL),
(2824, NULL, 119, 'SUR1321', NULL, NULL),
(2825, NULL, 119, 'SUR1322', NULL, NULL),
(2826, NULL, 119, 'SUR1323', NULL, NULL),
(2827, NULL, 119, 'SUR1324', NULL, NULL),
(2828, NULL, 119, 'SUR1325', NULL, NULL),
(2829, NULL, 119, 'SUR1326', NULL, NULL),
(2830, NULL, 119, 'SUR1327', NULL, NULL),
(2831, NULL, 119, 'SUR1328', NULL, NULL),
(2832, NULL, 119, 'SUR1329', NULL, NULL),
(2833, NULL, 119, 'SUR1330', NULL, NULL),
(2834, NULL, 119, 'SUR1331', NULL, NULL),
(2835, NULL, 119, 'SUR1332', NULL, NULL),
(2836, NULL, 119, 'SUR1333', NULL, NULL),
(2837, NULL, 119, 'SUR1334', NULL, NULL),
(2838, NULL, 119, 'SUR1335', NULL, NULL),
(2839, NULL, 119, 'SUR1336', NULL, NULL),
(2840, NULL, 119, 'SUR1337', NULL, NULL),
(2841, NULL, 119, 'SUR1338', NULL, NULL),
(2842, NULL, 119, 'SUR1339', NULL, NULL),
(2843, NULL, 119, 'SUR1340', NULL, NULL),
(2844, NULL, 119, 'SUR1341', NULL, NULL),
(2845, NULL, 119, 'SUR1342', NULL, NULL),
(2846, NULL, 119, 'SUR1343', NULL, NULL),
(2847, NULL, 119, 'SUR1344', NULL, NULL),
(2848, NULL, 119, 'SUR1345', NULL, NULL),
(2849, NULL, 119, 'SUR1346', NULL, NULL),
(2850, NULL, 119, 'SUR1347', NULL, NULL),
(2851, NULL, 119, 'SUR1348', NULL, NULL),
(2852, NULL, 119, 'SUR1349', NULL, NULL),
(2853, NULL, 119, 'SUR1350', NULL, NULL),
(2854, NULL, 119, 'SUR1351', NULL, NULL),
(2855, NULL, 119, 'SUR1352', NULL, NULL),
(2856, NULL, 119, 'SUR1353', NULL, NULL),
(2857, NULL, 119, 'SUR1354', NULL, NULL),
(2858, NULL, 119, 'SUR1355', NULL, NULL),
(2859, NULL, 119, 'SUR1356', NULL, NULL),
(2860, NULL, 119, 'SUR1357', NULL, NULL),
(2861, NULL, 119, 'SUR1358', NULL, NULL),
(2862, NULL, 119, 'SUR1359', NULL, NULL),
(2863, NULL, 119, 'SUR1360', NULL, NULL),
(2864, NULL, 120, 'SUR1361', NULL, NULL),
(2865, NULL, 120, 'SUR1362', NULL, NULL),
(2866, NULL, 120, 'SUR1363', NULL, NULL),
(2867, NULL, 120, 'SUR1364', NULL, NULL),
(2868, NULL, 120, 'SUR1365', NULL, NULL),
(2869, NULL, 120, 'SUR1366', NULL, NULL),
(2870, NULL, 120, 'SUR1367', NULL, NULL),
(2871, NULL, 120, 'SUR1368', NULL, NULL),
(2872, NULL, 120, 'SUR1369', NULL, NULL),
(2873, NULL, 120, 'SUR1370', NULL, NULL),
(2874, NULL, 120, 'SUR1371', NULL, NULL),
(2875, NULL, 120, 'SUR1372', NULL, NULL),
(2876, NULL, 120, 'SUR1373', NULL, NULL),
(2877, NULL, 120, 'SUR1374', NULL, NULL),
(2878, NULL, 120, 'SUR1375', NULL, NULL),
(2879, NULL, 120, 'SUR1376', NULL, NULL),
(2880, NULL, 120, 'SUR1377', NULL, NULL),
(2881, NULL, 120, 'SUR1378', NULL, NULL),
(2882, NULL, 120, 'SUR1379', NULL, NULL),
(2883, NULL, 120, 'SUR1380', NULL, NULL),
(2884, NULL, 120, 'SUR1381', NULL, NULL),
(2885, NULL, 120, 'SUR1382', NULL, NULL),
(2886, NULL, 120, 'SUR1383', NULL, NULL),
(2887, NULL, 120, 'SUR1384', NULL, NULL),
(2888, NULL, 120, 'SUR1385', NULL, NULL),
(2889, NULL, 120, 'SUR1386', NULL, NULL),
(2890, NULL, 120, 'SUR1387', NULL, NULL),
(2891, NULL, 120, 'SUR1388', NULL, NULL),
(2892, NULL, 120, 'SUR1389', NULL, NULL),
(2893, NULL, 120, 'SUR1390', NULL, NULL),
(2894, NULL, 120, 'SUR1391', NULL, NULL),
(2895, NULL, 120, 'SUR1392', NULL, NULL),
(2896, NULL, 120, 'SUR1393', NULL, NULL),
(2897, NULL, 120, 'SUR1394', NULL, NULL),
(2898, NULL, 120, 'SUR1395', NULL, NULL),
(2899, NULL, 120, 'SUR1396', NULL, NULL),
(2900, NULL, 120, 'SUR1397', NULL, NULL),
(2901, NULL, 120, 'SUR1398', NULL, NULL),
(2902, NULL, 120, 'SUR1399', NULL, NULL),
(2903, NULL, 120, 'SUR1400', NULL, NULL),
(2904, NULL, 121, 'SUR1401', NULL, NULL),
(2905, NULL, 121, 'SUR1402', NULL, NULL),
(2906, NULL, 121, 'SUR1403', NULL, NULL),
(2907, NULL, 121, 'SUR1404', NULL, NULL),
(2908, NULL, 121, 'SUR1405', NULL, NULL),
(2909, NULL, 121, 'SUR1406', NULL, NULL),
(2910, NULL, 121, 'SUR1407', NULL, NULL),
(2911, NULL, 121, 'SUR1408', NULL, NULL),
(2912, NULL, 121, 'SUR1409', NULL, NULL),
(2913, NULL, 121, 'SUR1410', NULL, NULL),
(2914, NULL, 121, 'SUR1411', NULL, NULL),
(2915, NULL, 121, 'SUR1412', NULL, NULL),
(2916, NULL, 121, 'SUR1413', NULL, NULL),
(2917, NULL, 121, 'SUR1414', NULL, NULL),
(2918, NULL, 121, 'SUR1415', NULL, NULL),
(2919, NULL, 121, 'SUR1416', NULL, NULL),
(2920, NULL, 121, 'SUR1417', NULL, NULL),
(2921, NULL, 121, 'SUR1418', NULL, NULL),
(2922, NULL, 121, 'SUR1419', NULL, NULL),
(2923, NULL, 121, 'SUR1420', NULL, NULL),
(2924, NULL, 121, 'SUR1421', NULL, NULL),
(2925, NULL, 121, 'SUR1422', NULL, NULL),
(2926, NULL, 121, 'SUR1423', NULL, NULL),
(2927, NULL, 121, 'SUR1424', NULL, NULL),
(2928, NULL, 121, 'SUR1425', NULL, NULL),
(2929, NULL, 121, 'SUR1426', NULL, NULL),
(2930, NULL, 121, 'SUR1427', NULL, NULL),
(2931, NULL, 121, 'SUR1428', NULL, NULL),
(2932, NULL, 121, 'SUR1429', NULL, NULL),
(2933, NULL, 121, 'SUR1430', NULL, NULL),
(2934, NULL, 121, 'SUR1431', NULL, NULL),
(2935, NULL, 121, 'SUR1432', NULL, NULL),
(2936, NULL, 121, 'SUR1433', NULL, NULL),
(2937, NULL, 121, 'SUR1434', NULL, NULL),
(2938, NULL, 121, 'SUR1435', NULL, NULL),
(2939, NULL, 121, 'SUR1436', NULL, NULL),
(2940, NULL, 121, 'SUR1437', NULL, NULL),
(2941, NULL, 121, 'SUR1438', NULL, NULL),
(2942, NULL, 121, 'SUR1439', NULL, NULL),
(2943, NULL, 121, 'SUR1440', NULL, NULL),
(2944, NULL, 122, 'SUR1441', NULL, NULL),
(2945, NULL, 122, 'SUR1442', NULL, NULL),
(2946, NULL, 122, 'SUR1443', NULL, NULL),
(2947, NULL, 122, 'SUR1444', NULL, NULL),
(2948, NULL, 122, 'SUR1445', NULL, NULL),
(2949, NULL, 122, 'SUR1446', NULL, NULL),
(2950, NULL, 122, 'SUR1447', NULL, NULL),
(2951, NULL, 122, 'SUR1448', NULL, NULL),
(2952, NULL, 122, 'SUR1449', NULL, NULL),
(2953, NULL, 122, 'SUR1450', NULL, NULL),
(2954, NULL, 122, 'SUR1451', NULL, NULL),
(2955, NULL, 122, 'SUR1452', NULL, NULL),
(2956, NULL, 122, 'SUR1453', NULL, NULL),
(2957, NULL, 122, 'SUR1454', NULL, NULL),
(2958, NULL, 122, 'SUR1455', NULL, NULL),
(2959, NULL, 122, 'SUR1456', NULL, NULL),
(2960, NULL, 122, 'SUR1457', NULL, NULL),
(2961, NULL, 122, 'SUR1458', NULL, NULL),
(2962, NULL, 122, 'SUR1459', NULL, NULL),
(2963, NULL, 122, 'SUR1460', NULL, NULL),
(2964, NULL, 122, 'SUR1461', NULL, NULL),
(2965, NULL, 122, 'SUR1462', NULL, NULL),
(2966, NULL, 122, 'SUR1463', NULL, NULL),
(2967, NULL, 122, 'SUR1464', NULL, NULL),
(2968, NULL, 122, 'SUR1465', NULL, NULL),
(2969, NULL, 122, 'SUR1466', NULL, NULL),
(2970, NULL, 122, 'SUR1467', NULL, NULL),
(2971, NULL, 122, 'SUR1468', NULL, NULL),
(2972, NULL, 122, 'SUR1469', NULL, NULL),
(2973, NULL, 122, 'SUR1470', NULL, NULL),
(2974, NULL, 122, 'SUR1471', NULL, NULL),
(2975, NULL, 122, 'SUR1472', NULL, NULL),
(2976, NULL, 122, 'SUR1473', NULL, NULL),
(2977, NULL, 122, 'SUR1474', NULL, NULL),
(2978, NULL, 122, 'SUR1475', NULL, NULL),
(2979, NULL, 122, 'SUR1476', NULL, NULL),
(2980, NULL, 122, 'SUR1477', NULL, NULL),
(2981, NULL, 122, 'SUR1478', NULL, NULL),
(2982, NULL, 122, 'SUR1479', NULL, NULL),
(2983, NULL, 122, 'SUR1480', NULL, NULL),
(2984, NULL, 123, 'SUR1481', NULL, NULL),
(2985, NULL, 123, 'SUR1482', NULL, NULL),
(2986, NULL, 123, 'SUR1483', NULL, NULL),
(2987, NULL, 123, 'SUR1484', NULL, NULL),
(2988, NULL, 123, 'SUR1485', NULL, NULL),
(2989, NULL, 123, 'SUR1486', NULL, NULL),
(2990, NULL, 123, 'SUR1487', NULL, NULL),
(2991, NULL, 123, 'SUR1488', NULL, NULL),
(2992, NULL, 123, 'SUR1489', NULL, NULL),
(2993, NULL, 123, 'SUR1490', NULL, NULL),
(2994, NULL, 123, 'SUR1491', NULL, NULL),
(2995, NULL, 123, 'SUR1492', NULL, NULL),
(2996, NULL, 123, 'SUR1493', NULL, NULL),
(2997, NULL, 123, 'SUR1494', NULL, NULL),
(2998, NULL, 123, 'SUR1495', NULL, NULL),
(2999, NULL, 123, 'SUR1496', NULL, NULL),
(3000, NULL, 123, 'SUR1497', NULL, NULL),
(3001, NULL, 123, 'SUR1498', NULL, NULL),
(3002, NULL, 123, 'SUR1499', NULL, NULL),
(3003, NULL, 123, 'SUR1500', NULL, NULL),
(3004, NULL, 123, 'SUR1501', NULL, NULL),
(3005, NULL, 123, 'SUR1502', NULL, NULL),
(3006, NULL, 123, 'SUR1503', NULL, NULL),
(3007, NULL, 123, 'SUR1504', NULL, NULL),
(3008, NULL, 123, 'SUR1505', NULL, NULL),
(3009, NULL, 123, 'SUR1506', NULL, NULL),
(3010, NULL, 123, 'SUR1507', NULL, NULL),
(3011, NULL, 123, 'SUR1508', NULL, NULL),
(3012, NULL, 123, 'SUR1509', NULL, NULL),
(3013, NULL, 123, 'SUR1510', NULL, NULL),
(3014, NULL, 123, 'SUR1511', NULL, NULL),
(3015, NULL, 123, 'SUR1512', NULL, NULL),
(3016, NULL, 123, 'SUR1513', NULL, NULL),
(3017, NULL, 123, 'SUR1514', NULL, NULL),
(3018, NULL, 123, 'SUR1515', NULL, NULL),
(3019, NULL, 123, 'SUR1516', NULL, NULL),
(3020, NULL, 123, 'SUR1517', NULL, NULL),
(3021, NULL, 123, 'SUR1518', NULL, NULL),
(3022, NULL, 123, 'SUR1519', NULL, NULL),
(3023, NULL, 120, 'SUR1520', NULL, NULL),
(3024, NULL, NULL, 'SUR1641', NULL, NULL),
(3025, NULL, NULL, 'SUR1642', NULL, NULL),
(3026, NULL, NULL, 'SUR1643', NULL, NULL),
(3027, NULL, NULL, 'SUR1644', NULL, NULL),
(3028, NULL, NULL, 'SUR1645', NULL, NULL),
(3029, NULL, NULL, 'DUMMY5', NULL, NULL),
(3031, NULL, NULL, 'EX-G104', NULL, NULL),
(3032, NULL, NULL, 'DUMMY7', NULL, NULL),
(3034, NULL, 87, 'J001', NULL, NULL),
(3035, NULL, 87, 'J003', NULL, NULL),
(3036, NULL, 87, 'J005', NULL, NULL),
(3037, NULL, 87, 'J006', NULL, NULL),
(3038, NULL, 87, 'J013', NULL, NULL),
(3039, NULL, 88, 'J014', NULL, NULL),
(3042, NULL, NULL, 'H1-01', NULL, NULL),
(3043, NULL, NULL, 'H1-02', NULL, NULL),
(3044, NULL, NULL, 'H1-03', NULL, NULL),
(3045, NULL, NULL, 'H1-04', NULL, NULL),
(3046, NULL, NULL, 'H1-05', NULL, NULL),
(3048, NULL, NULL, 'H3-01', NULL, NULL),
(3049, NULL, NULL, 'H3-02', NULL, NULL),
(3050, NULL, NULL, 'H3-03', NULL, NULL),
(3051, NULL, NULL, 'H3-04', NULL, NULL),
(3053, NULL, NULL, 'H4-01', NULL, NULL),
(3054, NULL, NULL, 'H4-02', NULL, NULL),
(3056, NULL, NULL, 'H6-01', NULL, NULL),
(3057, NULL, NULL, 'H6-02', NULL, NULL),
(3058, NULL, NULL, 'H6-03', NULL, NULL),
(3059, NULL, NULL, 'H6-04', NULL, NULL),
(3060, NULL, NULL, 'H6-05', NULL, NULL),
(3062, NULL, NULL, 'H7-01', NULL, NULL),
(3063, NULL, NULL, 'H7-02', NULL, NULL),
(3064, NULL, NULL, 'H7-03', NULL, NULL),
(3065, NULL, NULL, 'H7-04', NULL, NULL),
(3066, NULL, NULL, 'H7-05', NULL, NULL),
(3068, NULL, NULL, 'H12-01', NULL, NULL),
(3069, NULL, NULL, 'H12-02', NULL, NULL),
(3070, NULL, NULL, 'H12-03', NULL, NULL),
(3071, NULL, NULL, 'H12-04', NULL, NULL),
(3072, NULL, NULL, 'H12-05', NULL, NULL),
(3074, NULL, NULL, 'H14-01', NULL, NULL),
(3075, NULL, NULL, 'H14-02', NULL, NULL),
(3076, NULL, NULL, 'H14-03', NULL, NULL),
(3077, NULL, NULL, 'H14-04', NULL, NULL),
(3078, NULL, NULL, 'H14-05', NULL, NULL),
(3080, NULL, NULL, 'H15-01', NULL, NULL),
(3081, NULL, NULL, 'H15-02', NULL, NULL),
(3082, NULL, NULL, 'H15-03', NULL, NULL),
(3083, NULL, NULL, 'H15-04', NULL, NULL),
(3084, NULL, NULL, 'H15-05', NULL, NULL),
(3086, NULL, NULL, 'H16-01', NULL, NULL),
(3087, NULL, NULL, 'H16-02', NULL, NULL),
(3088, NULL, NULL, 'H16-03', NULL, NULL),
(3089, NULL, NULL, 'H16-04', NULL, NULL),
(3090, NULL, NULL, 'H16-05', NULL, NULL),
(3092, NULL, NULL, 'H17-01', NULL, NULL),
(3093, NULL, NULL, 'H17-02', NULL, NULL),
(3094, NULL, NULL, 'H17-03', NULL, NULL),
(3095, NULL, NULL, 'H17-04', NULL, NULL),
(3096, NULL, NULL, 'H17-05', NULL, NULL),
(3098, NULL, NULL, 'H18-01', NULL, NULL),
(3099, NULL, NULL, 'H18-02', NULL, NULL),
(3100, NULL, NULL, 'H18-03', NULL, NULL),
(3101, NULL, NULL, 'H18-04', NULL, NULL),
(3102, NULL, NULL, 'H18-05', NULL, NULL),
(3104, NULL, NULL, 'H19-01', NULL, NULL),
(3105, NULL, NULL, 'H19-02', NULL, NULL),
(3106, NULL, NULL, 'H19-03', NULL, NULL),
(3107, NULL, NULL, 'H19-04', NULL, NULL),
(3108, NULL, NULL, 'H19-05', NULL, NULL),
(3110, NULL, NULL, 'H20-01', NULL, NULL),
(3111, NULL, NULL, 'H20-02', NULL, NULL),
(3112, NULL, NULL, 'H20-03', NULL, NULL),
(3113, NULL, NULL, 'H20-04', NULL, NULL),
(3114, NULL, NULL, 'H20-05', NULL, NULL),
(3116, NULL, NULL, 'H21-01', NULL, NULL),
(3117, NULL, NULL, 'H21-02', NULL, NULL),
(3118, NULL, NULL, 'H21-03', NULL, NULL),
(3119, NULL, NULL, 'H21-04', NULL, NULL),
(3120, NULL, NULL, 'H21-05', NULL, NULL),
(3122, NULL, NULL, 'H22-01', NULL, NULL),
(3123, NULL, NULL, 'H22-02', NULL, NULL),
(3124, NULL, NULL, 'H22-03', NULL, NULL),
(3125, NULL, NULL, 'H22-04', NULL, NULL),
(3126, NULL, NULL, 'H22-05', NULL, NULL),
(3128, NULL, NULL, 'H26-01', NULL, NULL),
(3129, NULL, NULL, 'H26-02', NULL, NULL),
(3130, NULL, NULL, 'H26-03', NULL, NULL),
(3131, NULL, NULL, 'H26-04', NULL, NULL),
(3132, NULL, NULL, 'H26-05', NULL, NULL),
(3134, NULL, NULL, 'H30-01', NULL, NULL),
(3135, NULL, NULL, 'H30-02', NULL, NULL),
(3136, NULL, NULL, 'H30-03', NULL, NULL),
(3137, NULL, NULL, 'H30-04', NULL, NULL),
(3138, NULL, NULL, 'H30-05', NULL, NULL),
(3140, NULL, NULL, 'H31-01', NULL, NULL),
(3141, NULL, NULL, 'H31-02', NULL, NULL),
(3142, NULL, NULL, 'H31-03', NULL, NULL),
(3143, NULL, NULL, 'H31-04', NULL, NULL),
(3144, NULL, NULL, 'H31-05', NULL, NULL),
(3146, NULL, NULL, 'M1-01', NULL, NULL),
(3147, NULL, NULL, 'M1-02', NULL, NULL),
(3148, NULL, NULL, 'M1-03', NULL, NULL),
(3149, NULL, NULL, 'M1-04', NULL, NULL),
(3150, NULL, NULL, 'M1-05', NULL, NULL),
(3152, NULL, NULL, 'M2-01', NULL, NULL),
(3153, NULL, NULL, 'M2-02', NULL, NULL),
(3154, NULL, NULL, 'M2-03', NULL, NULL),
(3155, NULL, NULL, 'M2-04', NULL, NULL),
(3156, NULL, NULL, 'M2-05', NULL, NULL),
(3157, NULL, NULL, 'HAN001', NULL, NULL),
(3158, NULL, NULL, 'HAN002', NULL, NULL),
(3159, NULL, NULL, 'HAN003', NULL, NULL),
(3160, NULL, NULL, 'HAN004', NULL, NULL),
(3161, NULL, NULL, 'HAN005', NULL, NULL),
(3162, NULL, NULL, 'HAN006', NULL, NULL),
(3163, NULL, NULL, 'HAN007', NULL, NULL),
(3164, NULL, NULL, 'HAN008', NULL, NULL),
(3165, NULL, NULL, 'HAN009', NULL, NULL),
(3166, NULL, NULL, 'HAN010', NULL, NULL),
(3167, NULL, NULL, 'HAN011', NULL, NULL),
(3168, NULL, NULL, 'HAN012', NULL, NULL),
(3169, NULL, NULL, 'HAN013', NULL, NULL),
(3170, NULL, NULL, 'HAN014', NULL, NULL),
(3171, NULL, NULL, 'HAN015', NULL, NULL),
(3172, NULL, NULL, 'HAN016', NULL, NULL),
(3173, NULL, NULL, 'HAN017', NULL, NULL),
(3174, NULL, NULL, 'HAN018', NULL, NULL),
(3175, NULL, NULL, 'HAN019', NULL, NULL),
(3176, NULL, NULL, 'HAN020', NULL, NULL),
(3177, NULL, NULL, 'HAN021', NULL, NULL),
(3178, NULL, NULL, 'HAN022', NULL, NULL),
(3179, NULL, NULL, 'HAN023', NULL, NULL),
(3180, NULL, NULL, 'HAN024', NULL, NULL),
(3181, NULL, NULL, 'HAN025', NULL, NULL),
(3182, NULL, NULL, 'HAN026', NULL, NULL),
(3183, NULL, NULL, 'HAN027', NULL, NULL),
(3184, NULL, NULL, 'HAN028', NULL, NULL),
(3185, NULL, NULL, 'HAN029', NULL, NULL),
(3186, NULL, NULL, 'HAN030', NULL, NULL),
(3187, NULL, NULL, 'HAN031', NULL, NULL),
(3188, NULL, NULL, 'HAN032', NULL, NULL),
(3189, NULL, NULL, 'HAN033', NULL, NULL),
(3190, NULL, NULL, 'HAN034', NULL, NULL),
(3191, NULL, NULL, 'HAN035', NULL, NULL),
(3192, NULL, NULL, 'HAN036', NULL, NULL),
(3193, NULL, NULL, 'HAN037', NULL, NULL),
(3194, NULL, NULL, 'HAN038', NULL, NULL),
(3195, NULL, NULL, 'HAN039', NULL, NULL),
(3196, NULL, NULL, 'HAN040', NULL, NULL),
(3197, NULL, NULL, 'HAN041', NULL, NULL),
(3198, NULL, NULL, 'HAN042', NULL, NULL),
(3199, NULL, NULL, 'HAN043', NULL, NULL),
(3200, NULL, NULL, 'HAN044', NULL, NULL),
(3201, NULL, NULL, 'HAN045', NULL, NULL),
(3202, NULL, NULL, 'HAN046', NULL, NULL),
(3203, NULL, NULL, 'HAN047', NULL, NULL),
(3204, NULL, NULL, 'HAN048', NULL, NULL),
(3205, NULL, NULL, 'HAN049', NULL, NULL),
(3206, NULL, NULL, 'HAN050', NULL, NULL),
(3207, NULL, NULL, 'HAN051', NULL, NULL),
(3208, NULL, NULL, 'HAN052', NULL, NULL),
(3209, NULL, NULL, 'HAN053', NULL, NULL),
(3210, NULL, NULL, 'HAN054', NULL, NULL),
(3211, NULL, NULL, 'HAN055', NULL, NULL),
(3212, NULL, NULL, 'HAN056', NULL, NULL),
(3213, NULL, NULL, 'HAN057', NULL, NULL),
(3214, NULL, NULL, 'HAN058', NULL, NULL),
(3215, NULL, NULL, 'HAN059', NULL, NULL),
(3216, NULL, NULL, 'HAN060', NULL, NULL),
(3217, NULL, NULL, 'HAN061', NULL, NULL),
(3218, NULL, NULL, 'HAN062', NULL, NULL),
(3219, NULL, NULL, 'HAN063', NULL, NULL),
(3220, NULL, NULL, 'HAN064', NULL, NULL),
(3221, NULL, NULL, 'HAN065', NULL, NULL),
(3222, NULL, NULL, 'HAN066', NULL, NULL),
(3223, NULL, NULL, 'HAN067', NULL, NULL),
(3224, NULL, NULL, 'HAN068', NULL, NULL),
(3225, NULL, NULL, 'HAN069', NULL, NULL),
(3226, NULL, NULL, 'HAN070', NULL, NULL),
(3227, NULL, NULL, 'HAN071', NULL, NULL),
(3228, NULL, NULL, 'HAN072', NULL, NULL),
(3229, NULL, NULL, 'HAN073', NULL, NULL),
(3230, NULL, NULL, 'HAN074', NULL, NULL),
(3231, NULL, NULL, 'HAN075', NULL, NULL),
(3232, NULL, NULL, 'HAN076', NULL, NULL),
(3233, NULL, NULL, 'HAN077', NULL, NULL),
(3234, NULL, NULL, 'HAN078', NULL, NULL),
(3235, NULL, NULL, 'HAN079', NULL, NULL),
(3236, NULL, NULL, 'HAN080', NULL, NULL),
(3237, NULL, NULL, 'HAN081', NULL, NULL),
(3238, NULL, NULL, 'HAN082', NULL, NULL),
(3239, NULL, NULL, 'HAN083', NULL, NULL),
(3240, NULL, NULL, 'HAN084', NULL, NULL),
(3241, NULL, NULL, 'HAN085', NULL, NULL),
(3242, NULL, NULL, 'HAN086', NULL, NULL),
(3243, NULL, NULL, 'HAN087', NULL, NULL),
(3244, NULL, NULL, 'HAN088', NULL, NULL),
(3245, NULL, NULL, 'HAN089', NULL, NULL),
(3246, NULL, NULL, 'HAN090', NULL, NULL),
(3247, NULL, NULL, 'HAN091', NULL, NULL),
(3248, NULL, NULL, 'HAN092', NULL, NULL),
(3249, NULL, NULL, 'HAN093', NULL, NULL),
(3250, NULL, NULL, 'HAN094', NULL, NULL),
(3251, NULL, NULL, 'HAN095', NULL, NULL),
(3252, NULL, NULL, 'HAN096', NULL, NULL),
(3253, NULL, NULL, 'HAN097', NULL, NULL),
(3254, NULL, NULL, 'HAN098', NULL, NULL),
(3255, NULL, NULL, 'HAN099', NULL, NULL),
(3256, NULL, NULL, 'HAN100', NULL, NULL),
(3257, NULL, NULL, 'HAN101', NULL, NULL),
(3258, NULL, NULL, 'HAN102', NULL, NULL),
(3259, NULL, NULL, 'HAN103', NULL, NULL),
(3260, NULL, NULL, 'HAN104', NULL, NULL),
(3261, NULL, NULL, 'HAN105', NULL, NULL),
(3262, NULL, NULL, 'HAN106', NULL, NULL),
(3263, NULL, NULL, 'HAN107', NULL, NULL),
(3264, NULL, NULL, 'HAN108', NULL, NULL),
(3265, NULL, NULL, 'HAN109', NULL, NULL),
(3266, NULL, NULL, 'HAN110', NULL, NULL),
(3267, NULL, NULL, 'HAN111', NULL, NULL),
(3268, NULL, NULL, 'HAN112', NULL, NULL),
(3269, NULL, NULL, 'HAN113', NULL, NULL),
(3270, NULL, NULL, 'HAN114', NULL, NULL),
(3271, NULL, NULL, 'HAN115', NULL, NULL),
(3272, NULL, NULL, 'HAN116', NULL, NULL),
(3273, NULL, NULL, 'HAN117', NULL, NULL),
(3274, NULL, NULL, 'HAN118', NULL, NULL),
(3275, NULL, NULL, 'HAN119', NULL, NULL),
(3276, NULL, NULL, 'HAN120', NULL, NULL),
(3277, NULL, NULL, 'HAN121', NULL, NULL),
(3278, NULL, NULL, 'HAN122', NULL, NULL),
(3279, NULL, NULL, 'HAN123', NULL, NULL),
(3280, NULL, NULL, 'HAN124', NULL, NULL),
(3281, NULL, NULL, 'HAN125', NULL, NULL),
(3282, NULL, NULL, 'HAN126', NULL, NULL),
(3283, NULL, NULL, 'HAN127', NULL, NULL),
(3284, NULL, NULL, 'HAN128', NULL, NULL),
(3285, NULL, NULL, 'HAN129', NULL, NULL),
(3286, NULL, NULL, 'HAN130', NULL, NULL),
(3287, NULL, NULL, 'HAN131', NULL, NULL),
(3288, NULL, NULL, 'HAN132', NULL, NULL),
(3289, NULL, NULL, 'HAN133', NULL, NULL),
(3290, NULL, NULL, 'HAN134', NULL, NULL),
(3291, NULL, NULL, 'HAN135', NULL, NULL),
(3292, NULL, NULL, 'HAN136', NULL, NULL),
(3293, NULL, NULL, 'HAN137', NULL, NULL),
(3294, NULL, NULL, 'HAN138', NULL, NULL),
(3295, NULL, NULL, 'HAN139', NULL, NULL),
(3296, NULL, NULL, 'HAN140', NULL, NULL),
(3297, NULL, NULL, 'HAN141', NULL, NULL),
(3298, NULL, NULL, 'HAN142', NULL, NULL),
(3299, NULL, NULL, 'HAN143', NULL, NULL),
(3300, NULL, NULL, 'HAN144', NULL, NULL),
(3301, NULL, NULL, 'HAN145', NULL, NULL),
(3302, NULL, NULL, 'HAN146', NULL, NULL),
(3303, NULL, NULL, 'HAN147', NULL, NULL),
(3304, NULL, NULL, 'HAN148', NULL, NULL),
(3305, NULL, NULL, 'HAN149', NULL, NULL),
(3306, NULL, NULL, 'HAN150', NULL, NULL),
(3307, NULL, NULL, 'HAN151', NULL, NULL),
(3308, NULL, NULL, 'HAN152', NULL, NULL),
(3309, NULL, NULL, 'HAN153', NULL, NULL),
(3310, NULL, NULL, 'HAN154', NULL, NULL),
(3311, NULL, NULL, 'HAN155', NULL, NULL),
(3312, NULL, NULL, 'HAN156', NULL, NULL),
(3313, NULL, NULL, 'HAN157', NULL, NULL),
(3314, NULL, NULL, 'HAN158', NULL, NULL),
(3315, NULL, NULL, 'HAN159', NULL, NULL),
(3316, NULL, NULL, 'HAN160', NULL, NULL),
(3317, NULL, NULL, 'HAN161', NULL, NULL),
(3318, NULL, NULL, 'HAN162', NULL, NULL),
(3319, NULL, NULL, 'HAN163', NULL, NULL),
(3320, NULL, NULL, 'HAN164', NULL, NULL),
(3321, NULL, NULL, 'HAN165', NULL, NULL),
(3322, NULL, NULL, 'HAN166', NULL, NULL),
(3323, NULL, NULL, 'HAN167', NULL, NULL),
(3324, NULL, NULL, 'HAN168', NULL, NULL),
(3325, NULL, NULL, 'HAN169', NULL, NULL),
(3326, NULL, NULL, 'HAN170', NULL, NULL),
(3327, NULL, NULL, 'HAN171', NULL, NULL),
(3328, NULL, NULL, 'HAN172', NULL, NULL),
(3329, NULL, NULL, 'HAN173', NULL, NULL),
(3330, NULL, NULL, 'HAN174', NULL, NULL),
(3331, NULL, NULL, 'HAN175', NULL, NULL),
(3332, NULL, NULL, 'HAN176', NULL, NULL),
(3333, NULL, NULL, 'HAN177', NULL, NULL),
(3334, NULL, NULL, 'HAN178', NULL, NULL),
(3335, NULL, NULL, 'HAN179', NULL, NULL),
(3336, NULL, NULL, 'HAN180', NULL, NULL),
(3337, NULL, NULL, 'HAN181', NULL, NULL),
(3338, NULL, NULL, 'HAN182', NULL, NULL),
(3339, NULL, NULL, 'HAN183', NULL, NULL),
(3340, NULL, NULL, 'HAN184', NULL, NULL),
(3341, NULL, NULL, 'HAN185', NULL, NULL),
(3342, NULL, NULL, 'HAN186', NULL, NULL),
(3343, NULL, NULL, 'HAN187', NULL, NULL),
(3344, NULL, NULL, 'HAN188', NULL, NULL),
(3345, NULL, NULL, 'HAN189', NULL, NULL),
(3346, NULL, NULL, 'HAN190', NULL, NULL),
(3347, NULL, NULL, 'HAN191', NULL, NULL),
(3348, NULL, NULL, 'HAN192', NULL, NULL),
(3349, NULL, NULL, 'HAN193', NULL, NULL),
(3350, NULL, NULL, 'HAN194', NULL, NULL),
(3351, NULL, NULL, 'HAN195', NULL, NULL),
(3352, NULL, NULL, 'HAN196', NULL, NULL),
(3353, NULL, NULL, 'HAN197', NULL, NULL),
(3354, NULL, NULL, 'HAN198', NULL, NULL),
(3355, NULL, NULL, 'HAN199', NULL, NULL),
(3356, NULL, NULL, 'HAN200', NULL, NULL),
(3357, NULL, NULL, 'HAN201', NULL, NULL),
(3358, NULL, NULL, 'HAN202', NULL, NULL),
(3359, NULL, NULL, 'HAN203', NULL, NULL),
(3360, NULL, NULL, 'HAN204', NULL, NULL),
(3361, NULL, NULL, 'HAN205', NULL, NULL),
(3362, NULL, NULL, 'HAN206', NULL, NULL),
(3363, NULL, NULL, 'HAN207', NULL, NULL),
(3364, NULL, NULL, 'HAN208', NULL, NULL),
(3365, NULL, NULL, 'HAN209', NULL, NULL),
(3366, NULL, NULL, 'HAN210', NULL, NULL),
(3367, NULL, NULL, 'HAN211', NULL, NULL),
(3368, NULL, NULL, 'HAN212', NULL, NULL),
(3369, NULL, NULL, 'HAN213', NULL, NULL),
(3370, NULL, NULL, 'HAN214', NULL, NULL),
(3371, NULL, NULL, 'HAN215', NULL, NULL),
(3372, NULL, NULL, 'HAN216', NULL, NULL),
(3373, NULL, NULL, 'HAN217', NULL, NULL),
(3374, NULL, NULL, 'HAN218', NULL, NULL),
(3375, NULL, NULL, 'HAN219', NULL, NULL),
(3376, NULL, NULL, 'HAN220', NULL, NULL),
(3377, NULL, NULL, 'HAN221', NULL, NULL),
(3378, NULL, NULL, 'HAN222', NULL, NULL),
(3379, NULL, NULL, 'HAN223', NULL, NULL),
(3380, NULL, NULL, 'HAN224', NULL, NULL),
(3381, NULL, NULL, 'HAN225', NULL, NULL),
(3382, NULL, NULL, 'HAN226', NULL, NULL),
(3383, NULL, NULL, 'HAN227', NULL, NULL),
(3384, NULL, NULL, 'HAN228', NULL, NULL),
(3385, NULL, NULL, 'HAN229', NULL, NULL),
(3386, NULL, NULL, 'HAN230', NULL, NULL),
(3387, NULL, NULL, 'HAN231', NULL, NULL),
(3388, NULL, NULL, 'HAN232', NULL, NULL),
(3389, NULL, NULL, 'HAN233', NULL, NULL),
(3390, NULL, NULL, 'HAN234', NULL, NULL),
(3391, NULL, NULL, 'HAN235', NULL, NULL),
(3392, NULL, NULL, 'HAN236', NULL, NULL),
(3393, NULL, NULL, 'HAN237', NULL, NULL),
(3394, NULL, NULL, 'HAN238', NULL, NULL),
(3395, NULL, NULL, 'HAN239', NULL, NULL),
(3396, NULL, NULL, 'HAN240', NULL, NULL),
(3397, NULL, NULL, 'HAN241', NULL, NULL),
(3398, NULL, NULL, 'HAN242', NULL, NULL),
(3399, NULL, NULL, 'HAN243', NULL, NULL),
(3400, NULL, NULL, 'HAN244', NULL, NULL),
(3401, NULL, NULL, 'HAN245', NULL, NULL),
(3402, NULL, NULL, 'HAN246', NULL, NULL),
(3403, NULL, NULL, 'HAN247', NULL, NULL),
(3404, NULL, NULL, 'HAN248', NULL, NULL),
(3405, NULL, NULL, 'HAN249', NULL, NULL),
(3406, NULL, NULL, 'HAN250', NULL, NULL),
(3407, NULL, NULL, 'HAN251', NULL, NULL),
(3408, NULL, NULL, 'HAN252', NULL, NULL),
(3409, NULL, NULL, 'HAN253', NULL, NULL),
(3410, NULL, NULL, 'HAN254', NULL, NULL),
(3411, NULL, NULL, 'HAN255', NULL, NULL),
(3412, NULL, NULL, 'HAN256', NULL, NULL),
(3413, NULL, NULL, 'HAN257', NULL, NULL),
(3414, NULL, NULL, 'HAN258', NULL, NULL),
(3415, NULL, NULL, 'HAN259', NULL, NULL),
(3416, NULL, NULL, 'HAN260', NULL, NULL),
(3417, NULL, NULL, 'HAN261', NULL, NULL),
(3418, NULL, NULL, 'HAN262', NULL, NULL),
(3419, NULL, NULL, 'HAN263', NULL, NULL),
(3420, NULL, NULL, 'HAN264', NULL, NULL),
(3421, NULL, NULL, 'HAN265', NULL, NULL),
(3422, NULL, NULL, 'HAN266', NULL, NULL),
(3423, NULL, NULL, 'HAN267', NULL, NULL),
(3424, NULL, NULL, 'HAN268', NULL, NULL),
(3425, NULL, NULL, 'HAN269', NULL, NULL),
(3426, NULL, NULL, 'HAN270', NULL, NULL),
(3427, NULL, NULL, 'HAN271', NULL, NULL),
(3428, NULL, NULL, 'HAN272', NULL, NULL),
(3429, NULL, NULL, 'HAN273', NULL, NULL),
(3430, NULL, NULL, 'HAN274', NULL, NULL),
(3431, NULL, NULL, 'HAN275', NULL, NULL),
(3432, NULL, NULL, 'HAN276', NULL, NULL),
(3433, NULL, NULL, 'HAN277', NULL, NULL),
(3434, NULL, NULL, 'HAN278', NULL, NULL),
(3435, NULL, NULL, 'HAN279', NULL, NULL),
(3436, NULL, NULL, 'HAN280', NULL, NULL),
(3437, NULL, NULL, 'HAN281', NULL, NULL),
(3438, NULL, NULL, 'HAN282', NULL, NULL),
(3439, NULL, NULL, 'HAN283', NULL, NULL),
(3440, NULL, NULL, 'HAN284', NULL, NULL),
(3441, NULL, NULL, 'HAN285', NULL, NULL),
(3442, NULL, NULL, 'HAN286', NULL, NULL),
(3443, NULL, NULL, 'HAN287', NULL, NULL),
(3444, NULL, NULL, 'HAN288', NULL, NULL),
(3445, NULL, NULL, 'HAN289', NULL, NULL),
(3446, NULL, NULL, 'HAN290', NULL, NULL),
(3447, NULL, NULL, 'HAN291', NULL, NULL),
(3448, NULL, NULL, 'HAN292', NULL, NULL),
(3449, NULL, NULL, 'HAN293', NULL, NULL),
(3450, NULL, NULL, 'HAN294', NULL, NULL),
(3451, NULL, NULL, 'HAN295', NULL, NULL),
(3452, NULL, NULL, 'HAN296', NULL, NULL),
(3453, NULL, NULL, 'HAN297', NULL, NULL),
(3454, NULL, NULL, 'HAN298', NULL, NULL),
(3455, NULL, NULL, 'HAN299', NULL, NULL),
(3456, NULL, NULL, 'HAN300', NULL, NULL),
(3457, NULL, NULL, 'HAN301', NULL, NULL),
(3458, NULL, NULL, 'HAN302', NULL, NULL),
(3459, NULL, NULL, 'HAN303', NULL, NULL),
(3460, NULL, NULL, 'HAN304', NULL, NULL),
(3461, NULL, NULL, 'HAN305', NULL, NULL),
(3462, NULL, NULL, 'HAN306', NULL, NULL),
(3463, NULL, NULL, 'HAN307', NULL, NULL),
(3464, NULL, NULL, 'HAN308', NULL, NULL),
(3465, NULL, NULL, 'HAN309', NULL, NULL),
(3466, NULL, NULL, 'HAN310', NULL, NULL),
(3467, NULL, NULL, 'HAN311', NULL, NULL),
(3468, NULL, NULL, 'HAN312', NULL, NULL),
(3469, NULL, NULL, 'HAN313', NULL, NULL),
(3470, NULL, NULL, 'HAN314', NULL, NULL),
(3471, NULL, NULL, 'HAN315', NULL, NULL),
(3472, NULL, NULL, 'HAN316', NULL, NULL),
(3473, NULL, NULL, 'HAN317', NULL, NULL),
(3474, NULL, NULL, 'HAN318', NULL, NULL),
(3475, NULL, NULL, 'HAN319', NULL, NULL),
(3476, NULL, NULL, 'HAN320', NULL, NULL),
(3479, NULL, NULL, 'B034-01', NULL, NULL),
(3480, NULL, NULL, 'B034-02', NULL, NULL),
(3481, NULL, NULL, 'B034-03', NULL, NULL),
(3482, NULL, NULL, 'B034-04', NULL, NULL),
(3483, NULL, NULL, 'B034-05', NULL, NULL),
(3484, NULL, NULL, 'B034-06', NULL, NULL),
(3485, NULL, NULL, 'B034-07', NULL, NULL),
(3487, NULL, NULL, 'B035-01', NULL, NULL),
(3488, NULL, NULL, 'B035-02', NULL, NULL),
(3489, NULL, NULL, 'B035-03', NULL, NULL),
(3490, NULL, NULL, 'B035-04', NULL, NULL),
(3491, NULL, NULL, 'B035-05', NULL, NULL),
(3493, NULL, NULL, 'CDB-01', NULL, NULL),
(3494, NULL, NULL, 'CDB-02', NULL, NULL),
(3495, NULL, NULL, 'CDB-03', NULL, NULL),
(3496, NULL, NULL, 'CDB-04', NULL, NULL),
(3497, NULL, NULL, 'CDB-05', NULL, NULL),
(3498, NULL, NULL, 'CDB-06', NULL, NULL),
(3499, NULL, NULL, 'CDB-07', NULL, NULL),
(3500, NULL, NULL, 'CDB-08', NULL, NULL),
(3502, NULL, NULL, 'B036-01', NULL, NULL),
(3503, NULL, NULL, 'B036-02', NULL, NULL),
(3504, NULL, NULL, 'B036-03', NULL, NULL),
(3505, NULL, NULL, 'B036-04', NULL, NULL),
(3506, NULL, NULL, 'B036-05', NULL, NULL),
(3507, NULL, NULL, 'B036-06', NULL, NULL),
(3508, NULL, NULL, 'B036-07', NULL, NULL),
(3509, NULL, NULL, 'B036-08', NULL, NULL),
(3511, NULL, NULL, 'B044-01', NULL, NULL),
(3512, NULL, NULL, 'B044-02', NULL, NULL),
(3513, NULL, NULL, 'B044-03', NULL, NULL),
(3514, NULL, NULL, 'B044-04', NULL, NULL),
(3515, NULL, NULL, 'B044-05', NULL, NULL),
(3516, NULL, NULL, 'B044-06', NULL, NULL),
(3517, NULL, NULL, 'B044-07', NULL, NULL),
(3518, NULL, NULL, 'B044-08', NULL, NULL),
(3519, NULL, NULL, 'B044-09', NULL, NULL),
(3520, NULL, NULL, 'B044-10', NULL, NULL),
(3521, NULL, NULL, 'B044-11', NULL, NULL),
(3522, NULL, NULL, 'B044-12', NULL, NULL),
(3523, NULL, NULL, 'B044-13', NULL, NULL),
(3524, NULL, NULL, 'B044-14', NULL, NULL),
(3525, NULL, NULL, 'B044-15', NULL, NULL),
(3526, NULL, NULL, 'B044-16', NULL, NULL),
(3527, NULL, NULL, 'B044-17', NULL, NULL),
(3528, NULL, NULL, 'B044-18', NULL, NULL),
(3529, NULL, NULL, 'B044-19', NULL, NULL),
(3530, NULL, NULL, 'B044-20', NULL, NULL),
(3532, NULL, NULL, 'APP-01', NULL, NULL),
(3533, NULL, NULL, 'APP-02', NULL, NULL),
(3534, NULL, NULL, 'APP-03', NULL, NULL),
(3535, NULL, NULL, 'APP-04', NULL, NULL),
(3536, NULL, NULL, 'APP-05', NULL, NULL),
(3537, NULL, NULL, 'APP-06', NULL, NULL),
(3538, NULL, NULL, 'APP-07', NULL, NULL),
(3539, NULL, NULL, 'APP-08', NULL, NULL),
(3541, NULL, NULL, 'B047-01', NULL, NULL),
(3542, NULL, NULL, 'B047-02', NULL, NULL),
(3543, NULL, NULL, 'B047-03', NULL, NULL),
(3544, NULL, NULL, 'B047-04', NULL, NULL),
(3545, NULL, NULL, 'B047-05', NULL, NULL),
(3547, NULL, NULL, 'B024-01', NULL, NULL),
(3548, NULL, NULL, 'B024-02', NULL, NULL),
(3549, NULL, NULL, 'B024-03', NULL, NULL),
(3550, NULL, NULL, 'B024-04', NULL, NULL),
(3551, NULL, NULL, 'B024-05', NULL, NULL),
(3552, NULL, NULL, 'B024-06', NULL, NULL),
(3553, NULL, NULL, 'B024-07', NULL, NULL),
(3554, NULL, NULL, 'B024-08', NULL, NULL),
(3556, NULL, NULL, 'B025-01', NULL, NULL),
(3557, NULL, NULL, 'B025-02', NULL, NULL),
(3558, NULL, NULL, 'B025-03', NULL, NULL),
(3559, NULL, NULL, 'B025-04', NULL, NULL),
(3560, NULL, NULL, 'B025-05', NULL, NULL),
(3561, NULL, NULL, 'B025-06', NULL, NULL),
(3562, NULL, NULL, 'B025-07', NULL, NULL),
(3563, NULL, NULL, 'B025-08', NULL, NULL),
(3565, NULL, NULL, 'B026-01', NULL, NULL),
(3566, NULL, NULL, 'B026-02', NULL, NULL),
(3567, NULL, NULL, 'B026-03', NULL, NULL),
(3568, NULL, NULL, 'B026-04', NULL, NULL),
(3569, NULL, NULL, 'B026-05', NULL, NULL),
(3570, NULL, NULL, 'B026-06', NULL, NULL),
(3571, NULL, NULL, 'B026-07', NULL, NULL),
(3572, NULL, NULL, 'B026-08', NULL, NULL),
(3574, NULL, NULL, 'B028-01', NULL, NULL),
(3575, NULL, NULL, 'B028-02', NULL, NULL),
(3576, NULL, NULL, 'B028-03', NULL, NULL),
(3577, NULL, NULL, 'B028-04', NULL, NULL),
(3578, NULL, NULL, 'B028-05', NULL, NULL),
(3579, NULL, NULL, 'B028-06', NULL, NULL),
(3580, NULL, NULL, 'B028-07', NULL, NULL),
(3581, NULL, NULL, 'B028-08', NULL, NULL),
(3583, NULL, NULL, 'B05-01', NULL, NULL),
(3584, NULL, NULL, 'B05-02', NULL, NULL),
(3585, NULL, NULL, 'B05-03', NULL, NULL),
(3586, NULL, NULL, 'B05-04', NULL, NULL),
(3587, NULL, NULL, 'B05-05', NULL, NULL),
(3589, NULL, NULL, 'B06-01', NULL, NULL),
(3590, NULL, NULL, 'B06-02', NULL, NULL),
(3591, NULL, NULL, 'B06-03', NULL, NULL),
(3592, NULL, NULL, 'B06-04', NULL, NULL),
(3593, NULL, NULL, 'B06-05', NULL, NULL),
(3595, NULL, NULL, 'B07-01', NULL, NULL),
(3596, NULL, NULL, 'B07-02', NULL, NULL),
(3597, NULL, NULL, 'B07-03', NULL, NULL),
(3598, NULL, NULL, 'B07-04', NULL, NULL),
(3599, NULL, NULL, 'B07-05', NULL, NULL),
(3601, NULL, NULL, 'B015-01', NULL, NULL),
(3602, NULL, NULL, 'B015-02', NULL, NULL),
(3603, NULL, NULL, 'B015-03', NULL, NULL),
(3604, NULL, NULL, 'B015-04', NULL, NULL),
(3605, NULL, NULL, 'B015-05', NULL, NULL),
(3606, NULL, NULL, 'B015-06', NULL, NULL),
(3607, NULL, NULL, 'B015-07', NULL, NULL),
(3609, NULL, NULL, 'B017-01', NULL, NULL),
(3610, NULL, NULL, 'B017-02', NULL, NULL),
(3611, NULL, NULL, 'B017-03', NULL, NULL),
(3612, NULL, NULL, 'B017-04', NULL, NULL),
(3613, NULL, NULL, 'B017-05', NULL, NULL),
(3614, NULL, NULL, 'B017-06', NULL, NULL),
(3616, NULL, NULL, 'B018-01', NULL, NULL),
(3617, NULL, NULL, 'B018-02', NULL, NULL),
(3618, NULL, NULL, 'B018-03', NULL, NULL),
(3619, NULL, NULL, 'B018-04', NULL, NULL),
(3620, NULL, NULL, 'B018-05', NULL, NULL),
(3621, NULL, NULL, 'B018-06', NULL, NULL),
(3623, NULL, NULL, 'B019-01', NULL, NULL),
(3624, NULL, NULL, 'B019-02', NULL, NULL),
(3625, NULL, NULL, 'B019-03', NULL, NULL),
(3626, NULL, NULL, 'B019-04', NULL, NULL),
(3627, NULL, NULL, 'B019-05', NULL, NULL),
(3628, NULL, NULL, 'B019-06', NULL, NULL),
(3630, NULL, NULL, 'B020-01', NULL, NULL),
(3631, NULL, NULL, 'B020-02', NULL, NULL),
(3632, NULL, NULL, 'B020-03', NULL, NULL),
(3633, NULL, NULL, 'B020-04', NULL, NULL),
(3634, NULL, NULL, 'B020-05', NULL, NULL),
(3635, NULL, NULL, 'B020-06', NULL, NULL),
(3637, NULL, NULL, 'B021-01', NULL, NULL),
(3638, NULL, NULL, 'B021-02', NULL, NULL),
(3639, NULL, NULL, 'B021-03', NULL, NULL),
(3640, NULL, NULL, 'B021-04', NULL, NULL),
(3641, NULL, NULL, 'B021-05', NULL, NULL),
(3642, NULL, NULL, 'B021-06', NULL, NULL),
(3644, NULL, NULL, 'B022-01', NULL, NULL),
(3645, NULL, NULL, 'B022-02', NULL, NULL),
(3646, NULL, NULL, 'B022-03', NULL, NULL),
(3647, NULL, NULL, 'B022-04', NULL, NULL),
(3648, NULL, NULL, 'B022-05', NULL, NULL),
(3649, NULL, NULL, 'B022-06', NULL, NULL),
(3651, NULL, NULL, 'B027-01', NULL, NULL),
(3652, NULL, NULL, 'B027-02', NULL, NULL),
(3653, NULL, NULL, 'B027-03', NULL, NULL),
(3654, NULL, NULL, 'B027-04', NULL, NULL),
(3655, NULL, NULL, 'B027-05', NULL, NULL),
(3656, NULL, NULL, 'B027-06', NULL, NULL),
(3657, NULL, NULL, 'B027-07', NULL, NULL),
(3658, NULL, NULL, 'B027-08', NULL, NULL),
(3660, NULL, NULL, 'B08-01', NULL, NULL),
(3661, NULL, NULL, 'B08-02', NULL, NULL),
(3662, NULL, NULL, 'B08-03', NULL, NULL),
(3663, NULL, NULL, 'B08-04', NULL, NULL),
(3664, NULL, NULL, 'B08-05', NULL, NULL),
(3665, NULL, NULL, 'B08-06', NULL, NULL),
(3666, NULL, NULL, 'B08-07', NULL, NULL),
(3667, NULL, NULL, 'B08-08', NULL, NULL),
(3668, NULL, NULL, 'B08-09', NULL, NULL),
(3669, NULL, NULL, 'B08-10', NULL, NULL),
(3671, NULL, NULL, 'B013-01', NULL, NULL),
(3672, NULL, NULL, 'B013-02', NULL, NULL),
(3673, NULL, NULL, 'B013-03', NULL, NULL),
(3674, NULL, NULL, 'B013-04', NULL, NULL),
(3676, NULL, NULL, 'B023-01', NULL, NULL),
(3677, NULL, NULL, 'B023-02', NULL, NULL),
(3678, NULL, NULL, 'B023-03', NULL, NULL),
(3679, NULL, NULL, 'B023-04', NULL, NULL),
(3680, NULL, NULL, 'B023-05', NULL, NULL),
(3681, NULL, NULL, 'B023-06', NULL, NULL),
(3682, NULL, NULL, 'B023-07', NULL, NULL),
(3683, NULL, NULL, 'B023-08', NULL, NULL),
(3684, NULL, NULL, 'B023-09', NULL, NULL),
(3685, NULL, NULL, 'B023-10', NULL, NULL),
(3686, NULL, NULL, 'B023-11', NULL, NULL),
(3687, NULL, NULL, 'B023-12', NULL, NULL),
(3688, NULL, NULL, 'B023-13', NULL, NULL),
(3689, NULL, NULL, 'B023-14', NULL, NULL),
(3690, NULL, NULL, 'B023-15', NULL, NULL),
(3691, NULL, NULL, 'B023-16', NULL, NULL),
(3692, NULL, NULL, 'B023-17', NULL, NULL),
(3694, NULL, NULL, 'B029-01', NULL, NULL),
(3695, NULL, NULL, 'B029-02', NULL, NULL),
(3696, NULL, NULL, 'B029-03', NULL, NULL),
(3697, NULL, NULL, 'B029-04', NULL, NULL),
(3698, NULL, NULL, 'B029-05', NULL, NULL),
(3699, NULL, NULL, 'B029-06', NULL, NULL),
(3700, NULL, NULL, 'B029-07', NULL, NULL),
(3701, NULL, NULL, 'B029-08', NULL, NULL),
(3702, NULL, NULL, 'B029-09', NULL, NULL),
(3703, NULL, NULL, 'B029-10', NULL, NULL),
(3704, NULL, NULL, 'B029-11', NULL, NULL),
(3705, NULL, NULL, 'B029-12', NULL, NULL),
(3706, NULL, NULL, 'B029-13', NULL, NULL),
(3707, NULL, NULL, 'B029-14', NULL, NULL),
(3708, NULL, NULL, 'B029-15', NULL, NULL),
(3709, NULL, NULL, 'B029-16', NULL, NULL),
(3710, NULL, NULL, 'B029-17', NULL, NULL),
(3711, NULL, NULL, 'B029-18', NULL, NULL),
(3712, NULL, NULL, 'B029-19', NULL, NULL),
(3713, NULL, NULL, 'B029-20', NULL, NULL),
(3715, NULL, NULL, 'B030-01', NULL, NULL),
(3716, NULL, NULL, 'B030-02', NULL, NULL),
(3717, NULL, NULL, 'B030-03', NULL, NULL),
(3718, NULL, NULL, 'B030-04', NULL, NULL),
(3719, NULL, NULL, 'B030-05', NULL, NULL),
(3720, NULL, NULL, 'B030-06', NULL, NULL),
(3721, NULL, NULL, 'B030-07', NULL, NULL),
(3722, NULL, NULL, 'B030-08', NULL, NULL),
(3723, NULL, NULL, 'B030-09', NULL, NULL),
(3724, NULL, NULL, 'B030-10', NULL, NULL),
(3725, NULL, NULL, 'B030-11', NULL, NULL),
(3726, NULL, NULL, 'B030-12', NULL, NULL),
(3727, NULL, NULL, 'B030-13', NULL, NULL),
(3728, NULL, NULL, 'B030-14', NULL, NULL),
(3729, NULL, NULL, 'B030-15', NULL, NULL),
(3730, NULL, NULL, 'B030-16', NULL, NULL),
(3731, NULL, NULL, 'B030-17', NULL, NULL),
(3732, NULL, NULL, 'B030-18', NULL, NULL),
(3733, NULL, NULL, 'B030-19', NULL, NULL),
(3734, NULL, NULL, 'B030-20', NULL, NULL),
(3736, NULL, NULL, 'B031-01', NULL, NULL),
(3737, NULL, NULL, 'B031-02', NULL, NULL),
(3738, NULL, NULL, 'B031-03', NULL, NULL),
(3739, NULL, NULL, 'B031-04', NULL, NULL),
(3740, NULL, NULL, 'B031-05', NULL, NULL),
(3741, NULL, NULL, 'B031-06', NULL, NULL),
(3742, NULL, NULL, 'B031-07', NULL, NULL),
(3743, NULL, NULL, 'B031-08', NULL, NULL),
(3744, NULL, NULL, 'B031-09', NULL, NULL),
(3745, NULL, NULL, 'B031-10', NULL, NULL),
(3746, NULL, NULL, 'B031-11', NULL, NULL),
(3747, NULL, NULL, 'B031-12', NULL, NULL),
(3748, NULL, NULL, 'B031-13', NULL, NULL),
(3749, NULL, NULL, 'B031-14', NULL, NULL),
(3750, NULL, NULL, 'B031-15', NULL, NULL),
(3751, NULL, NULL, 'B031-16', NULL, NULL),
(3752, NULL, NULL, 'B031-17', NULL, NULL),
(3753, NULL, NULL, 'B031-18', NULL, NULL),
(3754, NULL, NULL, 'B031-19', NULL, NULL),
(3755, NULL, NULL, 'B031-20', NULL, NULL),
(3756, NULL, NULL, 'B031-21', NULL, NULL),
(3757, NULL, NULL, 'B031-22', NULL, NULL),
(3758, NULL, NULL, 'B031-23', NULL, NULL),
(3759, NULL, NULL, 'B031-24', NULL, NULL),
(3760, NULL, NULL, 'B031-25', NULL, NULL),
(3761, NULL, NULL, 'B031-26', NULL, NULL),
(3762, NULL, NULL, 'B031-27', NULL, NULL),
(3763, NULL, NULL, 'B031-28', NULL, NULL),
(3764, NULL, NULL, 'B031-29', NULL, NULL),
(3765, NULL, NULL, 'B031-30', NULL, NULL),
(3767, NULL, NULL, 'B032-01', NULL, NULL),
(3768, NULL, NULL, 'B032-02', NULL, NULL),
(3769, NULL, NULL, 'B032-03', NULL, NULL),
(3770, NULL, NULL, 'B032-04', NULL, NULL),
(3771, NULL, NULL, 'B032-05', NULL, NULL),
(3772, NULL, NULL, 'B032-06', NULL, NULL),
(3773, NULL, NULL, 'B032-07', NULL, NULL),
(3774, NULL, NULL, 'B032-08', NULL, NULL),
(3775, NULL, NULL, 'B032-09', NULL, NULL),
(3776, NULL, NULL, 'B032-10', NULL, NULL),
(3777, NULL, NULL, 'B032-11', NULL, NULL),
(3778, NULL, NULL, 'B032-12', NULL, NULL),
(3779, NULL, NULL, 'B032-13', NULL, NULL),
(3780, NULL, NULL, 'B032-14', NULL, NULL),
(3781, NULL, NULL, 'B032-15', NULL, NULL),
(3783, NULL, NULL, 'B033-001', NULL, NULL),
(3784, NULL, NULL, 'B033-002', NULL, NULL),
(3785, NULL, NULL, 'B033-003', NULL, NULL),
(3786, NULL, NULL, 'B033-004', NULL, NULL),
(3787, NULL, NULL, 'B033-005', NULL, NULL),
(3788, NULL, NULL, 'B033-008', NULL, NULL),
(3789, NULL, NULL, 'B033-009', NULL, NULL),
(3790, NULL, NULL, 'B033-010', NULL, NULL),
(3791, NULL, NULL, 'B033-011', NULL, NULL),
(3792, NULL, NULL, 'B033-012', NULL, NULL),
(3793, NULL, NULL, 'B033-013', NULL, NULL),
(3794, NULL, NULL, 'B033-014', NULL, NULL),
(3795, NULL, NULL, 'B033-015', NULL, NULL),
(3796, NULL, NULL, 'B033-016', NULL, NULL),
(3797, NULL, NULL, 'B033-017', NULL, NULL),
(3798, NULL, NULL, 'B033-018', NULL, NULL),
(3799, NULL, NULL, 'B033-019', NULL, NULL),
(3800, NULL, NULL, 'B033-020', NULL, NULL),
(3801, NULL, NULL, 'B033-022', NULL, NULL),
(3802, NULL, NULL, 'B033-023', NULL, NULL),
(3803, NULL, NULL, 'B033-025', NULL, NULL),
(3804, NULL, NULL, 'B033-026', NULL, NULL),
(3805, NULL, NULL, 'B033-027', NULL, NULL),
(3806, NULL, NULL, 'B033-028', NULL, NULL),
(3807, NULL, NULL, 'B033-029', NULL, NULL),
(3808, NULL, NULL, 'B033-030', NULL, NULL),
(3809, NULL, NULL, 'B033-031', NULL, NULL),
(3810, NULL, NULL, 'B033-032', NULL, NULL),
(3811, NULL, NULL, 'B033-101', NULL, NULL),
(3812, NULL, NULL, 'B033-102', NULL, NULL),
(3813, NULL, NULL, 'B033-103', NULL, NULL),
(3814, NULL, NULL, 'B033-104', NULL, NULL),
(3815, NULL, NULL, 'B033-105', NULL, NULL),
(3816, NULL, NULL, 'B033-106', NULL, NULL),
(3817, NULL, NULL, 'B033-107', NULL, NULL),
(3818, NULL, NULL, 'B033-108', NULL, NULL),
(3819, NULL, NULL, 'B033-109', NULL, NULL),
(3820, NULL, NULL, 'B033-110', NULL, NULL),
(3821, NULL, NULL, 'B033-111', NULL, NULL),
(3822, NULL, NULL, 'B033-112', NULL, NULL),
(3823, NULL, NULL, 'B033-113', NULL, NULL),
(3824, NULL, NULL, 'B033-114', NULL, NULL),
(3825, NULL, NULL, 'B033-115', NULL, NULL),
(3826, NULL, NULL, 'B033-116', NULL, NULL),
(3828, NULL, NULL, 'B037-01', NULL, NULL),
(3829, NULL, NULL, 'B037-02', NULL, NULL),
(3830, NULL, NULL, 'B037-03', NULL, NULL),
(3831, NULL, NULL, 'B037-04', NULL, NULL),
(3832, NULL, NULL, 'B037-05', NULL, NULL),
(3833, NULL, NULL, 'B037-06', NULL, NULL),
(3834, NULL, NULL, 'B037-07', NULL, NULL),
(3835, NULL, NULL, 'B037-08', NULL, NULL),
(3836, NULL, NULL, 'B037-09', NULL, NULL),
(3837, NULL, NULL, 'B037-10', NULL, NULL),
(3838, NULL, NULL, 'B037-11', NULL, NULL),
(3839, NULL, NULL, 'B037-12', NULL, NULL),
(3840, NULL, NULL, 'B037-13', NULL, NULL),
(3841, NULL, NULL, 'B037-14', NULL, NULL),
(3842, NULL, NULL, 'B037-15', NULL, NULL),
(3844, NULL, NULL, 'B039-001', NULL, NULL),
(3845, NULL, NULL, 'B039-002', NULL, NULL),
(3846, NULL, NULL, 'B039-003', NULL, NULL),
(3847, NULL, NULL, 'B039-004', NULL, NULL),
(3848, NULL, NULL, 'B039-101', NULL, NULL),
(3849, NULL, NULL, 'B039-102', NULL, NULL),
(3850, NULL, NULL, 'B039-103', NULL, NULL),
(3851, NULL, NULL, 'B039-104', NULL, NULL),
(3852, NULL, NULL, 'B039-105', NULL, NULL),
(3853, NULL, NULL, 'B039-106', NULL, NULL),
(3854, NULL, NULL, 'B039-107', NULL, NULL),
(3856, NULL, NULL, 'B014-01', NULL, NULL),
(3857, NULL, NULL, 'B014-02', NULL, NULL),
(3858, NULL, NULL, 'B014-03', NULL, NULL),
(3859, NULL, NULL, 'B014-04', NULL, NULL),
(3860, NULL, NULL, 'B014-05', NULL, NULL),
(3861, NULL, NULL, 'B014-06', NULL, NULL),
(3862, NULL, NULL, 'B014-07', NULL, NULL),
(3863, NULL, NULL, 'B014-08', NULL, NULL),
(3864, NULL, NULL, 'B014-09', NULL, NULL),
(3865, NULL, NULL, 'B014-10', NULL, NULL),
(3866, NULL, NULL, 'B014-11', NULL, NULL),
(3867, NULL, NULL, 'B014-12', NULL, NULL),
(3868, NULL, NULL, 'B014-13', NULL, NULL),
(3869, NULL, NULL, 'EXLTI001', NULL, NULL),
(3870, NULL, NULL, 'EXLTI002', NULL, NULL),
(3871, NULL, NULL, 'EXLTI003', NULL, NULL),
(3872, NULL, NULL, 'EXLTI004', NULL, NULL),
(3873, NULL, NULL, 'EXLTI005', NULL, NULL),
(3874, NULL, NULL, 'EXLTI006', NULL, NULL),
(3875, NULL, NULL, 'EXLTI007', NULL, NULL),
(3876, NULL, NULL, 'EXLTI008', NULL, NULL),
(3877, NULL, NULL, 'EXLTI009', NULL, NULL),
(3878, NULL, NULL, 'EXLTI010', NULL, NULL),
(3879, NULL, NULL, 'LTI011', NULL, NULL),
(3880, NULL, NULL, 'LTI012', NULL, NULL),
(3881, NULL, NULL, 'LTI013', NULL, NULL),
(3882, NULL, NULL, 'LTI014', NULL, NULL),
(3883, NULL, NULL, 'LTI015', NULL, NULL),
(3884, NULL, NULL, 'LTI016', NULL, NULL),
(3885, NULL, NULL, 'LTI017', NULL, NULL),
(3886, NULL, NULL, 'LTI018', NULL, NULL),
(3887, NULL, NULL, 'LTI019', NULL, NULL),
(3888, NULL, NULL, 'LTI020', NULL, NULL),
(3889, NULL, NULL, 'LTI021', NULL, NULL),
(3890, NULL, NULL, 'LTI022', NULL, NULL),
(3891, NULL, NULL, 'LTI023', NULL, NULL),
(3892, NULL, NULL, 'LTI024', NULL, NULL),
(3893, NULL, NULL, 'LTI025', NULL, NULL),
(3894, NULL, NULL, 'LTI026', NULL, NULL),
(3895, NULL, NULL, 'LTI027', NULL, NULL),
(3896, NULL, NULL, 'LTI028', NULL, NULL),
(3897, NULL, NULL, 'LTI029', NULL, NULL),
(3898, NULL, NULL, 'LTI030', NULL, NULL),
(3899, NULL, NULL, 'LTI061', NULL, NULL),
(3900, NULL, NULL, 'LTI062', NULL, NULL),
(3901, NULL, NULL, 'LTI063', NULL, NULL),
(3902, NULL, NULL, 'LTI064', NULL, NULL),
(3903, NULL, NULL, 'LTI065', NULL, NULL),
(3904, NULL, NULL, 'LTI066', NULL, NULL),
(3905, NULL, NULL, 'LTI067', NULL, NULL),
(3906, NULL, NULL, 'LTI068', NULL, NULL),
(3907, NULL, NULL, 'LTI069', NULL, NULL),
(3908, NULL, NULL, 'LTI070', NULL, NULL),
(3909, NULL, NULL, 'LTI071', NULL, NULL),
(3910, NULL, NULL, 'LTI072', NULL, NULL),
(3911, NULL, NULL, 'LTI073', NULL, NULL),
(3912, NULL, NULL, 'LTI074', NULL, NULL),
(3913, NULL, NULL, 'LTI075', NULL, NULL),
(3914, NULL, NULL, 'LTI076', NULL, NULL),
(3915, NULL, NULL, 'LTI077', NULL, NULL),
(3916, NULL, NULL, 'LTI078', NULL, NULL),
(3917, NULL, NULL, 'LTI079', NULL, NULL),
(3918, NULL, NULL, 'LTI080', NULL, NULL),
(3919, NULL, NULL, 'LTI081', NULL, NULL),
(3920, NULL, NULL, 'LTI082', NULL, NULL),
(3921, NULL, NULL, 'LTI083', NULL, NULL),
(3922, NULL, NULL, 'LTI084', NULL, NULL),
(3923, NULL, NULL, 'LTI085', NULL, NULL),
(3924, NULL, NULL, 'LTI086', NULL, NULL),
(3925, NULL, NULL, 'LTI087', NULL, NULL),
(3926, NULL, NULL, 'LTI088', NULL, NULL),
(3927, NULL, NULL, 'LTI089', NULL, NULL),
(3928, NULL, NULL, 'LTI090', NULL, NULL),
(3929, NULL, NULL, 'LTI091', NULL, NULL),
(3930, NULL, NULL, 'LTI092', NULL, NULL),
(3931, NULL, NULL, 'LTI093', NULL, NULL),
(3932, NULL, NULL, 'LTI094', NULL, NULL),
(3933, NULL, NULL, 'LTI095', NULL, NULL),
(3934, NULL, NULL, 'LTI096', NULL, NULL),
(3935, NULL, NULL, 'LTI097', NULL, NULL),
(3936, NULL, NULL, 'LTI098', NULL, NULL),
(3937, NULL, NULL, 'LTI099', NULL, NULL),
(3938, NULL, NULL, 'LTI100', NULL, NULL),
(3939, NULL, NULL, 'LTI101', NULL, NULL),
(3940, NULL, NULL, 'LTI102', NULL, NULL),
(3941, NULL, NULL, 'LTI103', NULL, NULL),
(3942, NULL, NULL, 'LTI104', NULL, NULL),
(3943, NULL, NULL, 'LTI105', NULL, NULL),
(3944, NULL, NULL, 'LTI106', NULL, NULL),
(3945, NULL, NULL, 'LTI107', NULL, NULL),
(3946, NULL, NULL, 'LTI108', NULL, NULL),
(3947, NULL, NULL, 'LTI109', NULL, NULL),
(3948, NULL, NULL, 'LTI110', NULL, NULL),
(3949, NULL, NULL, 'LTI111', NULL, NULL),
(3950, NULL, NULL, 'LTI112', NULL, NULL),
(3951, NULL, NULL, 'LTI113', NULL, NULL),
(3952, NULL, NULL, 'LTI114', NULL, NULL),
(3953, NULL, NULL, 'LTI115', NULL, NULL),
(3954, NULL, NULL, 'LTI116', NULL, NULL),
(3955, NULL, NULL, 'LTI117', NULL, NULL),
(3956, NULL, NULL, 'LTI118', NULL, NULL),
(3957, NULL, NULL, 'LTI119', NULL, NULL),
(3958, NULL, NULL, 'LTI120', NULL, NULL),
(3959, NULL, NULL, 'LTI121', NULL, NULL),
(3960, NULL, NULL, 'LTI122', NULL, NULL),
(3961, NULL, NULL, 'LTI123', NULL, NULL),
(3962, NULL, NULL, 'LTI124', NULL, NULL),
(3963, NULL, NULL, 'LTI125', NULL, NULL),
(3964, NULL, NULL, 'LTI126', NULL, NULL),
(3965, NULL, NULL, 'LTI127', NULL, NULL),
(3966, NULL, NULL, 'LTI128', NULL, NULL),
(3967, NULL, NULL, 'LTI129', NULL, NULL),
(3968, NULL, NULL, 'LTI130', NULL, NULL),
(3969, NULL, NULL, 'LTI131', NULL, NULL),
(3970, NULL, NULL, 'LTI132', NULL, NULL),
(3971, NULL, NULL, 'LTI133', NULL, NULL),
(3972, NULL, NULL, 'LTI134', NULL, NULL),
(3973, NULL, NULL, 'LTI135', NULL, NULL),
(3974, NULL, NULL, 'LTI136', NULL, NULL),
(3975, NULL, NULL, 'LTI137', NULL, NULL),
(3976, NULL, NULL, 'LTI138', NULL, NULL),
(3977, NULL, NULL, 'LTI139', NULL, NULL),
(3978, NULL, NULL, 'LTI140', NULL, NULL),
(3979, NULL, NULL, 'LTI141', NULL, NULL),
(3980, NULL, NULL, 'LTI142', NULL, NULL),
(3981, NULL, NULL, 'LTI143', NULL, NULL),
(3982, NULL, NULL, 'LTI144', NULL, NULL),
(3983, NULL, NULL, 'LTI145', NULL, NULL),
(3984, NULL, NULL, 'LTI146', NULL, NULL),
(3985, NULL, NULL, 'LTI147', NULL, NULL),
(3986, NULL, NULL, 'LTI148', NULL, NULL),
(3987, NULL, NULL, 'LTI149', NULL, NULL),
(3988, NULL, NULL, 'LTI150', NULL, NULL),
(3989, NULL, NULL, 'LTI151', NULL, NULL),
(3990, NULL, NULL, 'LTI152', NULL, NULL),
(3991, NULL, NULL, 'LTI153', NULL, NULL),
(3992, NULL, NULL, 'LTI154', NULL, NULL),
(3993, NULL, NULL, 'LTI155', NULL, NULL),
(3994, NULL, NULL, 'LTI156', NULL, NULL),
(3995, NULL, NULL, 'LTI157', NULL, NULL),
(3996, NULL, NULL, 'LTI158', NULL, NULL),
(3997, NULL, NULL, 'LTI159', NULL, NULL),
(3998, NULL, NULL, 'LTI160', NULL, NULL),
(3999, NULL, NULL, 'LTI161', NULL, NULL),
(4000, NULL, NULL, 'LTI162', NULL, NULL),
(4001, NULL, NULL, 'LTI163', NULL, NULL);
INSERT INTO `variure` (`id`, `pass_partiel2_id`, `pass_partiel3_id`, `nomVariure`, `etat`, `outil_fermeture_id`) VALUES
(4002, NULL, NULL, 'LTI164', NULL, NULL),
(4003, NULL, NULL, 'LTI165', NULL, NULL),
(4004, NULL, NULL, 'LTI166', NULL, NULL),
(4005, NULL, NULL, 'LTI167', NULL, NULL),
(4006, NULL, NULL, 'LTI168', NULL, NULL),
(4007, NULL, NULL, 'LTI169', NULL, NULL),
(4008, NULL, NULL, 'LTI170', NULL, NULL),
(4009, NULL, NULL, 'LTI171', NULL, NULL),
(4010, NULL, NULL, 'LTI172', NULL, NULL),
(4011, NULL, NULL, 'LTI173', NULL, NULL),
(4012, NULL, NULL, 'LTI174', NULL, NULL),
(4013, NULL, NULL, 'LTI175', NULL, NULL),
(4014, NULL, NULL, 'LTI176', NULL, NULL),
(4015, NULL, NULL, 'LTI177', NULL, NULL),
(4016, NULL, NULL, 'LTI178', NULL, NULL),
(4017, NULL, NULL, 'LTI179', NULL, NULL),
(4018, NULL, NULL, 'LTI180', NULL, NULL),
(4019, NULL, NULL, 'LTI181', NULL, NULL),
(4020, NULL, NULL, 'LTI182', NULL, NULL),
(4021, NULL, NULL, 'LTI183', NULL, NULL),
(4022, NULL, NULL, 'LTI184', NULL, NULL),
(4023, NULL, NULL, 'LTI185', NULL, NULL),
(4024, NULL, NULL, 'LTI186', NULL, NULL),
(4025, NULL, NULL, 'LTI187', NULL, NULL),
(4026, NULL, NULL, 'LTI188', NULL, NULL),
(4027, NULL, NULL, 'LTI189', NULL, NULL),
(4028, NULL, NULL, 'LTI190', NULL, NULL),
(4029, NULL, NULL, 'LTI191', NULL, NULL),
(4030, NULL, NULL, 'LTI192', NULL, NULL),
(4031, NULL, NULL, 'LTI193', NULL, NULL),
(4032, NULL, NULL, 'LTI194', NULL, NULL),
(4033, NULL, NULL, 'LTI195', NULL, NULL),
(4034, NULL, NULL, 'LTI196', NULL, NULL),
(4035, NULL, NULL, 'LTI197', NULL, NULL),
(4036, NULL, NULL, 'LTI198', NULL, NULL),
(4037, NULL, NULL, 'LTI199', NULL, NULL),
(4038, NULL, NULL, 'LTI200', NULL, NULL),
(4039, NULL, NULL, 'LTI201', NULL, NULL),
(4040, NULL, NULL, 'LTI202', NULL, NULL),
(4041, NULL, NULL, 'LTI203', NULL, NULL),
(4042, NULL, NULL, 'LTI204', NULL, NULL),
(4043, NULL, NULL, 'LTI205', NULL, NULL),
(4044, NULL, NULL, 'LTI206', NULL, NULL),
(4045, NULL, NULL, 'LTI207', NULL, NULL),
(4046, NULL, NULL, 'LTI208', NULL, NULL),
(4047, NULL, NULL, 'LTI209', NULL, NULL),
(4048, NULL, NULL, 'LTI210', NULL, NULL),
(4049, NULL, NULL, 'LTI211', NULL, NULL),
(4050, NULL, NULL, 'LTI212', NULL, NULL),
(4051, NULL, NULL, 'LTI213', NULL, NULL),
(4052, NULL, NULL, 'LTI214', NULL, NULL),
(4053, NULL, NULL, 'LTI215', NULL, NULL),
(4054, NULL, NULL, 'LTI216', NULL, NULL),
(4055, NULL, NULL, 'LTI217', NULL, NULL),
(4056, NULL, NULL, 'LTI218', NULL, NULL),
(4057, NULL, NULL, 'LTI219', NULL, NULL),
(4058, NULL, NULL, 'LTI220', NULL, NULL),
(4059, NULL, NULL, 'LTI221', NULL, NULL),
(4060, NULL, NULL, 'LTI222', NULL, NULL),
(4061, NULL, NULL, 'LTI223', NULL, NULL),
(4062, NULL, NULL, 'LTI224', NULL, NULL),
(4063, NULL, NULL, 'LTI225', NULL, NULL),
(4064, NULL, NULL, 'LTI226', NULL, NULL),
(4065, NULL, NULL, 'LTI227', NULL, NULL),
(4066, NULL, NULL, 'LTI228', NULL, NULL),
(4067, NULL, NULL, 'LTI229', NULL, NULL),
(4068, NULL, NULL, 'LTI230', NULL, NULL),
(4069, NULL, NULL, 'LTI231', NULL, NULL),
(4070, NULL, NULL, 'LTI232', NULL, NULL),
(4071, NULL, NULL, 'LTI233', NULL, NULL),
(4072, NULL, NULL, 'LTI234', NULL, NULL),
(4073, NULL, NULL, 'LTI235', NULL, NULL),
(4074, NULL, NULL, 'LTI236', NULL, NULL),
(4075, NULL, NULL, 'LTI237', NULL, NULL),
(4076, NULL, NULL, 'LTI238', NULL, NULL),
(4077, NULL, NULL, 'LTI239', NULL, NULL),
(4078, NULL, NULL, 'LTI240', NULL, NULL),
(4079, NULL, NULL, 'LTI241', NULL, NULL),
(4080, NULL, NULL, 'LTI242', NULL, NULL),
(4081, NULL, NULL, 'LTI243', NULL, NULL),
(4082, NULL, NULL, 'LTI244', NULL, NULL),
(4083, NULL, NULL, 'LTI245', NULL, NULL),
(4084, NULL, NULL, 'LTI246', NULL, NULL),
(4085, NULL, NULL, 'LTI247', NULL, NULL),
(4086, NULL, NULL, 'LTI248', NULL, NULL),
(4087, NULL, NULL, 'LTI249', NULL, NULL),
(4088, NULL, NULL, 'LTI250', NULL, NULL),
(4089, NULL, NULL, 'LTI251', NULL, NULL),
(4090, NULL, NULL, 'LTI252', NULL, NULL),
(4091, NULL, NULL, 'LTI253', NULL, NULL),
(4092, NULL, NULL, 'LTI254', NULL, NULL),
(4093, NULL, NULL, 'LTI255', NULL, NULL),
(4094, NULL, NULL, 'LTI256', NULL, NULL),
(4095, NULL, NULL, 'LTI257', NULL, NULL),
(4096, NULL, NULL, 'LTI258', NULL, NULL),
(4097, NULL, NULL, 'LTI259', NULL, NULL),
(4098, NULL, NULL, 'LTI260', NULL, NULL),
(4099, NULL, NULL, 'LTI261', NULL, NULL),
(4100, NULL, NULL, 'LTI262', NULL, NULL),
(4101, NULL, NULL, 'LTI263', NULL, NULL),
(4102, NULL, NULL, 'LTI264', NULL, NULL),
(4103, NULL, NULL, 'LTI265', NULL, NULL),
(4104, NULL, NULL, 'LTI266', NULL, NULL),
(4105, NULL, NULL, 'LTI267', NULL, NULL),
(4106, NULL, NULL, 'LTI268', NULL, NULL),
(4107, NULL, NULL, 'LTI269', NULL, NULL),
(4108, NULL, NULL, 'LTI270', NULL, NULL),
(4109, NULL, NULL, 'LTI271', NULL, NULL),
(4110, NULL, NULL, 'LTI272', NULL, NULL),
(4111, NULL, NULL, 'LTI273', NULL, NULL),
(4112, NULL, NULL, 'LTI274', NULL, NULL),
(4113, NULL, NULL, 'LTI275', NULL, NULL),
(4114, NULL, NULL, 'LTI276', NULL, NULL),
(4115, NULL, NULL, 'LTI277', NULL, NULL),
(4116, NULL, NULL, 'LTI278', NULL, NULL),
(4117, NULL, NULL, 'LTI279', NULL, NULL),
(4118, NULL, NULL, 'LTI280', NULL, NULL),
(4119, NULL, NULL, 'LTI281', NULL, NULL),
(4120, NULL, NULL, 'LTI282', NULL, NULL),
(4121, NULL, NULL, 'LTI283', NULL, NULL),
(4122, NULL, NULL, 'LTI284', NULL, NULL),
(4123, NULL, NULL, 'LTI285', NULL, NULL),
(4124, NULL, NULL, 'LTI286', NULL, NULL),
(4125, NULL, NULL, 'LTI287', NULL, NULL),
(4126, NULL, NULL, 'LTI288', NULL, NULL),
(4127, NULL, NULL, 'LTI289', NULL, NULL),
(4128, NULL, NULL, 'LTI290', NULL, NULL),
(4129, NULL, NULL, 'LTI291', NULL, NULL),
(4130, NULL, NULL, 'LTI292', NULL, NULL),
(4131, NULL, NULL, 'LTI293', NULL, NULL),
(4132, NULL, NULL, 'LTI294', NULL, NULL),
(4133, NULL, NULL, 'LTI295', NULL, NULL),
(4134, NULL, NULL, 'LTI296', NULL, NULL),
(4135, NULL, NULL, 'LTI297', NULL, NULL),
(4136, NULL, NULL, 'LTI298', NULL, NULL),
(4137, NULL, NULL, 'LTI299', NULL, NULL),
(4138, NULL, NULL, 'LTI300', NULL, NULL),
(4139, NULL, NULL, 'LTI301', NULL, NULL),
(4140, NULL, NULL, 'LTI302', NULL, NULL),
(4141, NULL, NULL, 'LTI303', NULL, NULL),
(4142, NULL, NULL, 'LTI304', NULL, NULL),
(4143, NULL, NULL, 'LTI305', NULL, NULL),
(4144, NULL, NULL, 'LTI306', NULL, NULL),
(4145, NULL, NULL, 'LTI307', NULL, NULL),
(4146, NULL, NULL, 'LTI308', NULL, NULL),
(4147, NULL, NULL, 'LTI309', NULL, NULL),
(4148, NULL, NULL, 'LTI310', NULL, NULL),
(4149, NULL, NULL, 'LTI311', NULL, NULL),
(4150, NULL, NULL, 'LTI312', NULL, NULL),
(4151, NULL, NULL, 'LTI313', NULL, NULL),
(4152, NULL, NULL, 'LTI314', NULL, NULL),
(4153, NULL, NULL, 'LTI315', NULL, NULL),
(4154, NULL, NULL, 'LTI316', NULL, NULL),
(4155, NULL, NULL, 'LTI317', NULL, NULL),
(4156, NULL, NULL, 'LTI318', NULL, NULL),
(4157, NULL, NULL, 'LTI319', NULL, NULL),
(4158, NULL, NULL, 'LTI320', NULL, NULL),
(4159, NULL, NULL, 'LTI321', NULL, NULL),
(4160, NULL, NULL, 'LTI322', NULL, NULL),
(4161, NULL, NULL, 'LTI323', NULL, NULL),
(4162, NULL, NULL, 'LTI324', NULL, NULL),
(4163, NULL, NULL, 'LTI325', NULL, NULL),
(4164, NULL, NULL, 'LTI326', NULL, NULL),
(4165, NULL, NULL, 'LTI327', NULL, NULL),
(4166, NULL, NULL, 'LTI328', NULL, NULL),
(4167, NULL, NULL, 'LTI329', NULL, NULL),
(4168, NULL, NULL, 'LTI330', NULL, NULL),
(4169, NULL, NULL, 'LTI331', NULL, NULL),
(4170, NULL, NULL, 'LTI332', NULL, NULL),
(4171, NULL, NULL, 'LTI333', NULL, NULL),
(4172, NULL, NULL, 'LTI334', NULL, NULL),
(4173, NULL, NULL, 'LTI335', NULL, NULL),
(4174, NULL, NULL, 'LTI336', NULL, NULL),
(4175, NULL, NULL, 'LTI337', NULL, NULL),
(4176, NULL, NULL, 'LTI338', NULL, NULL),
(4177, NULL, NULL, 'LTI339', NULL, NULL),
(4178, NULL, NULL, 'LTI340', NULL, NULL),
(4179, NULL, NULL, 'LTI341', NULL, NULL),
(4180, NULL, NULL, 'LTI342', NULL, NULL),
(4181, NULL, NULL, 'LTI343', NULL, NULL),
(4182, NULL, NULL, 'LTI344', NULL, NULL),
(4183, NULL, NULL, 'LTI345', NULL, NULL),
(4184, NULL, NULL, 'LTI346', NULL, NULL),
(4185, NULL, NULL, 'LTI347', NULL, NULL),
(4186, NULL, NULL, 'LTI348', NULL, NULL),
(4187, NULL, NULL, 'LTI349', NULL, NULL),
(4188, NULL, NULL, 'LTI350', NULL, NULL),
(4189, NULL, NULL, 'LTI351', NULL, NULL),
(4190, NULL, NULL, 'LTI352', NULL, NULL),
(4191, NULL, NULL, 'LTI353', NULL, NULL),
(4192, NULL, NULL, 'LTI354', NULL, NULL),
(4193, NULL, NULL, 'LTI355', NULL, NULL),
(4194, NULL, NULL, 'LTI356', NULL, NULL),
(4195, NULL, NULL, 'LTI357', NULL, NULL),
(4196, NULL, NULL, 'LTI358', NULL, NULL),
(4197, NULL, NULL, 'LTI359', NULL, NULL),
(4198, NULL, NULL, 'LTI360', NULL, NULL),
(4199, NULL, NULL, 'LTI361', NULL, NULL),
(4200, NULL, NULL, 'LTI362', NULL, NULL),
(4201, NULL, NULL, 'LTI363', NULL, NULL),
(4202, NULL, NULL, 'LTI364', NULL, NULL),
(4203, NULL, NULL, 'LTI365', NULL, NULL),
(4204, NULL, NULL, 'LTI366', NULL, NULL),
(4205, NULL, NULL, 'LTI367', NULL, NULL),
(4206, NULL, NULL, 'LTI368', NULL, NULL),
(4207, NULL, NULL, 'LTI369', NULL, NULL),
(4208, NULL, NULL, 'LTI370', NULL, NULL),
(4209, NULL, NULL, 'LTI371', NULL, NULL),
(4210, NULL, NULL, 'LTI372', NULL, NULL),
(4211, NULL, NULL, 'LTI373', NULL, NULL),
(4212, NULL, NULL, 'LTI374', NULL, NULL),
(4213, NULL, NULL, 'LTI375', NULL, NULL),
(4214, NULL, NULL, 'LTI376', NULL, NULL),
(4215, NULL, NULL, 'LTI377', NULL, NULL),
(4216, NULL, NULL, 'LTI378', NULL, NULL),
(4217, NULL, NULL, 'LTI379', NULL, NULL),
(4218, NULL, NULL, 'LTI380', NULL, NULL),
(4219, NULL, NULL, 'LTI381', NULL, NULL),
(4220, NULL, NULL, 'LTI382', NULL, NULL),
(4221, NULL, NULL, 'LTI383', NULL, NULL),
(4222, NULL, NULL, 'LTI384', NULL, NULL),
(4223, NULL, NULL, 'LTI385', NULL, NULL),
(4224, NULL, NULL, 'LTI386', NULL, NULL),
(4225, NULL, NULL, 'LTI387', NULL, NULL),
(4226, NULL, NULL, 'LTI388', NULL, NULL),
(4227, NULL, NULL, 'LTI389', NULL, NULL),
(4228, NULL, NULL, 'LTI390', NULL, NULL),
(4229, NULL, NULL, 'LTI391', NULL, NULL),
(4230, NULL, NULL, 'LTI392', NULL, NULL),
(4231, NULL, NULL, 'LTI393', NULL, NULL),
(4232, NULL, NULL, 'LTI394', NULL, NULL),
(4233, NULL, NULL, 'LTI395', NULL, NULL),
(4234, NULL, NULL, 'LTI396', NULL, NULL),
(4235, NULL, NULL, 'LTI397', NULL, NULL),
(4236, NULL, NULL, 'LTI398', NULL, NULL),
(4237, NULL, NULL, 'LTI399', NULL, NULL),
(4238, NULL, NULL, 'LTI400', NULL, NULL),
(4239, NULL, NULL, 'LTI401', NULL, NULL),
(4240, NULL, NULL, 'LTI402', NULL, NULL),
(4241, NULL, NULL, 'LTI403', NULL, NULL),
(4242, NULL, NULL, 'LTI404', NULL, NULL),
(4243, NULL, NULL, 'LTI405', NULL, NULL),
(4244, NULL, NULL, 'LTI406', NULL, NULL),
(4245, NULL, NULL, 'LTI407', NULL, NULL),
(4246, NULL, NULL, 'LTI408', NULL, NULL),
(4247, NULL, NULL, 'LTI409', NULL, NULL),
(4248, NULL, NULL, 'LTI410', NULL, NULL),
(4249, NULL, NULL, 'LTI411', NULL, NULL),
(4250, NULL, NULL, 'LTI412', NULL, NULL),
(4251, NULL, NULL, 'LTI413', NULL, NULL),
(4252, NULL, NULL, 'LTI414', NULL, NULL),
(4253, NULL, NULL, 'LTI415', NULL, NULL),
(4254, NULL, NULL, 'LTI416', NULL, NULL),
(4255, NULL, NULL, 'LTI417', NULL, NULL),
(4256, NULL, NULL, 'LTI418', NULL, NULL),
(4257, NULL, NULL, 'LTI419', NULL, NULL),
(4258, NULL, NULL, 'LTI420', NULL, NULL),
(4259, NULL, NULL, 'LTI421', NULL, NULL),
(4260, NULL, NULL, 'LTI422', NULL, NULL),
(4261, NULL, NULL, 'LTI423', NULL, NULL),
(4262, NULL, NULL, 'LTI424', NULL, NULL),
(4263, NULL, NULL, 'LTI425', NULL, NULL),
(4264, NULL, NULL, 'LTI426', NULL, NULL),
(4265, NULL, NULL, 'LTI427', NULL, NULL),
(4266, NULL, NULL, 'LTI428', NULL, NULL),
(4267, NULL, NULL, 'LTI429', NULL, NULL),
(4268, NULL, NULL, 'LTI430', NULL, NULL),
(4269, NULL, NULL, 'LTI431', NULL, NULL),
(4270, NULL, NULL, 'LTI432', NULL, NULL),
(4271, NULL, NULL, 'LTI433', NULL, NULL),
(4272, NULL, NULL, 'LTI434', NULL, NULL),
(4273, NULL, NULL, 'LTI435', NULL, NULL),
(4274, NULL, NULL, 'LTI436', NULL, NULL),
(4275, NULL, NULL, 'LTI437', NULL, NULL),
(4276, NULL, NULL, 'LTI438', NULL, NULL),
(4277, NULL, NULL, 'LTI439', NULL, NULL),
(4278, NULL, NULL, 'LTI440', NULL, NULL),
(4279, NULL, NULL, 'LTI441', NULL, NULL),
(4280, NULL, NULL, 'LTI442', NULL, NULL),
(4281, NULL, NULL, 'LTI443', NULL, NULL),
(4282, NULL, NULL, 'LTI444', NULL, NULL),
(4283, NULL, NULL, 'LTI445', NULL, NULL),
(4284, NULL, NULL, 'LTI446', NULL, NULL),
(4285, NULL, NULL, 'LTI447', NULL, NULL),
(4286, NULL, NULL, 'LTI448', NULL, NULL),
(4287, NULL, NULL, 'LTI449', NULL, NULL),
(4288, NULL, NULL, 'LTI450', NULL, NULL),
(4289, NULL, NULL, 'LTI451', NULL, NULL),
(4290, NULL, NULL, 'LTI452', NULL, NULL),
(4291, NULL, NULL, 'LTI453', NULL, NULL),
(4292, NULL, NULL, 'LTI454', NULL, NULL),
(4293, NULL, NULL, 'LTI455', NULL, NULL),
(4294, NULL, NULL, 'LTI456', NULL, NULL),
(4295, NULL, NULL, 'LTI457', NULL, NULL),
(4296, NULL, NULL, 'LTI458', NULL, NULL),
(4297, NULL, NULL, 'LTI459', NULL, NULL),
(4298, NULL, NULL, 'LTI460', NULL, NULL),
(4299, NULL, NULL, 'LTI461', NULL, NULL),
(4300, NULL, NULL, 'LTI462', NULL, NULL),
(4301, NULL, NULL, 'LTI463', NULL, NULL),
(4302, NULL, NULL, 'LTI464', NULL, NULL),
(4303, NULL, NULL, 'LTI465', NULL, NULL),
(4304, NULL, NULL, 'LTI466', NULL, NULL),
(4305, NULL, NULL, 'LTI467', NULL, NULL),
(4306, NULL, NULL, 'LTI468', NULL, NULL),
(4307, NULL, NULL, 'LTI469', NULL, NULL),
(4308, NULL, NULL, 'LTI470', NULL, NULL),
(4309, NULL, NULL, 'LTI471', NULL, NULL),
(4310, NULL, NULL, 'LTI472', NULL, NULL),
(4311, NULL, NULL, 'LTI473', NULL, NULL),
(4312, NULL, NULL, 'LTI474', NULL, NULL),
(4313, NULL, NULL, 'LTI475', NULL, NULL),
(4314, NULL, NULL, 'LTI476', NULL, NULL),
(4315, NULL, NULL, 'LTI477', NULL, NULL),
(4316, NULL, NULL, 'LTI478', NULL, NULL),
(4317, NULL, NULL, 'LTI479', NULL, NULL),
(4318, NULL, NULL, 'LTI480', NULL, NULL),
(4319, NULL, NULL, 'LTI481', NULL, NULL),
(4320, NULL, NULL, 'LTI482', NULL, NULL),
(4321, NULL, NULL, 'LTI483', NULL, NULL),
(4322, NULL, NULL, 'LTI484', NULL, NULL),
(4323, NULL, NULL, 'LTI485', NULL, NULL),
(4324, NULL, NULL, 'LTI486', NULL, NULL),
(4325, NULL, NULL, 'LTI487', NULL, NULL),
(4326, NULL, NULL, 'LTI488', NULL, NULL),
(4327, NULL, NULL, 'LTI489', NULL, NULL),
(4328, NULL, NULL, 'LTI490', NULL, NULL),
(4329, NULL, NULL, 'LTI491', NULL, NULL),
(4330, NULL, NULL, 'LTI492', NULL, NULL),
(4331, NULL, NULL, 'LTI493', NULL, NULL),
(4332, NULL, NULL, 'LTI494', NULL, NULL),
(4333, NULL, NULL, 'LTI495', NULL, NULL),
(4334, NULL, NULL, 'LTI496', NULL, NULL),
(4335, NULL, NULL, 'LTI497', NULL, NULL),
(4336, NULL, NULL, 'LTI498', NULL, NULL),
(4337, NULL, NULL, 'LTI499', NULL, NULL),
(4338, NULL, NULL, 'LTI500', NULL, NULL),
(4339, NULL, NULL, 'LTI501', NULL, NULL),
(4340, NULL, NULL, 'LTI502', NULL, NULL),
(4341, NULL, NULL, 'LTI503', NULL, NULL),
(4342, NULL, NULL, 'LTI504', NULL, NULL),
(4343, NULL, NULL, 'LTI505', NULL, NULL),
(4344, NULL, NULL, 'LTI506', NULL, NULL),
(4345, NULL, NULL, 'LTI507', NULL, NULL),
(4346, NULL, NULL, 'LTI508', NULL, NULL),
(4347, NULL, NULL, 'LTI509', NULL, NULL),
(4348, NULL, NULL, 'LTI510', NULL, NULL),
(4349, NULL, NULL, 'LTI511', NULL, NULL),
(4350, NULL, NULL, 'LTI512', NULL, NULL),
(4351, NULL, NULL, 'LTI513', NULL, NULL),
(4352, NULL, NULL, 'LTI514', NULL, NULL),
(4353, NULL, NULL, 'LTI515', NULL, NULL),
(4354, NULL, NULL, 'LTI516', NULL, NULL),
(4355, NULL, NULL, 'LTI517', NULL, NULL),
(4356, NULL, NULL, 'LTI518', NULL, NULL),
(4357, NULL, NULL, 'LTI519', NULL, NULL),
(4358, NULL, NULL, 'LTI520', NULL, NULL),
(4359, NULL, NULL, 'LTI521', NULL, NULL),
(4360, NULL, NULL, 'LTI522', NULL, NULL),
(4361, NULL, NULL, 'LTI523', NULL, NULL),
(4362, NULL, NULL, 'LTI524', NULL, NULL),
(4363, NULL, NULL, 'LTI525', NULL, NULL),
(4364, NULL, NULL, 'LTI526', NULL, NULL),
(4365, NULL, NULL, 'LTI527', NULL, NULL),
(4366, NULL, NULL, 'LTI528', NULL, NULL),
(4367, NULL, NULL, 'LTI529', NULL, NULL),
(4368, NULL, NULL, 'LTI530', NULL, NULL),
(4369, NULL, NULL, 'LTI531', NULL, NULL),
(4370, NULL, NULL, 'LTI532', NULL, NULL),
(4371, NULL, NULL, 'LTI533', NULL, NULL),
(4372, NULL, NULL, 'LTI534', NULL, NULL),
(4373, NULL, NULL, 'LTI535', NULL, NULL),
(4374, NULL, NULL, 'LTI536', NULL, NULL),
(4375, NULL, NULL, 'LTI537', NULL, NULL),
(4376, NULL, NULL, 'LTI538', NULL, NULL),
(4377, NULL, NULL, 'LTI539', NULL, NULL),
(4378, NULL, NULL, 'LTI540', NULL, NULL),
(4379, NULL, NULL, 'LTI541', NULL, NULL),
(4380, NULL, NULL, 'LTI542', NULL, NULL),
(4381, NULL, NULL, 'LTI543', NULL, NULL),
(4382, NULL, NULL, 'LTI544', NULL, NULL),
(4383, NULL, NULL, 'LTI545', NULL, NULL),
(4384, NULL, NULL, 'LTI546', NULL, NULL),
(4385, NULL, NULL, 'LTI547', NULL, NULL),
(4386, NULL, NULL, 'LTI548', NULL, NULL),
(4387, NULL, NULL, 'LTI549', NULL, NULL),
(4388, NULL, NULL, 'LTI550', NULL, NULL),
(4389, NULL, NULL, 'LTI551', NULL, NULL),
(4390, NULL, NULL, 'LTI552', NULL, NULL),
(4391, NULL, NULL, 'LTI553', NULL, NULL),
(4392, NULL, NULL, 'LTI554', NULL, NULL),
(4393, NULL, NULL, 'LTI555', NULL, NULL),
(4394, NULL, NULL, 'LTI556', NULL, NULL),
(4395, NULL, NULL, 'LTI557', NULL, NULL),
(4396, NULL, NULL, 'LTI558', NULL, NULL),
(4397, NULL, NULL, 'LTI559', NULL, NULL),
(4398, NULL, NULL, 'LTI560', NULL, NULL),
(4399, NULL, NULL, 'LTI561', NULL, NULL),
(4400, NULL, NULL, 'LTI562', NULL, NULL),
(4401, NULL, NULL, 'LTI563', NULL, NULL),
(4402, NULL, NULL, 'LTI564', NULL, NULL),
(4403, NULL, NULL, 'LTI565', NULL, NULL),
(4404, NULL, NULL, 'LTI566', NULL, NULL),
(4405, NULL, NULL, 'LTI567', NULL, NULL),
(4406, NULL, NULL, 'LTI568', NULL, NULL),
(4407, NULL, NULL, 'LTI569', NULL, NULL),
(4408, NULL, NULL, 'LTI570', NULL, NULL),
(4409, NULL, NULL, 'LTI571', NULL, NULL),
(4410, NULL, NULL, 'LTI572', NULL, NULL),
(4411, NULL, NULL, 'LTI573', NULL, NULL),
(4412, NULL, NULL, 'LTI574', NULL, NULL),
(4413, NULL, NULL, 'LTI575', NULL, NULL),
(4414, NULL, NULL, 'LTI576', NULL, NULL),
(4415, NULL, NULL, 'LTI577', NULL, NULL),
(4416, NULL, NULL, 'LTI578', NULL, NULL),
(4417, NULL, NULL, 'LTI579', NULL, NULL),
(4418, NULL, NULL, 'LTI580', NULL, NULL),
(4419, NULL, NULL, 'LTI581', NULL, NULL),
(4420, NULL, NULL, 'LTI582', NULL, NULL),
(4421, NULL, NULL, 'LTI583', NULL, NULL),
(4422, NULL, NULL, 'LTI584', NULL, NULL),
(4423, NULL, NULL, 'LTI585', NULL, NULL),
(4424, NULL, NULL, 'LTI586', NULL, NULL),
(4425, NULL, NULL, 'LTI587', NULL, NULL),
(4426, NULL, NULL, 'LTI588', NULL, NULL),
(4427, NULL, NULL, 'LTI589', NULL, NULL),
(4428, NULL, NULL, 'LTI590', NULL, NULL),
(4429, NULL, NULL, 'LTI591', NULL, NULL),
(4430, NULL, NULL, 'LTI592', NULL, NULL),
(4431, NULL, NULL, 'LTI593', NULL, NULL),
(4432, NULL, NULL, 'LTI594', NULL, NULL),
(4433, NULL, NULL, 'LTI595', NULL, NULL),
(4434, NULL, NULL, 'LTI596', NULL, NULL),
(4435, NULL, NULL, 'LTI597', NULL, NULL),
(4436, NULL, NULL, 'LTI598', NULL, NULL),
(4437, NULL, NULL, 'LTI599', NULL, NULL),
(4438, NULL, NULL, 'LTI600', NULL, NULL),
(4439, NULL, NULL, 'LTI601', NULL, NULL),
(4440, NULL, NULL, 'LTI602', NULL, NULL),
(4441, NULL, NULL, 'LTI603', NULL, NULL),
(4442, NULL, NULL, 'LTI604', NULL, NULL),
(4443, NULL, NULL, 'LTI605', NULL, NULL),
(4444, NULL, NULL, 'LTI606', NULL, NULL),
(4445, NULL, NULL, 'LTI607', NULL, NULL),
(4446, NULL, NULL, 'LTI608', NULL, NULL),
(4447, NULL, NULL, 'LTI609', NULL, NULL),
(4448, NULL, NULL, 'LTI610', NULL, NULL),
(4449, NULL, NULL, 'LTI611', NULL, NULL),
(4450, NULL, NULL, 'LTI612', NULL, NULL),
(4451, NULL, NULL, 'LTI613', NULL, NULL),
(4452, NULL, NULL, 'LTI614', NULL, NULL),
(4453, NULL, NULL, 'LTI615', NULL, NULL),
(4454, NULL, NULL, 'LTI616', NULL, NULL),
(4455, NULL, NULL, 'LTI617', NULL, NULL),
(4456, NULL, NULL, 'LTI618', NULL, NULL),
(4457, NULL, NULL, 'LTI619', NULL, NULL),
(4458, NULL, NULL, 'LTI620', NULL, NULL),
(4459, NULL, NULL, 'LTI621', NULL, NULL),
(4460, NULL, NULL, 'LTI622', NULL, NULL),
(4461, NULL, NULL, 'LTI623', NULL, NULL),
(4462, NULL, NULL, 'LTI624', NULL, NULL),
(4463, NULL, NULL, 'LTI625', NULL, NULL),
(4464, NULL, NULL, 'LTI626', NULL, NULL),
(4465, NULL, NULL, 'LTI627', NULL, NULL),
(4466, NULL, NULL, 'LTI628', NULL, NULL),
(4467, NULL, NULL, 'LTI629', NULL, NULL),
(4468, NULL, NULL, 'LTI630', NULL, NULL),
(4469, NULL, NULL, 'LTI631', NULL, NULL),
(4470, NULL, NULL, 'LTI632', NULL, NULL),
(4471, NULL, NULL, 'LTI633', NULL, NULL),
(4472, NULL, NULL, 'LTI634', NULL, NULL),
(4473, NULL, NULL, 'LTI635', NULL, NULL),
(4474, NULL, NULL, 'LTI636', NULL, NULL),
(4475, NULL, NULL, 'LTI637', NULL, NULL),
(4476, NULL, NULL, 'LTI638', NULL, NULL),
(4477, NULL, NULL, 'LTI639', NULL, NULL),
(4478, NULL, NULL, 'LTI640', NULL, NULL),
(4479, NULL, NULL, 'LTI641', NULL, NULL),
(4480, NULL, NULL, 'LTI642', NULL, NULL),
(4481, NULL, NULL, 'LTI643', NULL, NULL),
(4482, NULL, NULL, 'LTI644', NULL, NULL),
(4483, NULL, NULL, 'LTI645', NULL, NULL),
(4484, NULL, NULL, 'LTI646', NULL, NULL),
(4485, NULL, NULL, 'LTI647', NULL, NULL),
(4486, NULL, NULL, 'LTI648', NULL, NULL),
(4487, NULL, NULL, 'LTI649', NULL, NULL),
(4488, NULL, NULL, 'LTI650', NULL, NULL),
(4489, NULL, NULL, 'LTI651', NULL, NULL),
(4490, NULL, NULL, 'LTI652', NULL, NULL),
(4491, NULL, NULL, 'LTI653', NULL, NULL),
(4492, NULL, NULL, 'LTI654', NULL, NULL),
(4493, NULL, NULL, 'LTI655', NULL, NULL),
(4494, NULL, NULL, 'LTI656', NULL, NULL),
(4495, NULL, NULL, 'LTI657', NULL, NULL),
(4496, NULL, NULL, 'LTI658', NULL, NULL),
(4497, NULL, NULL, 'LTI659', NULL, NULL),
(4498, NULL, NULL, 'LTI660', NULL, NULL),
(4499, NULL, NULL, 'LTI661', NULL, NULL),
(4500, NULL, NULL, 'LTI662', NULL, NULL),
(4501, NULL, NULL, 'LTI663', NULL, NULL),
(4502, NULL, NULL, 'LTI664', NULL, NULL),
(4503, NULL, NULL, 'LTI665', NULL, NULL),
(4504, NULL, NULL, 'LTI666', NULL, NULL),
(4505, NULL, NULL, 'LTI667', NULL, NULL),
(4506, NULL, NULL, 'LTI668', NULL, NULL),
(4507, NULL, NULL, 'LTI669', NULL, NULL),
(4508, NULL, NULL, 'LTI670', NULL, NULL),
(4509, NULL, NULL, 'LTI671', NULL, NULL),
(4510, NULL, NULL, 'LTI672', NULL, NULL),
(4511, NULL, NULL, 'LTI673', NULL, NULL),
(4512, NULL, NULL, 'LTI674', NULL, NULL),
(4513, NULL, NULL, 'LTI675', NULL, NULL),
(4514, NULL, NULL, 'LTI676', NULL, NULL),
(4515, NULL, NULL, 'LTI677', NULL, NULL),
(4516, NULL, NULL, 'LTI678', NULL, NULL),
(4517, NULL, NULL, 'LTI679', NULL, NULL),
(4518, NULL, NULL, 'LTI680', NULL, NULL),
(4519, NULL, NULL, 'LTI681', NULL, NULL),
(4520, NULL, NULL, 'LTI682', NULL, NULL),
(4521, NULL, NULL, 'LTI683', NULL, NULL),
(4522, NULL, NULL, 'LTI684', NULL, NULL),
(4523, NULL, NULL, 'LTI685', NULL, NULL),
(4524, NULL, NULL, 'LTI686', NULL, NULL),
(4525, NULL, NULL, 'LTI687', NULL, NULL),
(4526, NULL, NULL, 'LTI688', NULL, NULL),
(4527, NULL, NULL, 'LTI689', NULL, NULL),
(4528, NULL, NULL, 'LTI690', NULL, NULL),
(4529, NULL, NULL, 'LTI691', NULL, NULL),
(4530, NULL, NULL, 'LTI692', NULL, NULL),
(4531, NULL, NULL, 'LTI693', NULL, NULL),
(4532, NULL, NULL, 'LTI694', NULL, NULL),
(4533, NULL, NULL, 'LTI695', NULL, NULL),
(4534, NULL, NULL, 'LTI696', NULL, NULL),
(4535, NULL, NULL, 'LTI697', NULL, NULL),
(4536, NULL, NULL, 'LTI698', NULL, NULL),
(4537, NULL, NULL, 'LTI699', NULL, NULL),
(4538, NULL, NULL, 'LTI700', NULL, NULL),
(4539, NULL, NULL, 'LTI701', NULL, NULL),
(4540, NULL, NULL, 'LTI702', NULL, NULL),
(4541, NULL, NULL, 'LTI703', NULL, NULL),
(4542, NULL, NULL, 'LTI704', NULL, NULL),
(4543, NULL, NULL, 'LTI705', NULL, NULL),
(4544, NULL, NULL, 'LTI706', NULL, NULL),
(4545, NULL, NULL, 'LTI707', NULL, NULL),
(4546, NULL, NULL, 'LTI708', NULL, NULL),
(4547, NULL, NULL, 'LTI709', NULL, NULL),
(4548, NULL, NULL, 'LTI710', NULL, NULL),
(4549, NULL, NULL, 'LTI711', NULL, NULL),
(4550, NULL, NULL, 'LTI712', NULL, NULL),
(4551, NULL, NULL, 'LTI713', NULL, NULL),
(4552, NULL, NULL, 'LTI714', NULL, NULL),
(4553, NULL, NULL, 'LTI715', NULL, NULL),
(4554, NULL, NULL, 'LTI716', NULL, NULL),
(4555, NULL, NULL, 'LTI717', NULL, NULL),
(4556, NULL, NULL, 'LTI718', NULL, NULL),
(4557, NULL, NULL, 'LTI719', NULL, NULL),
(4558, NULL, NULL, 'LTI720', NULL, NULL),
(4559, NULL, NULL, 'LTI721', NULL, NULL),
(4560, NULL, NULL, 'LTI722', NULL, NULL),
(4561, NULL, NULL, 'LTI723', NULL, NULL),
(4562, NULL, NULL, 'LTI724', NULL, NULL),
(4563, NULL, NULL, 'LTI725', NULL, NULL),
(4564, NULL, NULL, 'LTI726', NULL, NULL),
(4565, NULL, NULL, 'LTI727', NULL, NULL),
(4566, NULL, NULL, 'LTI728', NULL, NULL),
(4567, NULL, NULL, 'LTI729', NULL, NULL),
(4568, NULL, NULL, 'LTI730', NULL, NULL),
(4569, NULL, NULL, 'LTI731', NULL, NULL),
(4570, NULL, NULL, 'LTI732', NULL, NULL),
(4571, NULL, NULL, 'LTI733', NULL, NULL),
(4572, NULL, NULL, 'LTI734', NULL, NULL),
(4573, NULL, NULL, 'LTI735', NULL, NULL),
(4574, NULL, NULL, 'LTI736', NULL, NULL),
(4575, NULL, NULL, 'LTI737', NULL, NULL),
(4576, NULL, NULL, 'LTI738', NULL, NULL),
(4577, NULL, NULL, 'LTI739', NULL, NULL),
(4578, NULL, NULL, 'LTI740', NULL, NULL),
(4579, NULL, NULL, 'LTI741', NULL, NULL),
(4580, NULL, NULL, 'LTI742', NULL, NULL),
(4581, NULL, NULL, 'LTI743', NULL, NULL),
(4582, NULL, NULL, 'LTI744', NULL, NULL),
(4583, NULL, NULL, 'LTI745', NULL, NULL),
(4584, NULL, NULL, 'LTI746', NULL, NULL),
(4585, NULL, NULL, 'LTI747', NULL, NULL),
(4586, NULL, NULL, 'LTI748', NULL, NULL),
(4587, NULL, NULL, 'LTI749', NULL, NULL),
(4588, NULL, NULL, 'LTI750', NULL, NULL),
(4589, NULL, NULL, 'LTI751', NULL, NULL),
(4590, NULL, NULL, 'LTI752', NULL, NULL),
(4591, NULL, NULL, 'LTI753', NULL, NULL),
(4592, NULL, NULL, 'LTI754', NULL, NULL),
(4593, NULL, NULL, 'LTI755', NULL, NULL),
(4594, NULL, NULL, 'LTI756', NULL, NULL),
(4595, NULL, NULL, 'LTI757', NULL, NULL),
(4596, NULL, NULL, 'LTI758', NULL, NULL),
(4597, NULL, NULL, 'LTI759', NULL, NULL),
(4598, NULL, NULL, 'LTI760', NULL, NULL),
(4599, NULL, NULL, 'LTI761', NULL, NULL),
(4600, NULL, NULL, 'LTI762', NULL, NULL),
(4601, NULL, NULL, 'LTI763', NULL, NULL),
(4602, NULL, NULL, 'LTI764', NULL, NULL),
(4603, NULL, NULL, 'LTI765', NULL, NULL),
(4604, NULL, NULL, 'LTI766', NULL, NULL),
(4605, NULL, NULL, 'LTI767', NULL, NULL),
(4606, NULL, NULL, 'LTI768', NULL, NULL),
(4607, NULL, NULL, 'LTI769', NULL, NULL),
(4608, NULL, NULL, 'LTI770', NULL, NULL),
(4609, NULL, NULL, 'LTI771', NULL, NULL),
(4610, NULL, NULL, 'LTI772', NULL, NULL),
(4611, NULL, NULL, 'LTI773', NULL, NULL),
(4612, NULL, NULL, 'LTI774', NULL, NULL),
(4613, NULL, NULL, 'LTI775', NULL, NULL),
(4614, NULL, NULL, 'LTI776', NULL, NULL),
(4615, NULL, NULL, 'LTI777', NULL, NULL),
(4616, NULL, NULL, 'LTI778', NULL, NULL),
(4617, NULL, NULL, 'LTI779', NULL, NULL),
(4618, NULL, NULL, 'LTI780', NULL, NULL),
(4619, NULL, NULL, 'LTI781', NULL, NULL),
(4620, NULL, NULL, 'LTI782', NULL, NULL),
(4621, NULL, NULL, 'LTI783', NULL, NULL),
(4622, NULL, NULL, 'LTI784', NULL, NULL),
(4623, NULL, NULL, 'LTI785', NULL, NULL),
(4624, NULL, NULL, 'LTI786', NULL, NULL),
(4625, NULL, NULL, 'LTI787', NULL, NULL),
(4626, NULL, NULL, 'LTI788', NULL, NULL),
(4627, NULL, NULL, 'LTI789', NULL, NULL),
(4628, NULL, NULL, 'LTI790', NULL, NULL),
(4629, NULL, NULL, 'LTI791', NULL, NULL),
(4630, NULL, NULL, 'LTI792', NULL, NULL),
(4631, NULL, NULL, 'LTI793', NULL, NULL),
(4632, NULL, NULL, 'LTI794', NULL, NULL),
(4633, NULL, NULL, 'LTI795', NULL, NULL),
(4634, NULL, NULL, 'LTI796', NULL, NULL),
(4635, NULL, NULL, 'LTI797', NULL, NULL),
(4636, NULL, NULL, 'LTI798', NULL, NULL),
(4637, NULL, NULL, 'LTI799', NULL, NULL),
(4638, NULL, NULL, 'LTI800', NULL, NULL),
(4639, NULL, NULL, 'LTI801', NULL, NULL),
(4640, NULL, NULL, 'LTI802', NULL, NULL),
(4641, NULL, NULL, 'LTI803', NULL, NULL),
(4642, NULL, NULL, 'LTI804', NULL, NULL),
(4643, NULL, NULL, 'LTI805', NULL, NULL),
(4644, NULL, NULL, 'LTI806', NULL, NULL),
(4645, NULL, NULL, 'LTI807', NULL, NULL),
(4646, NULL, NULL, 'LTI808', NULL, NULL),
(4647, NULL, NULL, 'LTI809', NULL, NULL),
(4648, NULL, NULL, 'LTI810', NULL, NULL),
(4649, NULL, NULL, 'LTI811', NULL, NULL),
(4650, NULL, NULL, 'LTI812', NULL, NULL),
(4651, NULL, NULL, 'LTI813', NULL, NULL),
(4652, NULL, NULL, 'LTI814', NULL, NULL),
(4653, NULL, NULL, 'LTI815', NULL, NULL),
(4654, NULL, NULL, 'LTI816', NULL, NULL),
(4655, NULL, NULL, 'LTI817', NULL, NULL),
(4656, NULL, NULL, 'LTI818', NULL, NULL),
(4657, NULL, NULL, 'LTI819', NULL, NULL),
(4658, NULL, NULL, 'LTI820', NULL, NULL),
(4659, NULL, NULL, 'LTI821', NULL, NULL),
(4660, NULL, NULL, 'LTI822', NULL, NULL),
(4661, NULL, NULL, 'LTI823', NULL, NULL),
(4662, NULL, NULL, 'LTI824', NULL, NULL),
(4663, NULL, NULL, 'LTI825', NULL, NULL),
(4664, NULL, NULL, 'LTI826', NULL, NULL),
(4665, NULL, NULL, 'LTI827', NULL, NULL),
(4666, NULL, NULL, 'LTI828', NULL, NULL),
(4667, NULL, NULL, 'LTI829', NULL, NULL),
(4668, NULL, NULL, 'LTI830', NULL, NULL),
(4669, NULL, NULL, 'LTI831', NULL, NULL),
(4670, NULL, NULL, 'LTI832', NULL, NULL),
(4671, NULL, NULL, 'LTI833', NULL, NULL),
(4672, NULL, NULL, 'LTI834', NULL, NULL),
(4673, NULL, NULL, 'LTI835', NULL, NULL),
(4674, NULL, NULL, 'LTI836', NULL, NULL),
(4675, NULL, NULL, 'LTI837', NULL, NULL),
(4676, NULL, NULL, 'LTI838', NULL, NULL),
(4677, NULL, NULL, 'LTI839', NULL, NULL),
(4678, NULL, NULL, 'LTI840', NULL, NULL),
(4679, NULL, NULL, 'LTI841', NULL, NULL),
(4680, NULL, NULL, 'LTI842', NULL, NULL),
(4681, NULL, NULL, 'LTI843', NULL, NULL),
(4682, NULL, NULL, 'LTI844', NULL, NULL),
(4683, NULL, NULL, 'LTI845', NULL, NULL),
(4684, NULL, NULL, 'LTI846', NULL, NULL),
(4685, NULL, NULL, 'LTI847', NULL, NULL),
(4686, NULL, NULL, 'LTI848', NULL, NULL),
(4687, NULL, NULL, 'LTI849', NULL, NULL),
(4688, NULL, NULL, 'LTI850', NULL, NULL),
(4689, NULL, NULL, 'LTI851', NULL, NULL),
(4690, NULL, NULL, 'LTI852', NULL, NULL),
(4691, NULL, NULL, 'LTI853', NULL, NULL),
(4692, NULL, NULL, 'LTI854', NULL, NULL),
(4693, NULL, NULL, 'LTI855', NULL, NULL),
(4694, NULL, NULL, 'LTI856', NULL, NULL),
(4695, NULL, NULL, 'LTI857', NULL, NULL),
(4696, NULL, NULL, 'LTI858', NULL, NULL),
(4697, NULL, NULL, 'LTI859', NULL, NULL),
(4698, NULL, NULL, 'LTI860', NULL, NULL),
(4699, NULL, NULL, 'LTI861', NULL, NULL),
(4700, NULL, NULL, 'LTI862', NULL, NULL),
(4701, NULL, NULL, 'LTI863', NULL, NULL),
(4702, NULL, NULL, 'LTI864', NULL, NULL),
(4703, NULL, NULL, 'LTI865', NULL, NULL),
(4704, NULL, NULL, 'LTI866', NULL, NULL),
(4705, NULL, NULL, 'LTI867', NULL, NULL),
(4706, NULL, NULL, 'LTI868', NULL, NULL),
(4707, NULL, NULL, 'LTI869', NULL, NULL),
(4708, NULL, NULL, 'LTI870', NULL, NULL),
(4709, NULL, NULL, 'LTI871', NULL, NULL),
(4710, NULL, NULL, 'LTI872', NULL, NULL),
(4711, NULL, NULL, 'LTI873', NULL, NULL),
(4712, NULL, NULL, 'LTI874', NULL, NULL),
(4713, NULL, NULL, 'LTI875', NULL, NULL),
(4714, NULL, NULL, 'LTI876', NULL, NULL),
(4715, NULL, NULL, 'LTI877', NULL, NULL),
(4716, NULL, NULL, 'LTI878', NULL, NULL),
(4717, NULL, NULL, 'LTI879', NULL, NULL),
(4718, NULL, NULL, 'LTI880', NULL, NULL),
(4719, NULL, NULL, 'LTI881', NULL, NULL),
(4720, NULL, NULL, 'LTI882', NULL, NULL),
(4721, NULL, NULL, 'LTI883', NULL, NULL),
(4722, NULL, NULL, 'LTI884', NULL, NULL),
(4723, NULL, NULL, 'LTI885', NULL, NULL),
(4724, NULL, NULL, 'LTI886', NULL, NULL),
(4725, NULL, NULL, 'LTI887', NULL, NULL),
(4726, NULL, NULL, 'LTI888', NULL, NULL),
(4727, NULL, NULL, 'LTI889', NULL, NULL),
(4728, NULL, NULL, 'LTI890', NULL, NULL),
(4729, NULL, NULL, 'LTI891', NULL, NULL),
(4730, NULL, NULL, 'LTI892', NULL, NULL),
(4731, NULL, NULL, 'LTI893', NULL, NULL),
(4732, NULL, NULL, 'LTI894', NULL, NULL),
(4733, NULL, NULL, 'LTI895', NULL, NULL),
(4734, NULL, NULL, 'LTI896', NULL, NULL),
(4735, NULL, NULL, 'LTI897', NULL, NULL),
(4736, NULL, NULL, 'LTI898', NULL, NULL),
(4737, NULL, NULL, 'LTI899', NULL, NULL),
(4738, NULL, NULL, 'LTI900', NULL, NULL),
(4739, NULL, NULL, 'LTI901', NULL, NULL),
(4740, NULL, NULL, 'LTI902', NULL, NULL),
(4741, NULL, NULL, 'LTI903', NULL, NULL),
(4742, NULL, NULL, 'LTI904', NULL, NULL),
(4743, NULL, NULL, 'LTI905', NULL, NULL),
(4744, NULL, NULL, 'LTI906', NULL, NULL),
(4745, NULL, NULL, 'LTI907', NULL, NULL),
(4746, NULL, NULL, 'LTI908', NULL, NULL),
(4747, NULL, NULL, 'LTI909', NULL, NULL),
(4748, NULL, NULL, 'LTI910', NULL, NULL),
(4749, NULL, NULL, 'LTI911', NULL, NULL),
(4750, NULL, NULL, 'LTI912', NULL, NULL),
(4751, NULL, NULL, 'LTI913', NULL, NULL),
(4752, NULL, NULL, 'LTI914', NULL, NULL),
(4753, NULL, NULL, 'LTI915', NULL, NULL),
(4754, NULL, NULL, 'LTI916', NULL, NULL),
(4755, NULL, NULL, 'LTI917', NULL, NULL),
(4756, NULL, NULL, 'LTI918', NULL, NULL),
(4757, NULL, NULL, 'LTI919', NULL, NULL),
(4758, NULL, NULL, 'LTI920', NULL, NULL),
(4759, NULL, NULL, 'LTI921', NULL, NULL),
(4760, NULL, NULL, 'LTI922', NULL, NULL),
(4761, NULL, NULL, 'LTI923', NULL, NULL),
(4762, NULL, NULL, 'LTI924', NULL, NULL),
(4763, NULL, NULL, 'LTI925', NULL, NULL),
(4764, NULL, NULL, 'LTI926', NULL, NULL),
(4765, NULL, NULL, 'LTI927', NULL, NULL),
(4766, NULL, NULL, 'LTI928', NULL, NULL),
(4767, NULL, NULL, 'LTI929', NULL, NULL),
(4768, NULL, NULL, 'LTI930', NULL, NULL),
(4769, NULL, NULL, 'LTI931', NULL, NULL),
(4770, NULL, NULL, 'LTI932', NULL, NULL),
(4771, NULL, NULL, 'LTI933', NULL, NULL),
(4772, NULL, NULL, 'LTI934', NULL, NULL),
(4773, NULL, NULL, 'LTI935', NULL, NULL),
(4774, NULL, NULL, 'LTI936', NULL, NULL),
(4775, NULL, NULL, 'LTI937', NULL, NULL),
(4776, NULL, NULL, 'LTI938', NULL, NULL),
(4777, NULL, NULL, 'LTI939', NULL, NULL),
(4778, NULL, NULL, 'LTI940', NULL, NULL),
(4779, NULL, NULL, 'LTI941', NULL, NULL),
(4780, NULL, NULL, 'LTI942', NULL, NULL),
(4781, NULL, NULL, 'LTI943', NULL, NULL),
(4782, NULL, NULL, 'LTI944', NULL, NULL),
(4783, NULL, NULL, 'LTI945', NULL, NULL),
(4784, NULL, NULL, 'LTI946', NULL, NULL),
(4785, NULL, NULL, 'LTI947', NULL, NULL),
(4786, NULL, NULL, 'LTI948', NULL, NULL),
(4787, NULL, NULL, 'LTI949', NULL, NULL),
(4788, NULL, NULL, 'LTI950', NULL, NULL),
(4789, NULL, NULL, 'LTI951', NULL, NULL),
(4790, NULL, NULL, 'LTI952', NULL, NULL),
(4791, NULL, NULL, 'LTI953', NULL, NULL),
(4792, NULL, NULL, 'LTI954', NULL, NULL),
(4793, NULL, NULL, 'LTI955', NULL, NULL),
(4794, NULL, NULL, 'LTI956', NULL, NULL),
(4795, NULL, NULL, 'LTI957', NULL, NULL),
(4796, NULL, NULL, 'LTI958', NULL, NULL),
(4797, NULL, NULL, 'LTI959', NULL, NULL),
(4798, NULL, NULL, 'LTI960', NULL, NULL),
(4799, NULL, NULL, 'LTI961', NULL, NULL),
(4800, NULL, NULL, 'LTI962', NULL, NULL),
(4801, NULL, NULL, 'LTI963', NULL, NULL),
(4802, NULL, NULL, 'LTI964', NULL, NULL),
(4803, NULL, NULL, 'LTI965', NULL, NULL),
(4804, NULL, NULL, 'LTI966', NULL, NULL),
(4805, NULL, NULL, 'LTI967', NULL, NULL),
(4806, NULL, NULL, 'LTI968', NULL, NULL),
(4807, NULL, NULL, 'LTI969', NULL, NULL),
(4808, NULL, NULL, 'LTI970', NULL, NULL),
(4809, NULL, NULL, 'LTI971', NULL, NULL),
(4810, NULL, NULL, 'LTI972', NULL, NULL),
(4811, NULL, NULL, 'LTI973', NULL, NULL),
(4812, NULL, NULL, 'LTI974', NULL, NULL),
(4813, NULL, NULL, 'LTI975', NULL, NULL),
(4814, NULL, NULL, 'LTI976', NULL, NULL),
(4815, NULL, NULL, 'LTI977', NULL, NULL),
(4816, NULL, NULL, 'LTI978', NULL, NULL),
(4817, NULL, NULL, 'LTI979', NULL, NULL),
(4818, NULL, NULL, 'LTI980', NULL, NULL),
(4819, NULL, NULL, 'LTI981', NULL, NULL),
(4820, NULL, NULL, 'LTI982', NULL, NULL),
(4821, NULL, NULL, 'LTI983', NULL, NULL),
(4822, NULL, NULL, 'LTI984', NULL, NULL),
(4823, NULL, NULL, 'LTI985', NULL, NULL),
(4824, NULL, NULL, 'LTI986', NULL, NULL),
(4825, NULL, NULL, 'LTI987', NULL, NULL),
(4826, NULL, NULL, 'LTI988', NULL, NULL),
(4827, NULL, NULL, 'LTI989', NULL, NULL),
(4828, NULL, NULL, 'LTI990', NULL, NULL),
(4829, NULL, NULL, 'LTI991', NULL, NULL),
(4830, NULL, NULL, 'LTI992', NULL, NULL),
(4831, NULL, NULL, 'LTI993', NULL, NULL),
(4832, NULL, NULL, 'LTI994', NULL, NULL),
(4833, NULL, NULL, 'LTI995', NULL, NULL),
(4834, NULL, NULL, 'LTI996', NULL, NULL),
(4835, NULL, NULL, 'LTI997', NULL, NULL),
(4836, NULL, NULL, 'LTI998', NULL, NULL),
(4837, NULL, NULL, 'LTI999', NULL, NULL),
(4838, NULL, NULL, 'LTI1000', NULL, NULL),
(4839, NULL, NULL, 'LTI1001', NULL, NULL),
(4840, NULL, NULL, 'LTI1002', NULL, NULL),
(4841, NULL, NULL, 'LTI1003', NULL, NULL),
(4842, NULL, NULL, 'LTI1004', NULL, NULL),
(4843, NULL, NULL, 'LTI1005', NULL, NULL),
(4844, NULL, NULL, 'LTI1006', NULL, NULL),
(4845, NULL, NULL, 'LTI1007', NULL, NULL),
(4846, NULL, NULL, 'LTI1008', NULL, NULL),
(4847, NULL, NULL, 'LTI1009', NULL, NULL),
(4848, NULL, NULL, 'LTI1010', NULL, NULL),
(4849, NULL, NULL, 'LTI1011', NULL, NULL),
(4850, NULL, NULL, 'LTI1012', NULL, NULL),
(4851, NULL, NULL, 'LTI1013', NULL, NULL),
(4852, NULL, NULL, 'LTI1014', NULL, NULL),
(4853, NULL, NULL, 'LTI1015', NULL, NULL),
(4854, NULL, NULL, 'LTI1016', NULL, NULL),
(4855, NULL, NULL, 'LTI1017', NULL, NULL),
(4856, NULL, NULL, 'LTI1018', NULL, NULL),
(4857, NULL, NULL, 'LTI1019', NULL, NULL),
(4858, NULL, NULL, 'LTI1020', NULL, NULL),
(4859, NULL, NULL, 'LTI1021', NULL, NULL),
(4860, NULL, NULL, 'LTI1022', NULL, NULL),
(4861, NULL, NULL, 'LTI1023', NULL, NULL),
(4862, NULL, NULL, 'LTI1024', NULL, NULL),
(4863, NULL, NULL, 'LTI1025', NULL, NULL),
(4864, NULL, NULL, 'LTI1026', NULL, NULL),
(4865, NULL, NULL, 'LTI1027', NULL, NULL),
(4866, NULL, NULL, 'LTI1028', NULL, NULL),
(4867, NULL, NULL, 'LTI1029', NULL, NULL),
(4868, NULL, NULL, 'LTI1030', NULL, NULL),
(4869, NULL, NULL, 'LTI1031', NULL, NULL),
(4870, NULL, NULL, 'LTI1032', NULL, NULL),
(4871, NULL, NULL, 'LTI1033', NULL, NULL),
(4872, NULL, NULL, 'LTI1034', NULL, NULL),
(4873, NULL, NULL, 'LTI1035', NULL, NULL),
(4874, NULL, NULL, 'LTI1036', NULL, NULL),
(4875, NULL, NULL, 'LTI1037', NULL, NULL),
(4876, NULL, NULL, 'LTI1038', NULL, NULL),
(4877, NULL, NULL, 'LTI1039', NULL, NULL),
(4878, NULL, NULL, 'LTI1040', NULL, NULL),
(4879, NULL, NULL, 'LTI1041', NULL, NULL),
(4880, NULL, NULL, 'LTI1042', NULL, NULL),
(4881, NULL, NULL, 'LTI1043', NULL, NULL),
(4882, NULL, NULL, 'LTI1044', NULL, NULL),
(4883, NULL, NULL, 'LTI1045', NULL, NULL),
(4884, NULL, NULL, 'LTI1046', NULL, NULL),
(4885, NULL, NULL, 'LTI1047', NULL, NULL),
(4886, NULL, NULL, 'LTI1048', NULL, NULL),
(4887, NULL, NULL, 'LTI1049', NULL, NULL),
(4888, NULL, NULL, 'LTI1050', NULL, NULL),
(4889, NULL, NULL, 'LTI1051', NULL, NULL),
(4890, NULL, NULL, 'LTI1052', NULL, NULL),
(4891, NULL, NULL, 'LTI1053', NULL, NULL),
(4892, NULL, NULL, 'LTI1054', NULL, NULL),
(4893, NULL, NULL, 'LTI1055', NULL, NULL),
(4894, NULL, NULL, 'LTI1056', NULL, NULL),
(4895, NULL, NULL, 'LTI1057', NULL, NULL),
(4896, NULL, NULL, 'LTI1058', NULL, NULL),
(4897, NULL, NULL, 'LTI1059', NULL, NULL),
(4898, NULL, NULL, 'LTI1060', NULL, NULL),
(4899, NULL, NULL, 'LTI1061', NULL, NULL),
(4900, NULL, NULL, 'LTI1062', NULL, NULL),
(4901, NULL, NULL, 'LTI1063', NULL, NULL),
(4902, NULL, NULL, 'LTI1064', NULL, NULL),
(4903, NULL, NULL, 'LTI1065', NULL, NULL),
(4904, NULL, NULL, 'LTI1066', NULL, NULL),
(4905, NULL, NULL, 'LTI1067', NULL, NULL),
(4906, NULL, NULL, 'LTI1068', NULL, NULL),
(4907, NULL, NULL, 'LTI1069', NULL, NULL),
(4908, NULL, NULL, 'LTI1070', NULL, NULL),
(4909, NULL, NULL, 'LTI1071', NULL, NULL),
(4910, NULL, NULL, 'LTI1072', NULL, NULL),
(4911, NULL, NULL, 'LTI1073', NULL, NULL),
(4912, NULL, NULL, 'LTI1074', NULL, NULL),
(4913, NULL, NULL, 'LTI1075', NULL, NULL),
(4914, NULL, NULL, 'LTI1076', NULL, NULL),
(4915, NULL, NULL, 'LTI1077', NULL, NULL),
(4916, NULL, NULL, 'LTI1078', NULL, NULL),
(4917, NULL, NULL, 'LTI1079', NULL, NULL),
(4918, NULL, NULL, 'LTI1080', NULL, NULL),
(4919, NULL, NULL, 'LTI1081', NULL, NULL),
(4920, NULL, NULL, 'LTI1082', NULL, NULL),
(4921, NULL, NULL, 'LTI1083', NULL, NULL),
(4922, NULL, NULL, 'LTI1084', NULL, NULL),
(4923, NULL, NULL, 'LTI1085', NULL, NULL),
(4924, NULL, NULL, 'LTI1086', NULL, NULL),
(4925, NULL, NULL, 'LTI1087', NULL, NULL),
(4926, NULL, NULL, 'LTI1088', NULL, NULL),
(4927, NULL, NULL, 'LTI1089', NULL, NULL),
(4928, NULL, NULL, 'LTI1090', NULL, NULL),
(4929, NULL, NULL, 'LTI1091', NULL, NULL),
(4930, NULL, NULL, 'LTI1092', NULL, NULL),
(4931, NULL, NULL, 'LTI1093', NULL, NULL),
(4932, NULL, NULL, 'LTI1094', NULL, NULL),
(4933, NULL, NULL, 'LTI1095', NULL, NULL),
(4934, NULL, NULL, 'LTI1096', NULL, NULL),
(4935, NULL, NULL, 'LTI1097', NULL, NULL),
(4936, NULL, NULL, 'LTI1098', NULL, NULL),
(4937, NULL, NULL, 'LTI1099', NULL, NULL),
(4938, NULL, NULL, 'LTI1100', NULL, NULL),
(4939, NULL, NULL, 'LTI1101', NULL, NULL),
(4940, NULL, NULL, 'LTI1102', NULL, NULL),
(4941, NULL, NULL, 'LTI1103', NULL, NULL),
(4942, NULL, NULL, 'LTI1104', NULL, NULL),
(4943, NULL, NULL, 'LTI1105', NULL, NULL),
(4944, NULL, NULL, 'LTI1106', NULL, NULL),
(4945, NULL, NULL, 'LTI1107', NULL, NULL),
(4946, NULL, NULL, 'LTI1108', NULL, NULL),
(4947, NULL, NULL, 'LTI1109', NULL, NULL),
(4948, NULL, NULL, 'LTI1110', NULL, NULL),
(4949, NULL, NULL, 'LTI1111', NULL, NULL),
(4950, NULL, NULL, 'LTI1112', NULL, NULL),
(4951, NULL, NULL, 'LTI1113', NULL, NULL),
(4952, NULL, NULL, 'LTI1114', NULL, NULL),
(4953, NULL, NULL, 'LTI1115', NULL, NULL),
(4954, NULL, NULL, 'LTI1116', NULL, NULL),
(4955, NULL, NULL, 'LTI1117', NULL, NULL),
(4956, NULL, NULL, 'LTI1118', NULL, NULL),
(4957, NULL, NULL, 'LTI1119', NULL, NULL),
(4958, NULL, NULL, 'LTI1120', NULL, NULL),
(4959, NULL, NULL, 'LTI1121', NULL, NULL),
(4960, NULL, NULL, 'LTI1122', NULL, NULL),
(4961, NULL, NULL, 'LTI1123', NULL, NULL),
(4962, NULL, NULL, 'LTI1124', NULL, NULL),
(4963, NULL, NULL, 'LTI1125', NULL, NULL),
(4964, NULL, NULL, 'LTI1126', NULL, NULL),
(4965, NULL, NULL, 'LTI1127', NULL, NULL),
(4966, NULL, NULL, 'LTI1128', NULL, NULL),
(4967, NULL, NULL, 'LTI1129', NULL, NULL),
(4968, NULL, NULL, 'LTI1130', NULL, NULL),
(4969, NULL, NULL, 'LTI1131', NULL, NULL),
(4970, NULL, NULL, 'LTI1132', NULL, NULL),
(4971, NULL, NULL, 'LTI1133', NULL, NULL),
(4972, NULL, NULL, 'LTI1134', NULL, NULL),
(4973, NULL, NULL, 'LTI1135', NULL, NULL),
(4974, NULL, NULL, 'LTI1136', NULL, NULL),
(4975, NULL, NULL, 'LTI1137', NULL, NULL),
(4976, NULL, NULL, 'LTI1138', NULL, NULL),
(4977, NULL, NULL, 'LTI1139', NULL, NULL),
(4978, NULL, NULL, 'LTI1140', NULL, NULL),
(4979, NULL, NULL, 'LTI1141', NULL, NULL),
(4980, NULL, NULL, 'LTI1142', NULL, NULL),
(4981, NULL, NULL, 'LTI1143', NULL, NULL),
(4982, NULL, NULL, 'LTI1144', NULL, NULL),
(4983, NULL, NULL, 'LTI1145', NULL, NULL),
(4984, NULL, NULL, 'LTI1146', NULL, NULL),
(4985, NULL, NULL, 'LTI1147', NULL, NULL),
(4986, NULL, NULL, 'LTI1148', NULL, NULL),
(4987, NULL, NULL, 'LTI1149', NULL, NULL),
(4988, NULL, NULL, 'LTI1150', NULL, NULL),
(4989, NULL, NULL, 'LTI1151', NULL, NULL),
(4990, NULL, NULL, 'LTI1152', NULL, NULL),
(4991, NULL, NULL, 'LTI1153', NULL, NULL),
(4992, NULL, NULL, 'LTI1154', NULL, NULL),
(4993, NULL, NULL, 'LTI1155', NULL, NULL),
(4994, NULL, NULL, 'LTI1156', NULL, NULL),
(4995, NULL, NULL, 'LTI1157', NULL, NULL),
(4996, NULL, NULL, 'LTI1158', NULL, NULL),
(4997, NULL, NULL, 'LTI1159', NULL, NULL),
(4998, NULL, NULL, 'LTI1160', NULL, NULL),
(4999, NULL, NULL, 'LTI1161', NULL, NULL),
(5000, NULL, NULL, 'LTI1162', NULL, NULL),
(5001, NULL, NULL, 'LTI1163', NULL, NULL),
(5002, NULL, NULL, 'LTI1164', NULL, NULL),
(5003, NULL, NULL, 'LTI1165', NULL, NULL),
(5004, NULL, NULL, 'LTI1166', NULL, NULL),
(5005, NULL, NULL, 'LTI1167', NULL, NULL),
(5006, NULL, NULL, 'LTI1168', NULL, NULL),
(5007, NULL, NULL, 'LTI1169', NULL, NULL),
(5008, NULL, NULL, 'LTI1170', NULL, NULL),
(5009, NULL, NULL, 'LTI1171', NULL, NULL),
(5010, NULL, NULL, 'LTI1172', NULL, NULL),
(5011, NULL, NULL, 'LTI1173', NULL, NULL),
(5012, NULL, NULL, 'LTI1174', NULL, NULL),
(5013, NULL, NULL, 'LTI1175', NULL, NULL),
(5014, NULL, NULL, 'LTI1176', NULL, NULL),
(5015, NULL, NULL, 'LTI1177', NULL, NULL),
(5016, NULL, NULL, 'LTI1178', NULL, NULL),
(5017, NULL, NULL, 'LTI1179', NULL, NULL),
(5018, NULL, NULL, 'LTI1180', NULL, NULL),
(5019, NULL, NULL, 'LTI1181', NULL, NULL),
(5020, NULL, NULL, 'LTI1182', NULL, NULL),
(5021, NULL, NULL, 'LTI1183', NULL, NULL),
(5022, NULL, NULL, 'LTI1184', NULL, NULL),
(5023, NULL, NULL, 'LTI1185', NULL, NULL),
(5024, NULL, NULL, 'LTI1186', NULL, NULL),
(5025, NULL, NULL, 'LTI1187', NULL, NULL),
(5026, NULL, NULL, 'LTI1188', NULL, NULL),
(5027, NULL, NULL, 'LTI1189', NULL, NULL),
(5028, NULL, NULL, 'LTI1190', NULL, NULL),
(5029, NULL, NULL, 'LTI1191', NULL, NULL),
(5030, NULL, NULL, 'LTI1192', NULL, NULL),
(5031, NULL, NULL, 'LTI1193', NULL, NULL),
(5032, NULL, NULL, 'LTI1194', NULL, NULL),
(5033, NULL, NULL, 'LTI1195', NULL, NULL),
(5034, NULL, NULL, 'LTI1196', NULL, NULL),
(5035, NULL, NULL, 'LTI1197', NULL, NULL),
(5036, NULL, NULL, 'LTI1198', NULL, NULL),
(5037, NULL, NULL, 'LTI1199', NULL, NULL),
(5038, NULL, NULL, 'LTI1200', NULL, NULL),
(5039, NULL, NULL, 'LTI1201', NULL, NULL),
(5040, NULL, NULL, 'LTI1202', NULL, NULL),
(5041, NULL, NULL, 'LTI1203', NULL, NULL),
(5042, NULL, NULL, 'LTI1204', NULL, NULL),
(5043, NULL, NULL, 'LTI1205', NULL, NULL),
(5044, NULL, NULL, 'LTI1206', NULL, NULL),
(5045, NULL, NULL, 'LTI1207', NULL, NULL),
(5046, NULL, NULL, 'LTI1208', NULL, NULL),
(5047, NULL, NULL, 'LTI1209', NULL, NULL),
(5048, NULL, NULL, 'LTI1210', NULL, NULL),
(5049, NULL, NULL, 'LTI1211', NULL, NULL),
(5050, NULL, NULL, 'LTI1212', NULL, NULL),
(5051, NULL, NULL, 'LTI1213', NULL, NULL),
(5052, NULL, NULL, 'LTI1214', NULL, NULL),
(5053, NULL, NULL, 'LTI1215', NULL, NULL),
(5054, NULL, NULL, 'LTI1216', NULL, NULL),
(5055, NULL, NULL, 'LTI1217', NULL, NULL),
(5056, NULL, NULL, 'LTI1218', NULL, NULL),
(5057, NULL, NULL, 'LTI1219', NULL, NULL),
(5058, NULL, NULL, 'LTI1220', NULL, NULL),
(5059, NULL, NULL, 'LTI1221', NULL, NULL),
(5060, NULL, NULL, 'LTI1222', NULL, NULL),
(5061, NULL, NULL, 'LTI1223', NULL, NULL),
(5062, NULL, NULL, 'LTI1224', NULL, NULL),
(5063, NULL, NULL, 'LTI1225', NULL, NULL),
(5064, NULL, NULL, 'LTI1226', NULL, NULL),
(5065, NULL, NULL, 'LTI1227', NULL, NULL),
(5066, NULL, NULL, 'LTI1228', NULL, NULL),
(5067, NULL, NULL, 'LTI1229', NULL, NULL),
(5068, NULL, NULL, 'LTI1230', NULL, NULL),
(5069, NULL, NULL, 'LTI1231', NULL, NULL),
(5070, NULL, NULL, 'LTI1232', NULL, NULL),
(5071, NULL, NULL, 'LTI1233', NULL, NULL),
(5072, NULL, NULL, 'LTI1234', NULL, NULL),
(5073, NULL, NULL, 'LTI1235', NULL, NULL),
(5074, NULL, NULL, 'LTI1236', NULL, NULL),
(5075, NULL, NULL, 'LTI1237', NULL, NULL),
(5076, NULL, NULL, 'LTI1238', NULL, NULL),
(5077, NULL, NULL, 'LTI1239', NULL, NULL),
(5078, NULL, NULL, 'LTI1240', NULL, NULL),
(5079, NULL, NULL, 'LTI1241', NULL, NULL),
(5080, NULL, NULL, 'LTI1242', NULL, NULL),
(5081, NULL, NULL, 'LTI1243', NULL, NULL),
(5082, NULL, NULL, 'LTI1244', NULL, NULL),
(5083, NULL, NULL, 'LTI1245', NULL, NULL),
(5084, NULL, NULL, 'LTI1246', NULL, NULL),
(5085, NULL, NULL, 'LTI1247', NULL, NULL),
(5086, NULL, NULL, 'LTI1248', NULL, NULL),
(5087, NULL, NULL, 'LTI1249', NULL, NULL),
(5088, NULL, NULL, 'LTI1250', NULL, NULL),
(5089, NULL, NULL, 'LTI1251', NULL, NULL),
(5090, NULL, NULL, 'LTI1252', NULL, NULL),
(5091, NULL, NULL, 'LTI1253', NULL, NULL),
(5092, NULL, NULL, 'LTI1254', NULL, NULL),
(5093, NULL, NULL, 'LTI1255', NULL, NULL),
(5094, NULL, NULL, 'LTI1256', NULL, NULL),
(5095, NULL, NULL, 'LTI1257', NULL, NULL),
(5096, NULL, NULL, 'LTI1258', NULL, NULL),
(5097, NULL, NULL, 'LTI1259', NULL, NULL),
(5098, NULL, NULL, 'LTI1260', NULL, NULL),
(5099, NULL, NULL, 'LTI1261', NULL, NULL),
(5100, NULL, NULL, 'LTI1262', NULL, NULL),
(5101, NULL, NULL, 'LTI1263', NULL, NULL),
(5102, NULL, NULL, 'LTI1264', NULL, NULL),
(5103, NULL, NULL, 'LTI1265', NULL, NULL),
(5104, NULL, NULL, 'LTI1266', NULL, NULL),
(5105, NULL, NULL, 'LTI1267', NULL, NULL),
(5106, NULL, NULL, 'LTI1268', NULL, NULL),
(5107, NULL, NULL, 'LTI1269', NULL, NULL),
(5108, NULL, NULL, 'LTI1270', NULL, NULL),
(5109, NULL, NULL, 'LTI1271', NULL, NULL),
(5110, NULL, NULL, 'LTI1272', NULL, NULL),
(5111, NULL, NULL, 'LTI1273', NULL, NULL),
(5112, NULL, NULL, 'LTI1274', NULL, NULL),
(5113, NULL, NULL, 'LTI1275', NULL, NULL),
(5114, NULL, NULL, 'LTI1276', NULL, NULL),
(5115, NULL, NULL, 'LTI1277', NULL, NULL),
(5116, NULL, NULL, 'LTI1278', NULL, NULL),
(5117, NULL, NULL, 'LTI1279', NULL, NULL),
(5118, NULL, NULL, 'LTI1280', NULL, NULL),
(5119, NULL, NULL, 'LTI1281', NULL, NULL),
(5120, NULL, NULL, 'LTI1282', NULL, NULL),
(5121, NULL, NULL, 'LTI1283', NULL, NULL),
(5122, NULL, NULL, 'LTI1284', NULL, NULL),
(5123, NULL, NULL, 'LTI1285', NULL, NULL),
(5124, NULL, NULL, 'LTI1286', NULL, NULL),
(5125, NULL, NULL, 'LTI1287', NULL, NULL),
(5126, NULL, NULL, 'LTI1288', NULL, NULL),
(5127, NULL, NULL, 'LTI1289', NULL, NULL),
(5128, NULL, NULL, 'LTI1290', NULL, NULL),
(5129, NULL, NULL, 'LTI1291', NULL, NULL),
(5130, NULL, NULL, 'LTI1292', NULL, NULL),
(5131, NULL, NULL, 'LTI1293', NULL, NULL),
(5132, NULL, NULL, 'LTI1294', NULL, NULL),
(5133, NULL, NULL, 'LTI1295', NULL, NULL),
(5134, NULL, NULL, 'LTI1296', NULL, NULL),
(5135, NULL, NULL, 'LTI1297', NULL, NULL),
(5136, NULL, NULL, 'LTI1298', NULL, NULL),
(5137, NULL, NULL, 'LTI1299', NULL, NULL),
(5138, NULL, NULL, 'LTI1300', NULL, NULL),
(5139, NULL, NULL, 'LTI1301', NULL, NULL),
(5140, NULL, NULL, 'LTI1302', NULL, NULL),
(5141, NULL, NULL, 'LTI1303', NULL, NULL),
(5142, NULL, NULL, 'LTI1304', NULL, NULL),
(5143, NULL, NULL, 'LTI1305', NULL, NULL),
(5144, NULL, NULL, 'LTI1306', NULL, NULL),
(5145, NULL, NULL, 'LTI1307', NULL, NULL),
(5146, NULL, NULL, 'LTI1308', NULL, NULL),
(5147, NULL, NULL, 'LTI1309', NULL, NULL),
(5148, NULL, NULL, 'LTI1310', NULL, NULL),
(5149, NULL, NULL, 'LTI1311', NULL, NULL),
(5150, NULL, NULL, 'LTI1312', NULL, NULL),
(5151, NULL, NULL, 'LTI1313', NULL, NULL),
(5152, NULL, NULL, 'LTI1314', NULL, NULL),
(5153, NULL, NULL, 'LTI1315', NULL, NULL),
(5154, NULL, NULL, 'LTI1316', NULL, NULL),
(5155, NULL, NULL, 'LTI1317', NULL, NULL),
(5156, NULL, NULL, 'LTI1318', NULL, NULL),
(5157, NULL, NULL, 'LTI1319', NULL, NULL),
(5158, NULL, NULL, 'LTI1320', NULL, NULL),
(5159, NULL, NULL, 'LTI1321', NULL, NULL),
(5160, NULL, NULL, 'LTI1322', NULL, NULL),
(5161, NULL, NULL, 'LTI1323', NULL, NULL),
(5162, NULL, NULL, 'LTI1324', NULL, NULL),
(5163, NULL, NULL, 'LTI1325', NULL, NULL),
(5164, NULL, NULL, 'LTI1326', NULL, NULL),
(5165, NULL, NULL, 'LTI1327', NULL, NULL),
(5166, NULL, NULL, 'LTI1328', NULL, NULL),
(5167, NULL, NULL, 'LTI1329', NULL, NULL),
(5168, NULL, NULL, 'LTI1330', NULL, NULL),
(5169, NULL, NULL, 'LTI1331', NULL, NULL),
(5170, NULL, NULL, 'LTI1332', NULL, NULL),
(5171, NULL, NULL, 'LTI1333', NULL, NULL),
(5172, NULL, NULL, 'LTI1334', NULL, NULL),
(5173, NULL, NULL, 'LTI1335', NULL, NULL),
(5174, NULL, NULL, 'LTI1336', NULL, NULL),
(5175, NULL, NULL, 'LTI1337', NULL, NULL),
(5176, NULL, NULL, 'LTI1338', NULL, NULL),
(5177, NULL, NULL, 'LTI1339', NULL, NULL),
(5178, NULL, NULL, 'LTI1340', NULL, NULL),
(5181, 11, NULL, 'G209', 'Déployé', 83),
(5182, 11, NULL, 'G211', 'Déployé', 84),
(5183, NULL, NULL, 'G107', NULL, NULL),
(5184, NULL, NULL, 'G110', NULL, NULL),
(5185, NULL, NULL, 'G115', NULL, NULL),
(5188, NULL, 1, 'G205', NULL, NULL),
(5190, NULL, 8, 'G008', NULL, NULL),
(5191, NULL, 8, 'G009', NULL, NULL),
(5192, NULL, 8, 'G010', NULL, NULL),
(5193, NULL, 8, 'F109', NULL, NULL),
(5194, NULL, 8, 'G029', NULL, NULL),
(5195, NULL, 8, 'G011', NULL, NULL),
(5196, NULL, 8, 'G013', NULL, NULL),
(5197, NULL, 8, 'G101', NULL, NULL),
(5198, NULL, 8, 'G102', NULL, NULL),
(5199, NULL, 8, 'G038', NULL, NULL),
(5201, NULL, 2, 'F111', 'Déployé', 116),
(5206, 2, NULL, 'G044', NULL, NULL),
(5207, 2, NULL, 'G045', NULL, NULL),
(5211, NULL, 8, 'F208', NULL, NULL),
(5212, NULL, 8, 'F210', NULL, NULL),
(5219, 17, NULL, 'G024', NULL, NULL),
(5220, 17, NULL, 'G035', NULL, NULL),
(5229, NULL, 87, 'SUR271', NULL, NULL),
(5230, NULL, 87, 'SUR272', NULL, NULL),
(5231, NULL, 87, 'SUR273', NULL, NULL),
(5232, NULL, 87, 'SUR274', NULL, NULL),
(5233, NULL, 87, 'SUR275', NULL, NULL),
(5234, NULL, 87, 'SUR276', NULL, NULL),
(5235, NULL, 87, 'SUR277', NULL, NULL),
(5236, NULL, 87, 'SUR278', NULL, NULL),
(5237, NULL, 87, 'SUR279', NULL, NULL),
(5238, NULL, 87, 'SUR280', NULL, NULL),
(5239, NULL, 88, 'DAF041', NULL, NULL),
(5240, NULL, 88, 'DAF042', NULL, NULL),
(5241, NULL, 88, 'DAF043', NULL, NULL),
(5242, NULL, 88, 'DAF044', NULL, NULL),
(5243, NULL, 88, 'DAF045', NULL, NULL),
(5244, NULL, 88, 'DAF046', NULL, NULL),
(5245, NULL, 88, 'DAF047', NULL, NULL),
(5246, NULL, 88, 'DAF048', NULL, NULL),
(5247, NULL, 88, 'DAF049', NULL, NULL),
(5248, NULL, 88, 'DAF050', NULL, NULL),
(5256, NULL, 81, 'A005-006', 'Déployé', 101),
(5264, NULL, 1, 'A013', 'Déployé', 98),
(5276, NULL, NULL, 'A114', NULL, NULL),
(5280, NULL, 82, 'S002-A', NULL, NULL),
(5281, NULL, 82, 'S002-B', NULL, NULL),
(5282, NULL, 82, 'S002-C', NULL, NULL),
(5283, NULL, 82, 'S003', NULL, NULL),
(5284, NULL, 82, 'S004-A', NULL, NULL),
(5285, NULL, 82, 'S004-B', NULL, NULL),
(5286, NULL, 82, 'S005', NULL, NULL),
(5287, NULL, 82, 'S006', NULL, NULL),
(5288, NULL, 82, 'S007', NULL, NULL),
(5289, NULL, 82, 'S008-A', NULL, NULL),
(5290, NULL, 82, 'S008-B', NULL, NULL),
(5291, NULL, 82, 'S008-C', NULL, NULL),
(5292, NULL, 82, 'S009', NULL, NULL),
(5293, NULL, 82, 'S010', NULL, NULL),
(5294, NULL, 82, 'S011', NULL, NULL),
(5295, NULL, 82, 'S012', NULL, NULL),
(5296, NULL, 82, 'S022', NULL, NULL),
(5297, NULL, 82, 'S023', NULL, NULL),
(5298, NULL, 83, 'S024', NULL, NULL),
(5299, NULL, 83, 'S025', NULL, NULL);
INSERT INTO `variure` (`id`, `pass_partiel2_id`, `pass_partiel3_id`, `nomVariure`, `etat`, `outil_fermeture_id`) VALUES
(5300, NULL, 83, 'S026', NULL, NULL),
(5301, NULL, 83, 'S027', NULL, NULL),
(5302, NULL, 83, 'S028', NULL, NULL),
(5303, NULL, 83, 'S029', NULL, NULL),
(5304, NULL, 83, 'S030', NULL, NULL),
(5305, NULL, 83, 'S031', NULL, NULL),
(5306, NULL, 83, 'S032', NULL, NULL),
(5307, NULL, 83, 'S033', NULL, NULL),
(5308, NULL, 83, 'S034', NULL, NULL),
(5309, NULL, 83, 'S035', NULL, NULL),
(5310, NULL, 83, 'S036', NULL, NULL),
(5311, NULL, 83, 'S037', NULL, NULL),
(5312, NULL, 84, 'S041', NULL, NULL),
(5313, NULL, 84, 'S042', NULL, NULL),
(5314, NULL, 84, 'S043', NULL, NULL),
(5315, NULL, 84, 'S044', NULL, NULL),
(5316, NULL, 85, 'S045', NULL, NULL),
(5317, NULL, 85, 'S046', NULL, NULL),
(5318, NULL, 85, 'S047', NULL, NULL),
(5319, NULL, 85, 'S048', NULL, NULL),
(5320, NULL, 86, 'S049', NULL, NULL),
(5321, NULL, 86, 'S050', NULL, NULL),
(5322, NULL, 86, 'S051', NULL, NULL),
(5323, NULL, 86, 'S052', NULL, NULL),
(5324, NULL, 86, 'S053', NULL, NULL),
(5325, NULL, 86, 'S054', NULL, NULL),
(5326, NULL, 86, 'S055', NULL, NULL),
(5327, NULL, 86, 'S056', NULL, NULL),
(5328, NULL, 86, 'S057', NULL, NULL),
(5329, NULL, 86, 'S058', NULL, NULL),
(5330, NULL, 86, 'S059', NULL, NULL),
(5331, NULL, 86, 'S060', NULL, NULL),
(5332, NULL, 86, 'S061', NULL, NULL),
(5333, NULL, 86, 'S062', NULL, NULL),
(5334, NULL, 92, 'S063-01', NULL, NULL),
(5335, NULL, 92, 'S063-02', NULL, NULL),
(5336, NULL, 92, 'S063-03', NULL, NULL),
(5337, NULL, 92, 'S063-04', NULL, NULL),
(5338, NULL, 92, 'S063-05', NULL, NULL),
(5339, NULL, 92, 'S063-06', NULL, NULL),
(5340, NULL, 92, 'S063-07', NULL, NULL),
(5341, NULL, 92, 'S063-08', NULL, NULL),
(5342, NULL, 92, 'S063-09', NULL, NULL),
(5343, NULL, 92, 'S063-10', NULL, NULL),
(5344, NULL, 92, 'S063-11', NULL, NULL),
(5345, NULL, 92, 'S063-12', NULL, NULL),
(5346, NULL, 92, 'S063-13', NULL, NULL),
(5347, NULL, 92, 'S063-14', NULL, NULL),
(5348, NULL, 92, 'S063-15', NULL, NULL),
(5349, NULL, 92, 'S063-16', NULL, NULL),
(5350, NULL, 92, 'S063-17', NULL, NULL),
(5351, NULL, 92, 'S063-18', NULL, NULL),
(5352, NULL, 92, 'S063-19', NULL, NULL),
(5353, NULL, 92, 'S063-20', NULL, NULL),
(5354, NULL, 84, 'S064', NULL, NULL),
(5355, NULL, 84, 'S065', NULL, NULL),
(5356, NULL, 84, 'S066', NULL, NULL),
(5357, NULL, 84, 'S067', NULL, NULL),
(5358, NULL, 84, 'S068', NULL, NULL),
(5359, NULL, 84, 'S069', NULL, NULL),
(5360, NULL, 84, 'S070', NULL, NULL),
(5361, NULL, 84, 'S071', NULL, NULL),
(5362, NULL, 82, 'S072', NULL, NULL),
(5363, NULL, 93, 'SAVCYL01', NULL, NULL),
(5364, NULL, 93, 'SAVCYL02', NULL, NULL),
(5365, NULL, 93, 'SAVCYL03', NULL, NULL),
(5366, NULL, 93, 'SAVCYL04', NULL, NULL),
(5367, NULL, 93, 'SAVCYL05', NULL, NULL),
(5368, NULL, 93, 'SAVCYL06', NULL, NULL),
(5369, NULL, 93, 'SAVCYL07', NULL, NULL),
(5370, NULL, 93, 'SAVCYL08', NULL, NULL),
(5371, NULL, 93, 'SAVCYL09', NULL, NULL),
(5372, NULL, 93, 'SAVCYL10', NULL, NULL),
(5373, NULL, 93, 'SAVCYL11', NULL, NULL),
(5374, NULL, 93, 'SAVCYL12', NULL, NULL),
(5375, NULL, 93, 'SAVCYL13', NULL, NULL),
(5376, NULL, 93, 'SAVCYL14', NULL, NULL),
(5377, NULL, 93, 'SAVCYL15', NULL, NULL),
(5378, NULL, 93, 'SAVCYL16', NULL, NULL),
(5379, NULL, 93, 'SAVCYL17', NULL, NULL),
(5381, NULL, 87, 'J001', NULL, NULL),
(5382, NULL, 87, 'J002', NULL, NULL),
(5383, NULL, 87, 'J003', NULL, NULL),
(5384, NULL, 87, 'J004', NULL, NULL),
(5385, NULL, 87, 'J005', NULL, NULL),
(5386, NULL, 87, 'J006', NULL, NULL),
(5387, NULL, 87, 'J013', NULL, NULL),
(5388, NULL, 5, 'J014', NULL, NULL),
(5397, 6, NULL, 'F106', 'Déployé', 67),
(5399, NULL, 8, 'LS-01', 'Déployé', 19),
(5400, NULL, 2, 'F110', NULL, NULL),
(5401, NULL, 8, 'F111-A', NULL, NULL),
(5402, 4, NULL, 'F112-A', NULL, NULL),
(5408, NULL, 1, 'F120', NULL, NULL),
(5409, 2, NULL, 'F202', 'Déployé', 55),
(5410, 2, NULL, 'F203', 'Déployé', 53),
(5412, NULL, NULL, 'F205', NULL, NULL),
(5413, 2, NULL, 'F206', 'Déployé', 54),
(5414, 5, NULL, 'F207', 'Déployé', 51),
(5415, NULL, 2, 'F208-A', NULL, NULL),
(5416, NULL, 2, 'F209-212', 'Déployé', 68),
(5417, NULL, 8, 'LS-03', NULL, NULL),
(5418, NULL, 2, 'F211', 'Déployé', 21),
(5419, 1, NULL, 'F216-A', NULL, NULL),
(5421, 1, NULL, 'F220-222', 'Déployé', 42),
(5423, 1, NULL, 'F003', NULL, NULL),
(5426, NULL, 2, 'F225-A', NULL, NULL),
(5427, NULL, 8, 'LS-02', NULL, NULL),
(5428, NULL, 8, 'LS-12', NULL, NULL),
(5429, NULL, 8, 'LS-13', NULL, NULL),
(5430, NULL, 8, 'LS-14', NULL, NULL),
(5431, NULL, 8, 'LS-15', NULL, NULL),
(5436, NULL, 90, 'G002', NULL, NULL),
(5437, NULL, 90, 'G003', NULL, NULL),
(5438, NULL, 8, 'G004', 'Déployé', 80),
(5439, NULL, NULL, 'G005', NULL, NULL),
(5441, NULL, 8, 'LS-04', 'Déployé', 102),
(5444, NULL, 9, 'LS-05', NULL, NULL),
(5445, NULL, 8, 'G012', NULL, NULL),
(5446, NULL, 8, 'LS-06', NULL, NULL),
(5447, NULL, 8, 'LS-11', NULL, NULL),
(5448, NULL, NULL, 'G015', NULL, NULL),
(5449, NULL, NULL, 'G016', NULL, NULL),
(5450, NULL, NULL, 'G017', NULL, NULL),
(5452, NULL, NULL, 'G019', NULL, NULL),
(5453, NULL, NULL, 'G020', NULL, NULL),
(5454, 1, 5, 'G021', NULL, NULL),
(5457, NULL, 9, 'G025', 'Déployé', 36),
(5458, NULL, 8, 'LS-07', NULL, NULL),
(5459, 15, NULL, 'G030', 'Déployé', 74),
(5460, 17, NULL, 'G032-033', 'Déployé', 16),
(5462, 17, NULL, 'G034', 'Déployé', 22),
(5464, 9, NULL, 'G037', NULL, NULL),
(5465, 9, NULL, 'G210', NULL, NULL),
(5466, NULL, 8, 'LS-08', NULL, NULL),
(5467, 17, NULL, 'G039', 'Déployé', 18),
(5470, NULL, 90, 'G042', NULL, NULL),
(5472, 2, NULL, 'G044-045', NULL, NULL),
(5475, NULL, 8, 'LS-09', NULL, NULL),
(5476, NULL, 8, 'LS-10', NULL, NULL),
(5483, 9, NULL, 'G111-A', NULL, NULL),
(5487, 10, NULL, 'G202-203', 'Déployé', 85),
(5493, NULL, 2, 'M001-2-3', NULL, NULL),
(5494, NULL, 3, 'M006', 'Déployé', 204),
(5495, NULL, 3, 'M007', NULL, NULL),
(5497, NULL, NULL, 'CRO-01A', NULL, NULL),
(5498, NULL, NULL, 'CRO-01B', NULL, NULL),
(5499, NULL, NULL, 'CRO-02', NULL, NULL),
(5504, NULL, NULL, 'CRO-02', NULL, NULL),
(5512, NULL, 8, 'LS-08', NULL, NULL),
(5532, NULL, NULL, 'LTI001', NULL, NULL),
(5533, NULL, NULL, 'LTI002', NULL, NULL),
(5534, NULL, NULL, 'LTI003', NULL, NULL),
(5535, NULL, NULL, 'LTI004', NULL, NULL),
(5536, NULL, NULL, 'LTI005', NULL, NULL),
(5537, NULL, NULL, 'LTI006', NULL, NULL),
(5538, NULL, NULL, 'LTI007', NULL, NULL),
(5539, NULL, NULL, 'LTI008', NULL, NULL),
(5540, NULL, NULL, 'LTI009', NULL, NULL),
(5541, NULL, NULL, 'LTI010', NULL, NULL),
(5542, NULL, 10, 'DAF381', NULL, NULL),
(5543, NULL, 10, 'DAF382', NULL, NULL),
(5544, NULL, 10, 'DAF383', NULL, NULL),
(5545, NULL, 10, 'DAF384', NULL, NULL),
(5546, NULL, 10, 'DAF385', NULL, NULL),
(5547, NULL, 10, 'DAF386', NULL, NULL),
(5548, NULL, 10, 'DAF387', NULL, NULL),
(5549, NULL, 10, 'DAF388', NULL, NULL),
(5550, NULL, 10, 'DAF389', NULL, NULL),
(5551, NULL, 10, 'DAF390', NULL, NULL),
(5556, NULL, NULL, 'B033-001', NULL, NULL),
(5557, NULL, NULL, 'B033-02A', NULL, NULL),
(5558, NULL, NULL, 'B033-003', NULL, NULL),
(5559, NULL, NULL, 'B033-004', NULL, NULL),
(5560, NULL, NULL, 'B033-005', NULL, NULL),
(5561, NULL, NULL, 'B033-008', NULL, NULL),
(5562, NULL, NULL, 'B033-009', NULL, NULL),
(5563, NULL, NULL, 'B033-010', NULL, NULL),
(5564, NULL, NULL, 'B33-011A', NULL, NULL),
(5565, NULL, NULL, 'B033-012', NULL, NULL),
(5566, NULL, NULL, 'B033-013', NULL, NULL),
(5567, NULL, NULL, 'B033-014', NULL, NULL),
(5568, NULL, NULL, 'B033-015', NULL, NULL),
(5569, NULL, NULL, 'B033-016', NULL, NULL),
(5570, NULL, NULL, 'B033-017', NULL, NULL),
(5571, NULL, NULL, 'B33-019A', NULL, NULL),
(5572, NULL, NULL, 'B33-020A', NULL, NULL),
(5573, NULL, NULL, 'B33-021A', NULL, NULL),
(5574, NULL, NULL, 'B033-022', NULL, NULL),
(5575, NULL, NULL, 'B033-023', NULL, NULL),
(5576, NULL, NULL, 'B33-024A', NULL, NULL),
(5577, NULL, NULL, 'B033-025', NULL, NULL),
(5578, NULL, NULL, 'B033-026', NULL, NULL),
(5579, NULL, NULL, 'B033-027', NULL, NULL),
(5580, NULL, NULL, 'B033-028', NULL, NULL),
(5581, NULL, NULL, 'B033-029', NULL, NULL),
(5582, NULL, NULL, 'B033-030', NULL, NULL),
(5583, NULL, NULL, 'B33-101A', NULL, NULL),
(5584, NULL, NULL, 'B33-102A', NULL, NULL),
(5585, NULL, NULL, 'B33-103A', NULL, NULL),
(5586, NULL, NULL, 'B33-104A', NULL, NULL),
(5587, NULL, NULL, 'B33-105A', NULL, NULL),
(5588, NULL, NULL, 'B33-106A', NULL, NULL),
(5589, NULL, NULL, 'B33-107A', NULL, NULL),
(5590, NULL, NULL, 'B33-108A', NULL, NULL),
(5591, NULL, NULL, 'B33-109A', NULL, NULL),
(5592, NULL, NULL, 'B33-113A', NULL, NULL),
(5593, NULL, NULL, 'B33-114A', NULL, NULL),
(5594, NULL, NULL, 'B33-115A', NULL, NULL),
(5595, NULL, NULL, 'B33-116A', NULL, NULL),
(5597, NULL, NULL, 'B034-01', NULL, NULL),
(5598, NULL, NULL, 'B034-02', NULL, NULL),
(5599, NULL, NULL, 'B034-03', NULL, NULL),
(5600, NULL, NULL, 'B034-04', NULL, NULL),
(5602, NULL, NULL, 'B035-01', NULL, NULL),
(5603, NULL, NULL, 'B035-02', NULL, NULL),
(5605, NULL, NULL, 'CDB-01', NULL, NULL),
(5606, NULL, NULL, 'CDB-02', NULL, NULL),
(5607, NULL, NULL, 'CDB-03', NULL, NULL),
(5608, NULL, NULL, 'CDB-04', NULL, NULL),
(5609, NULL, NULL, 'CDB-06', NULL, NULL),
(5610, NULL, NULL, 'CDB-07', NULL, NULL),
(5612, NULL, NULL, 'B036-01', NULL, NULL),
(5613, NULL, NULL, 'B036-02', NULL, NULL),
(5614, NULL, NULL, 'B036-06', NULL, NULL),
(5615, NULL, NULL, 'B036-03', NULL, NULL),
(5616, NULL, NULL, 'B036-04', NULL, NULL),
(5617, NULL, NULL, 'B036-05', NULL, NULL),
(5632, NULL, 4, 'X104', NULL, NULL),
(5633, NULL, 4, 'X105', 'Déployé', 81),
(5634, NULL, 4, 'X107', 'Déployé', 88),
(5636, NULL, 7, 'MG1-1', 'Déployé', 165),
(5643, NULL, NULL, 'CDB-05', NULL, NULL),
(5645, NULL, NULL, 'DG201', NULL, NULL),
(5646, NULL, NULL, 'DG202', NULL, NULL),
(5647, NULL, NULL, 'DG203', NULL, NULL),
(5648, NULL, NULL, 'DG204', NULL, NULL),
(5649, NULL, NULL, 'DG205', NULL, NULL),
(5650, NULL, NULL, 'DG206', NULL, NULL),
(5651, NULL, NULL, 'DG207', NULL, NULL),
(5652, NULL, NULL, 'DG208', NULL, NULL),
(5653, NULL, NULL, 'DG209', NULL, NULL),
(5654, NULL, NULL, 'DG210', NULL, NULL),
(5655, NULL, NULL, 'DG211', NULL, NULL),
(5656, NULL, NULL, 'DG212', NULL, NULL),
(5657, NULL, NULL, 'DG213', NULL, NULL),
(5658, NULL, NULL, 'DG214', NULL, NULL),
(5659, NULL, NULL, 'DG215', NULL, NULL),
(5660, NULL, NULL, 'DG216', NULL, NULL),
(5661, NULL, NULL, 'DG217', NULL, NULL),
(5662, NULL, NULL, 'DG218', NULL, NULL),
(5663, NULL, NULL, 'DG219', NULL, NULL),
(5664, NULL, NULL, 'DG220', NULL, NULL),
(5665, NULL, NULL, 'DG221', NULL, NULL),
(5666, NULL, NULL, 'DG222', NULL, NULL),
(5667, NULL, NULL, 'DG223', NULL, NULL),
(5668, NULL, NULL, 'DG224', NULL, NULL),
(5669, NULL, NULL, 'DG225', NULL, NULL),
(5670, NULL, NULL, 'DG226', NULL, NULL),
(5671, NULL, NULL, 'DG227', NULL, NULL),
(5672, NULL, NULL, 'DG228', NULL, NULL),
(5673, NULL, NULL, 'DG229', NULL, NULL),
(5674, NULL, NULL, 'DG230', NULL, NULL),
(5675, NULL, NULL, 'DG231', NULL, NULL),
(5676, NULL, NULL, 'DG232', NULL, NULL),
(5677, NULL, NULL, 'DG233', NULL, NULL),
(5678, NULL, NULL, 'DG234', NULL, NULL),
(5679, NULL, NULL, 'DG235', NULL, NULL),
(5680, NULL, NULL, 'DG236', NULL, NULL),
(5681, NULL, NULL, 'DG237', NULL, NULL),
(5682, NULL, NULL, 'DG238', NULL, NULL),
(5683, NULL, NULL, 'DG239', NULL, NULL),
(5684, NULL, NULL, 'DG240', NULL, NULL),
(5685, NULL, NULL, 'DG241', NULL, NULL),
(5686, NULL, NULL, 'DG242', NULL, NULL),
(5687, NULL, NULL, 'DG243', NULL, NULL),
(5688, NULL, NULL, 'DG244', NULL, NULL),
(5689, NULL, NULL, 'DG245', NULL, NULL),
(5690, NULL, NULL, 'DG246', NULL, NULL),
(5691, NULL, NULL, 'DG247', NULL, NULL),
(5692, NULL, NULL, 'DG248', NULL, NULL),
(5693, NULL, NULL, 'DG249', NULL, NULL),
(5694, NULL, NULL, 'DG250', NULL, NULL),
(5695, NULL, NULL, 'DG251', NULL, NULL),
(5696, NULL, NULL, 'DG252', NULL, NULL),
(5697, NULL, NULL, 'DG253', NULL, NULL),
(5698, NULL, NULL, 'DG254', NULL, NULL),
(5699, NULL, NULL, 'DG255', NULL, NULL),
(5700, NULL, NULL, 'DG256', NULL, NULL),
(5701, NULL, NULL, 'DG257', NULL, NULL),
(5702, NULL, NULL, 'DG258', NULL, NULL),
(5703, NULL, NULL, 'DG259', NULL, NULL),
(5704, NULL, NULL, 'DG260', NULL, NULL),
(5705, NULL, NULL, 'DG261', NULL, NULL),
(5706, NULL, NULL, 'DG262', NULL, NULL),
(5707, NULL, NULL, 'DG263', NULL, NULL),
(5708, NULL, NULL, 'DG264', NULL, NULL),
(5709, NULL, NULL, 'DG265', NULL, NULL),
(5710, NULL, NULL, 'DG266', NULL, NULL),
(5711, NULL, NULL, 'DG267', NULL, NULL),
(5712, NULL, NULL, 'DG268', NULL, NULL),
(5713, NULL, NULL, 'DG269', NULL, NULL),
(5714, NULL, NULL, 'DG270', NULL, NULL),
(5715, NULL, NULL, 'DG271', NULL, NULL),
(5716, NULL, NULL, 'DG272', NULL, NULL),
(5717, NULL, NULL, 'DG273', NULL, NULL),
(5718, NULL, NULL, 'DG274', NULL, NULL),
(5719, NULL, NULL, 'DG275', NULL, NULL),
(5720, NULL, NULL, 'DG276', NULL, NULL),
(5721, NULL, NULL, 'DG277', NULL, NULL),
(5722, NULL, NULL, 'DG278', NULL, NULL),
(5723, NULL, NULL, 'DG279', NULL, NULL),
(5724, NULL, NULL, 'DG280', NULL, NULL),
(5725, NULL, NULL, 'DG281', NULL, NULL),
(5726, NULL, NULL, 'DG282', NULL, NULL),
(5727, NULL, NULL, 'DG283', NULL, NULL),
(5728, NULL, NULL, 'DG284', NULL, NULL),
(5729, NULL, NULL, 'DG285', NULL, NULL),
(5730, NULL, NULL, 'DG286', NULL, NULL),
(5731, NULL, NULL, 'DG287', NULL, NULL),
(5732, NULL, NULL, 'DG288', NULL, NULL),
(5733, NULL, NULL, 'DG289', NULL, NULL),
(5734, NULL, NULL, 'DG290', NULL, NULL),
(5735, NULL, NULL, 'DG291', NULL, NULL),
(5736, NULL, NULL, 'DG292', NULL, NULL),
(5737, NULL, NULL, 'DG293', NULL, NULL),
(5738, NULL, NULL, 'DG294', NULL, NULL),
(5739, NULL, NULL, 'DG295', NULL, NULL),
(5740, NULL, NULL, 'DG296', NULL, NULL),
(5741, NULL, NULL, 'DG297', NULL, NULL),
(5742, NULL, NULL, 'DG298', NULL, NULL),
(5743, NULL, NULL, 'DG299', NULL, NULL),
(5744, NULL, NULL, 'DG300', NULL, NULL),
(5745, NULL, NULL, 'DG301', NULL, NULL),
(5746, NULL, NULL, 'DG302', NULL, NULL),
(5747, NULL, NULL, 'DG303', NULL, NULL),
(5748, NULL, NULL, 'DG304', NULL, NULL),
(5749, NULL, NULL, 'DG305', NULL, NULL),
(5750, NULL, NULL, 'DG306', NULL, NULL),
(5751, NULL, NULL, 'DG307', NULL, NULL),
(5752, NULL, NULL, 'DG308', NULL, NULL),
(5753, NULL, NULL, 'DG309', NULL, NULL),
(5754, NULL, NULL, 'DG310', NULL, NULL),
(5755, NULL, NULL, 'DG311', NULL, NULL),
(5756, NULL, NULL, 'DG312', NULL, NULL),
(5757, NULL, NULL, 'DG313', NULL, NULL),
(5758, NULL, NULL, 'DG314', NULL, NULL),
(5759, NULL, NULL, 'DG315', NULL, NULL),
(5760, NULL, NULL, 'DG316', NULL, NULL),
(5761, NULL, NULL, 'DG317', NULL, NULL),
(5762, NULL, NULL, 'DG318', NULL, NULL),
(5763, NULL, NULL, 'DG319', NULL, NULL),
(5764, NULL, NULL, 'DG320', NULL, NULL),
(5768, NULL, 10, 'BLO2-01A', NULL, NULL),
(5769, NULL, 10, 'BLO2-02A', NULL, NULL),
(5770, NULL, 10, 'BLO2-03A', NULL, NULL),
(5771, NULL, 10, 'BLO2-05A', NULL, NULL),
(5772, NULL, 10, 'BLO2-07A', NULL, NULL),
(5773, NULL, 10, 'BLO2-08A', NULL, NULL),
(5774, NULL, 10, 'BLO2-09A', NULL, NULL),
(5775, NULL, 10, 'BLO2-10A', NULL, NULL),
(5776, NULL, 10, 'BLO2-12A', NULL, NULL),
(5777, NULL, 10, 'BLO2-13A', NULL, NULL),
(5778, 4, NULL, 'F111B', NULL, NULL),
(5783, NULL, 5, 'J014', NULL, NULL),
(5785, 13, NULL, 'G005A', NULL, NULL),
(5786, 13, NULL, 'G018A', NULL, NULL),
(5787, 13, NULL, 'G019-020', 'Déployé', 79),
(5790, NULL, 41, 'CRO-01C', NULL, NULL),
(5791, NULL, 41, 'CRO-01D', NULL, NULL),
(5792, NULL, 41, 'CRO-02A', NULL, NULL),
(5794, NULL, 3, 'B04-03', NULL, NULL),
(5798, 4, NULL, 'CG01', NULL, NULL),
(5799, 2, NULL, 'RH01', 'Déployé', 128),
(5801, NULL, NULL, 'B033-029', NULL, NULL),
(5829, 5, NULL, 'DAF222', 'Déployé', 130),
(5830, 5, NULL, 'DAF223', 'Déployé', 223),
(5883, 12, NULL, 'DG124', 'Déployé', 220),
(5889, 15, NULL, 'G036', 'Déployé', 75),
(5890, 17, NULL, 'G040', 'Déployé', 17),
(5891, 15, NULL, 'DOP114', 'Déployé', 23),
(5892, 15, NULL, 'DOP117', 'Déployé', 139),
(5893, 17, NULL, 'DOP191', 'Déployé', 20),
(5894, 17, NULL, 'DOP192', NULL, NULL),
(5895, 17, NULL, 'DOP193', 'Déployé', 135),
(5897, 21, NULL, 'A111', 'Déployé', 107),
(5898, 21, NULL, 'A112', 'Déployé', 108),
(5901, 21, NULL, 'A115', 'Déployé', 104),
(5902, 21, NULL, 'SUR001', 'Déployé', 142),
(5903, NULL, 81, 'SUR071', 'Déployé', 141),
(5904, NULL, 82, 'SUR081', 'Déployé', 143),
(5905, NULL, 84, 'SUR161', 'Déployé', 621),
(5906, 9, NULL, 'G103', 'Déployé', 376),
(5907, NULL, 1, 'G105', 'Déployé', 77),
(5908, NULL, 9, 'G111', NULL, NULL),
(5909, 2, NULL, 'F204', 'Déployé', 292),
(5911, NULL, 2, 'A012-009', 'Déployé', 114),
(5912, NULL, 1, 'G007', 'Déployé', 10),
(5913, 17, NULL, 'G024-035', 'Déployé', 15),
(5914, NULL, NULL, 'G107-110', NULL, NULL),
(5915, 12, NULL, 'G011-A', 'Déployé', 94),
(5916, 12, NULL, 'G013-A', 'Déployé', 95),
(5918, NULL, 4, 'X001', 'Déployé', 12),
(5921, NULL, 4, 'X010', 'Déployé', 38),
(5925, NULL, 6, 'BLO1-03', 'Déployé', 41),
(5926, 3, NULL, 'DAF144', 'Déployé', 131),
(5930, NULL, 3, 'DAF061', 'Déployé', 29),
(5931, NULL, 4, 'X101', 'Déployé', 123),
(5932, NULL, 6, 'BLO2-03', 'Déployé', 383),
(5934, NULL, 6, 'BLO2-04', 'Déployé', 616),
(5937, NULL, 3, 'G043', 'Déployé', 40),
(5943, NULL, 9, 'G041', 'Déployé', 218),
(5944, 5, NULL, 'F112', 'Déployé', 48),
(5945, NULL, NULL, 'G018', 'Déployé', 78),
(5949, NULL, 2, 'G046', 'Déployé', 103),
(5952, NULL, 4, 'X012', 'Déployé', 70),
(5953, NULL, 6, 'BLO1-05', 'Déployé', 231),
(5954, NULL, 6, 'BLO2-01', 'Déployé', 295),
(5955, NULL, 6, 'BLO3-01', 'Déployé', 232),
(5956, NULL, 3, 'E014', 'Déployé', 180),
(5958, NULL, 3, 'DAF062', 'Déployé', 226),
(5959, NULL, 6, 'BLO1-02', 'Déployé', 289),
(5962, 9, NULL, 'G104', 'Déployé', 121),
(5963, NULL, 6, 'BLO2-02', 'Déployé', 296),
(5964, NULL, 4, 'X007', 'Déployé', 110),
(5973, 12, NULL, 'G014-A', 'Déployé', 120),
(5978, NULL, 82, 'SUR089', 'Déployé', 630),
(5983, NULL, 7, 'DAF074', 'Déployé', 150),
(5985, NULL, 7, 'DAF075', 'Déployé', 151),
(6008, NULL, 6, 'BLO3-04', 'Déployé', 183),
(6026, NULL, 50, 'DOP042', 'Déployé', 197),
(6089, NULL, 6, 'BLO4-01', 'Déployé', 471),
(6094, NULL, 66, 'DOP244', 'Déployé', 491),
(6137, NULL, 68, 'DOP264', 'Déployé', 310),
(6144, NULL, 51, 'DOP051', 'Déployé', 330),
(6146, NULL, 7, 'DAF078', 'Déployé', 530),
(6155, NULL, 7, 'MG2-1', 'Déployé', 272),
(6162, NULL, 7, 'MG1-2', 'Déployé', 208),
(6175, NULL, 7, 'MG2-2', 'Déployé', 349),
(6198, NULL, 7, 'EXT2', 'Déployé', 535),
(6199, NULL, 7, 'EXT3', 'Déployé', 374),
(6201, NULL, 7, 'EXT5', 'Déployé', 536),
(6208, NULL, NULL, 'Orga P&B ', 'Déployé', 355),
(6209, NULL, 7, 'EXT1', 'Déployé', 207);

--
-- Index pour les tables exportées
--

--
-- Index pour la table `batiment`
--
ALTER TABLE `batiment`
  ADD PRIMARY KEY (`id`);

--
-- Index pour la table `batiment_service_palr`
--
ALTER TABLE `batiment_service_palr`
  ADD PRIMARY KEY (`batiment_id`,`service_palr_id`),
  ADD KEY `IDX_9368A443D6F6891B` (`batiment_id`),
  ADD KEY `IDX_9368A44379DC6F4F` (`service_palr_id`);

--
-- Index pour la table `equipement`
--
ALTER TABLE `equipement`
  ADD PRIMARY KEY (`id`),
  ADD KEY `IDX_B8B4C6F3D6F6891B` (`batiment_id`),
  ADD KEY `IDX_B8B4C6F3C68BE09C` (`localisation_id`),
  ADD KEY `IDX_B8B4C6F325297E35` (`outil_fermeture_id`);

--
-- Index pour la table `fos_user`
--
ALTER TABLE `fos_user`
  ADD PRIMARY KEY (`id`),
  ADD UNIQUE KEY `UNIQ_957A647992FC23A8` (`username_canonical`),
  ADD UNIQUE KEY `UNIQ_957A6479A0D96FBF` (`email_canonical`),
  ADD UNIQUE KEY `UNIQ_957A6479C05FB297` (`confirmation_token`);

--
-- Index pour la table `localisation`
--
ALTER TABLE `localisation`
  ADD PRIMARY KEY (`id`),
  ADD KEY `IDX_BFD3CE8FD6F6891B` (`batiment_id`);

--
-- Index pour la table `outil_fermeture`
--
ALTER TABLE `outil_fermeture`
  ADD PRIMARY KEY (`id`);

--
-- Index pour la table `pass_partiel1`
--
ALTER TABLE `pass_partiel1`
  ADD PRIMARY KEY (`id`);

--
-- Index pour la table `pass_partiel2`
--
ALTER TABLE `pass_partiel2`
  ADD PRIMARY KEY (`id`),
  ADD KEY `IDX_13A666C2EACDE21F` (`pass_partiel1_id`);

--
-- Index pour la table `pass_partiel3`
--
ALTER TABLE `pass_partiel3`
  ADD PRIMARY KEY (`id`),
  ADD KEY `IDX_64A15654F8784DF1` (`pass_partiel2_id`);

--
-- Index pour la table `percepteur`
--
ALTER TABLE `percepteur`
  ADD PRIMARY KEY (`id`),
  ADD KEY `IDX_B0F53415ED5CA9E6` (`service_id`);

--
-- Index pour la table `perception`
--
ALTER TABLE `perception`
  ADD PRIMARY KEY (`id`),
  ADD KEY `IDX_1DC36BE5EE9BA35B` (`variure_id`),
  ADD KEY `IDX_1DC36BE5EACDE21F` (`pass_partiel1_id`),
  ADD KEY `IDX_1DC36BE5F8784DF1` (`pass_partiel2_id`),
  ADD KEY `IDX_1DC36BE540C42A94` (`pass_partiel3_id`),
  ADD KEY `IDX_1DC36BE5A51517F` (`percepteur_id`);

--
-- Index pour la table `ServicePALR`
--
ALTER TABLE `ServicePALR`
  ADD PRIMARY KEY (`id`);

--
-- Index pour la table `variure`
--
ALTER TABLE `variure`
  ADD PRIMARY KEY (`id`),
  ADD KEY `IDX_66ABC9AEF8784DF1` (`pass_partiel2_id`),
  ADD KEY `IDX_66ABC9AE40C42A94` (`pass_partiel3_id`),
  ADD KEY `IDX_66ABC9AE25297E35` (`outil_fermeture_id`);

--
-- AUTO_INCREMENT pour les tables exportées
--

--
-- AUTO_INCREMENT pour la table `batiment`
--
ALTER TABLE `batiment`
  MODIFY `id` int(11) NOT NULL AUTO_INCREMENT, AUTO_INCREMENT=39;
--
-- AUTO_INCREMENT pour la table `equipement`
--
ALTER TABLE `equipement`
  MODIFY `id` int(11) NOT NULL AUTO_INCREMENT, AUTO_INCREMENT=668;
--
-- AUTO_INCREMENT pour la table `fos_user`
--
ALTER TABLE `fos_user`
  MODIFY `id` int(11) NOT NULL AUTO_INCREMENT, AUTO_INCREMENT=2;
--
-- AUTO_INCREMENT pour la table `localisation`
--
ALTER TABLE `localisation`
  MODIFY `id` int(11) NOT NULL AUTO_INCREMENT, AUTO_INCREMENT=666;
--
-- AUTO_INCREMENT pour la table `outil_fermeture`
--
ALTER TABLE `outil_fermeture`
  MODIFY `id` int(11) NOT NULL AUTO_INCREMENT, AUTO_INCREMENT=636;
--
-- AUTO_INCREMENT pour la table `pass_partiel1`
--
ALTER TABLE `pass_partiel1`
  MODIFY `id` int(11) NOT NULL AUTO_INCREMENT, AUTO_INCREMENT=5;
--
-- AUTO_INCREMENT pour la table `pass_partiel2`
--
ALTER TABLE `pass_partiel2`
  MODIFY `id` int(11) NOT NULL AUTO_INCREMENT, AUTO_INCREMENT=26;
--
-- AUTO_INCREMENT pour la table `pass_partiel3`
--
ALTER TABLE `pass_partiel3`
  MODIFY `id` int(11) NOT NULL AUTO_INCREMENT, AUTO_INCREMENT=124;
--
-- AUTO_INCREMENT pour la table `percepteur`
--
ALTER TABLE `percepteur`
  MODIFY `id` int(11) NOT NULL AUTO_INCREMENT, AUTO_INCREMENT=56;
--
-- AUTO_INCREMENT pour la table `perception`
--
ALTER TABLE `perception`
  MODIFY `id` int(11) NOT NULL AUTO_INCREMENT, AUTO_INCREMENT=7;
--
-- AUTO_INCREMENT pour la table `ServicePALR`
--
ALTER TABLE `ServicePALR`
  MODIFY `id` int(11) NOT NULL AUTO_INCREMENT, AUTO_INCREMENT=24;
--
-- AUTO_INCREMENT pour la table `variure`
--
ALTER TABLE `variure`
  MODIFY `id` int(11) NOT NULL AUTO_INCREMENT, AUTO_INCREMENT=6210;
--
-- Contraintes pour les tables exportées
--

--
-- Contraintes pour la table `batiment_service_palr`
--
ALTER TABLE `batiment_service_palr`
  ADD CONSTRAINT `FK_9368A44379DC6F4F` FOREIGN KEY (`service_palr_id`) REFERENCES `ServicePALR` (`id`) ON DELETE CASCADE,
  ADD CONSTRAINT `FK_9368A443D6F6891B` FOREIGN KEY (`batiment_id`) REFERENCES `batiment` (`id`) ON DELETE CASCADE;

--
-- Contraintes pour la table `equipement`
--
ALTER TABLE `equipement`
  ADD CONSTRAINT `FK_B8B4C6F325297E35` FOREIGN KEY (`outil_fermeture_id`) REFERENCES `outil_fermeture` (`id`),
  ADD CONSTRAINT `FK_B8B4C6F3C68BE09C` FOREIGN KEY (`localisation_id`) REFERENCES `localisation` (`id`),
  ADD CONSTRAINT `FK_B8B4C6F3D6F6891B` FOREIGN KEY (`batiment_id`) REFERENCES `batiment` (`id`);

--
-- Contraintes pour la table `localisation`
--
ALTER TABLE `localisation`
  ADD CONSTRAINT `FK_BFD3CE8FD6F6891B` FOREIGN KEY (`batiment_id`) REFERENCES `batiment` (`id`);

--
-- Contraintes pour la table `pass_partiel2`
--
ALTER TABLE `pass_partiel2`
  ADD CONSTRAINT `FK_13A666C2EACDE21F` FOREIGN KEY (`pass_partiel1_id`) REFERENCES `pass_partiel1` (`id`);

--
-- Contraintes pour la table `pass_partiel3`
--
ALTER TABLE `pass_partiel3`
  ADD CONSTRAINT `FK_64A15654F8784DF1` FOREIGN KEY (`pass_partiel2_id`) REFERENCES `pass_partiel2` (`id`);

--
-- Contraintes pour la table `percepteur`
--
ALTER TABLE `percepteur`
  ADD CONSTRAINT `FK_B0F53415ED5CA9E6` FOREIGN KEY (`service_id`) REFERENCES `ServicePALR` (`id`);

--
-- Contraintes pour la table `perception`
--
ALTER TABLE `perception`
  ADD CONSTRAINT `FK_1DC36BE540C42A94` FOREIGN KEY (`pass_partiel3_id`) REFERENCES `pass_partiel3` (`id`),
  ADD CONSTRAINT `FK_1DC36BE5A51517F` FOREIGN KEY (`percepteur_id`) REFERENCES `percepteur` (`id`),
  ADD CONSTRAINT `FK_1DC36BE5EACDE21F` FOREIGN KEY (`pass_partiel1_id`) REFERENCES `pass_partiel1` (`id`),
  ADD CONSTRAINT `FK_1DC36BE5EE9BA35B` FOREIGN KEY (`variure_id`) REFERENCES `variure` (`id`),
  ADD CONSTRAINT `FK_1DC36BE5F8784DF1` FOREIGN KEY (`pass_partiel2_id`) REFERENCES `pass_partiel2` (`id`);

--
-- Contraintes pour la table `variure`
--
ALTER TABLE `variure`
  ADD CONSTRAINT `FK_66ABC9AE25297E35` FOREIGN KEY (`outil_fermeture_id`) REFERENCES `outil_fermeture` (`id`),
  ADD CONSTRAINT `FK_66ABC9AE40C42A94` FOREIGN KEY (`pass_partiel3_id`) REFERENCES `pass_partiel3` (`id`),
  ADD CONSTRAINT `FK_66ABC9AEF8784DF1` FOREIGN KEY (`pass_partiel2_id`) REFERENCES `pass_partiel2` (`id`);

/*!40101 SET CHARACTER_SET_CLIENT=@OLD_CHARACTER_SET_CLIENT */;
/*!40101 SET CHARACTER_SET_RESULTS=@OLD_CHARACTER_SET_RESULTS */;
/*!40101 SET COLLATION_CONNECTION=@OLD_COLLATION_CONNECTION */;
